formKey,editorId,name,school,type,castType,targetType,baseCost,computedAutoCost,costDrift,manualCostCalc,chargeTime,effectCount,effect0Magnitude,effect0Area,effect0Duration,winner,chainLength,winnerNeedsBees
0954D7:Skyrim.esm,PerkAtronach,Atronach,Elementalism,Ability,ConstantEffect,Self,0,0,0,false,0.2,1,10,0,0,Skyrim.esm,1,false
029A2A:Enderal - Forgotten Stories.esm,_FS_NQR05_BossfightFireCloakSP,Fire Cloak (Rank II),Elementalism,Ability,ConstantEffect,Self,172299,172299,0,false,0.5,1,20,0,10000,Enderal - Forgotten Stories.esm,1,false
02ACD5:Skyrim.esm,HazardFireDragonSpell,,Elementalism,Spell,FireAndForget,Touch,16,16,0,false,0.5,1,3,0,0,Skyrim.esm,1,false
0A7F8D:Skyrim.esm,_00E_MQ04_LishariRitualSpell,,Elementalism,Spell,FireAndForget,TargetActor,0,0,0,false,0,1,1,15,0,Skyrim.esm,1,false
0A94D7:Skyrim.esm,_00E_MQ07b_CaliaSpell,,Elementalism,Spell,FireAndForget,Aimed,0,1,,true,0,1,0,0,0,Skyrim.esm,1,false
0EAECA:Skyrim.esm,_00E_MQ11a_BlackStoneSP,,Elementalism,Spell,Concentration,Aimed,1,1,0,false,3,1,0,0,0,Skyrim.esm,1,false
0EAECD:Skyrim.esm,_00E_MQ11a_DalGalarRitualSpell,,Elementalism,Spell,FireAndForget,Aimed,0,0,0,false,6,1,0,15,0,Skyrim.esm,1,false
148974:Skyrim.esm,_00E_MQ16_RessurectSP,,Elementalism,Spell,FireAndForget,Aimed,150,150,0,false,0.5,1,0,0,0,Skyrim.esm,1,false
045F9D:Skyrim.esm,_05E_Kettenblitzunused,>Chain Lightning (Rank I),Elementalism,Spell,FireAndForget,Aimed,999,80,,true,1,3,22,20,0,Enderal SE - Gameplay Overhaul.esp,3,false
12E15A:Skyrim.esm,_24E_Kettenblitzunused,>Chain Lightning (Rank III),Elementalism,Spell,FireAndForget,Aimed,999,156,,true,1,3,40,20,0,Enderal SE - Gameplay Overhaul.esp,3,false
12E15D:Skyrim.esm,_44E_Kettenblitzunused,>Chain Lightning (Rank V),Elementalism,Spell,FireAndForget,Aimed,999,243,,true,1,3,60,20,0,Enderal SE - Gameplay Overhaul.esp,3,false
03AE9F:Skyrim.esm,_50E_SpellFireCloak,>Fire Cloak (Rank II),Elementalism,Spell,FireAndForget,Self,999,1147,,true,0.5,2,35,0,60,Enderal SE - Gameplay Overhaul.esp,2,false
085609:Skyrim.esm,_05E_Feuerballunused,>Fireball (Rank I),Elementalism,Spell,FireAndForget,Aimed,999,62,,true,0.6,3,20,12,0,Enderal SE - Gameplay Overhaul.esp,2,false
12E156:Skyrim.esm,_24E_Feuerballunused,>Fireball (Rank III),Elementalism,Spell,FireAndForget,Aimed,999,133,,true,0.6,3,40,12,0,Enderal SE - Gameplay Overhaul.esp,2,false
12E158:Skyrim.esm,_44E_Feuerballunused,>Fireball (Rank V),Elementalism,Spell,FireAndForget,Aimed,999,200,,true,0.5,3,58,15,0,Enderal SE - Gameplay Overhaul.esp,2,false
067298:Skyrim.esm,_09E_FlameBiteunused,>Flame Bite (Rank II),Elementalism,Spell,Concentration,Aimed,999,14,,true,0.3,2,9,0,1,Enderal SE - Gameplay Overhaul.esp,2,false
12E128:Skyrim.esm,_24E_FlameBiteunused,>Flame Bite (Rank IV),Elementalism,Spell,Concentration,Aimed,999,40,,true,0.3,2,23,0,1,Enderal SE - Gameplay Overhaul.esp,2,false
12E12F:Skyrim.esm,_42E_FlameBiteunused,>Flame Bite (Rank VI),Elementalism,Spell,Concentration,Aimed,999,66,,true,0.3,2,36,0,1,Enderal SE - Gameplay Overhaul.esp,2,false
08560A:Skyrim.esm,_05E_Frostwindunused,>Frostwind (Rank I),Elementalism,Spell,FireAndForget,Aimed,999,52,,true,0.5,4,16,15,0,Enderal SE - Gameplay Overhaul.esp,2,false
12E15C:Skyrim.esm,_24E_Frostwindunused,>Frostwind (Rank III),Elementalism,Spell,FireAndForget,Aimed,999,117,,true,0.5,4,33,15,0,Enderal SE - Gameplay Overhaul.esp,2,false
12E160:Skyrim.esm,_44E_Frostwindunused,>Frostwind (Rank V),Elementalism,Spell,FireAndForget,Aimed,999,197,,true,0.5,4,53,15,0,Enderal SE - Gameplay Overhaul.esp,2,false
08564C:Skyrim.esm,_09E_Erdungunused,>Grounding (Rank II),Elementalism,Spell,Concentration,Aimed,999,19,,true,0.3,3,10.9,0,1,Enderal SE - Gameplay Overhaul.esp,2,false
12E12A:Skyrim.esm,_24E_Erdungunused,>Grounding (Rank IV),Elementalism,Spell,Concentration,Aimed,999,46,,true,0.3,3,25,0,1,Enderal SE - Gameplay Overhaul.esp,2,false
12E12E:Skyrim.esm,_42E_Erdungunused,>Grounding (Rank VI),Elementalism,Spell,Concentration,Aimed,999,77,,true,0.3,3,40,0,1,Enderal SE - Gameplay Overhaul.esp,2,false
08564D:Skyrim.esm,_09E_Frostbiteunused,>Ice Breath (Rank II),Elementalism,Spell,Concentration,Aimed,999,14,,true,0.3,3,9,0,1,Enderal SE - Gameplay Overhaul.esp,2,false
12E129:Skyrim.esm,_24E_Frostbiteunused,>Ice Breath (Rank IV),Elementalism,Spell,Concentration,Aimed,999,34,,true,0.3,3,19.5,0,1,Enderal SE - Gameplay Overhaul.esp,2,false
12E130:Skyrim.esm,_42E_Frostbiteunused,>Ice Breath (Rank VI),Elementalism,Spell,Concentration,Aimed,999,62,,true,0.3,3,34,0,1,Enderal SE - Gameplay Overhaul.esp,2,false
119BD5:Skyrim.esm,_14E_SpellLightningCowl,>Lightning Cowl (Rang II),Elementalism,Spell,FireAndForget,Self,999,361,,true,0.5,2,13,0,60,Enderal SE - Gameplay Overhaul.esp,2,false
03AEA2:Skyrim.esm,_50E_SpellWinterSkin,>Winter Skin (Rank II),Elementalism,Spell,FireAndForget,Self,999,1254,,true,0.5,2,35,0,60,Enderal SE - Gameplay Overhaul.esp,2,false
013649:KataPUMBSpellPack.esp,Kata_Aux_crAreaDamageAbyss,Abysal Horror damage,Elementalism,Spell,FireAndForget,Touch,0,40,,true,0,1,20,25,0,KataPUMBSpellPack.esp,1,false
09CD4D:Skyrim.esm,PerkBashDisarm,Bash Disarm,Elementalism,Spell,FireAndForget,Touch,313,313,0,false,0,1,99,0,0,Enderal SE - Gameplay Overhaul.esp,2,false
149762:Skyrim.esm,_00E_MQ17_SC07_ControlBeam,Beam,Elementalism,Spell,Concentration,Aimed,16,16,0,false,0,1,5,0,1,Skyrim.esm,1,false
097C30:Skyrim.esm,_00E_MQ05_DunwarCastingSpell,Blazing Bolt,Elementalism,Spell,FireAndForget,Aimed,1,1396,,true,2,1,500,0,0,Skyrim.esm,1,false
00DB62:Enderal - Forgotten Stories.esm,_01E_SpellBlazingSpark_NPC,Blazing Spark (Rank I),Elementalism,Spell,FireAndForget,Aimed,16,29,,true,0.8,1,15,0,0,Enderal - Forgotten Stories.esm,1,false
01DA27:Skyrim.esm,_01E_Blitz,Blazing Spark (Rank I),Elementalism,Spell,FireAndForget,Aimed,19,29,,true,0.7,3,15,0,0,Enderal SE - Gameplay Overhaul.esp,2,false
047FF2:Skyrim.esm,_10E_SpellBlazingSpark_NPCLeftHand,Blazing Spark (Rank II),Elementalism,Spell,FireAndForget,Aimed,25,56,,true,0.8,1,27,0,0,Skyrim.esm,1,false
047FF4:Skyrim.esm,_10E_SpellBlazingSpark_NPCRightHand,Blazing Spark (Rank II),Elementalism,Spell,FireAndForget,Aimed,25,56,,true,0.8,1,27,0,0,Skyrim.esm,1,false
048024:Skyrim.esm,_10E_SpellBlazingSpark_NPC,Blazing Spark (Rank II),Elementalism,Spell,FireAndForget,Aimed,25,56,,true,0.8,1,27,0,0,Skyrim.esm,1,false
08564E:Skyrim.esm,_10E_Blitz,Blazing Spark (Rank II),Elementalism,Spell,FireAndForget,Aimed,31,52,,true,0.7,3,25.2,0,0,Enderal SE - Gameplay Overhaul.esp,2,false
00DB63:Enderal - Forgotten Stories.esm,_18E_SpellBlazingSpark_NPC,Blazing Spark (Rank III),Elementalism,Spell,FireAndForget,Aimed,46,79,,true,0.8,1,37,0,0,Enderal - Forgotten Stories.esm,1,false
12E145:Skyrim.esm,_18E_Blitz,Blazing Spark (Rank III),Elementalism,Spell,FireAndForget,Aimed,43,77,,true,0.7,3,36,0,0,Enderal SE - Gameplay Overhaul.esp,2,false
00DB66:Enderal - Forgotten Stories.esm,_28E_SpellBlazingSpark_NPC,Blazing Spark (Rank IV),Elementalism,Spell,FireAndForget,Aimed,58,103,,true,0.8,1,47,0,0,Enderal - Forgotten Stories.esm,1,false
12E146:Skyrim.esm,_28E_Blitz,Blazing Spark (Rank IV),Elementalism,Spell,FireAndForget,Aimed,56,269,,true,0.7,3,48.15,0,0,Enderal SE - Gameplay Overhaul.esp,2,false
00DB68:Enderal - Forgotten Stories.esm,_38E_SpellBlazingSpark_NPC,Blazing Spark (Rank V),Elementalism,Spell,FireAndForget,Aimed,68,128,,true,0.8,1,57,0,0,Enderal - Forgotten Stories.esm,1,false
12E147:Skyrim.esm,_38E_Blitz,Blazing Spark (Rank V),Elementalism,Spell,FireAndForget,Aimed,70,355,,true,0.7,3,61.9,0,0,Enderal SE - Gameplay Overhaul.esp,2,false
00DB6A:Enderal - Forgotten Stories.esm,_48E_SpellBlazingSpark_NPC,Blazing Spark (Rank VI),Elementalism,Spell,FireAndForget,Aimed,80,153,,true,0.8,1,67,0,0,Enderal - Forgotten Stories.esm,1,false
12E148:Skyrim.esm,_48E_Blitz,Blazing Spark (Rank VI),Elementalism,Spell,FireAndForget,Aimed,85,461,,true,0.7,3,78.5,0,0,Enderal SE - Gameplay Overhaul.esp,2,false
047FEC:Skyrim.esm,_08E_SpellBlazingSpark_NPCLeftHand,Blazing spark,Elementalism,Spell,FireAndForget,Aimed,70,51,,true,1,1,25,0,0,Skyrim.esm,1,false
047FEE:Skyrim.esm,_16E_SpellBlazingSpark_NPCLeftHand,Blazing spark,Elementalism,Spell,FireAndForget,Aimed,74,74,0,false,0.5,1,35,0,0,Skyrim.esm,1,false
048016:Skyrim.esm,_04E_SpellBlazingSpark_NPC,Blazing spark,Elementalism,Spell,FireAndForget,Aimed,74,40,,true,1,1,20,0,0,Skyrim.esm,1,false
097C2E:Skyrim.esm,_00E_MQ05_DunwarLighting,Blazing spark,Elementalism,Spell,FireAndForget,Aimed,25,110,,true,0.8,1,500,0,1,Skyrim.esm,1,false
07E8E4:Skyrim.esm,_60E_FS_Mystical_Blizzard,Blizzard (Mystical),Elementalism,Spell,FireAndForget,Self,205,5786,,true,3,3,30,40,30,Enderal SE - Gameplay Overhaul.esp,2,false
00481A:KataPUMBSpellPack.esp,Kata_S_Elementalism_50_Bombardment_1,Bombardment (Rank I),Elementalism,Spell,Concentration,Aimed,21,48,,true,0.6,1,18,15,0,KataPUMBSpellPack.esp,1,false
00481B:KataPUMBSpellPack.esp,Kata_S_Elementalism_75_Bombardment_2,Bombardment (Rank II),Elementalism,Spell,Concentration,Aimed,35,87,,true,0.6,1,31,15,0,KataPUMBSpellPack.esp,1,false
00481D:KataPUMBSpellPack.esp,Kata_S_Elementalism_99_Bombardment_3,Bombardment (Rank III),Elementalism,Spell,Concentration,Aimed,48,131,,true,0.6,1,45,15,0,KataPUMBSpellPack.esp,1,false
01EC36:Enderal - Forgotten Stories.esm,_60E_FS_Mystical_Canonade,Cannonade (Mystical),Elementalism,Spell,Concentration,Aimed,125,505,,true,1.75,2,97,12,1,Enderal SE - Gameplay Overhaul.esp,2,false
000845:Enderal SE - Gameplay Overhaul.esp,NPCChainLightning,Chain Lightning,Elementalism,Spell,FireAndForget,Aimed,40,105,,true,0.5,2,28,20,0,Enderal SE - Gameplay Overhaul.esp,1,false
001DD8:Enderal SE - Gameplay Overhaul.esp,crAtronachStormPCChainLightning3,Chain Lightning,Elementalism,Spell,FireAndForget,Aimed,0,126,,true,0.3,1,33,20,0,Enderal SE - Gameplay Overhaul.esp,1,false
001E18:Enderal SE - Gameplay Overhaul.esp,NPCChainLightning2,Chain Lightning,Elementalism,Spell,FireAndForget,Aimed,65,217,,true,0.5,3,54,20,0,Enderal SE - Gameplay Overhaul.esp,1,false
001ECA:Enderal SE - Gameplay Overhaul.esp,crAtronachStormPCChainLightning1,Chain Lightning,Elementalism,Spell,FireAndForget,Aimed,0,89,,true,0.3,1,24,20,0,Enderal SE - Gameplay Overhaul.esp,1,false
001ECC:Enderal SE - Gameplay Overhaul.esp,NPCChainLightning15,Chain Lightning,Elementalism,Spell,FireAndForget,Aimed,40,101,,true,0.6,2,27,25,0,Enderal SE - Gameplay Overhaul.esp,1,false
001F1C:Enderal SE - Gameplay Overhaul.esp,crAtronachStormPCChainLightning4,Chain Lightning,Elementalism,Spell,FireAndForget,Aimed,0,134,,true,0.3,1,35,20,0,Enderal SE - Gameplay Overhaul.esp,1,false
07E56C:Skyrim.esm,TrapChainLightning01,Chain Lightning,Elementalism,Spell,FireAndForget,Aimed,65,125,60,false,0,1,45,25,0,Enderal SE - Gameplay Overhaul.esp,2,false
07E576:Skyrim.esm,TrapChainLightning02,Chain Lightning,Elementalism,Spell,FireAndForget,Aimed,94,125,31,false,0.5,1,45,25,0,Enderal SE - Gameplay Overhaul.esp,2,false
07E577:Skyrim.esm,TrapChainLightning03,Chain Lightning,Elementalism,Spell,FireAndForget,Aimed,109,140,31,false,0.5,1,50,25,0,Enderal SE - Gameplay Overhaul.esp,2,false
07E578:Skyrim.esm,TrapChainLightning04,Chain Lightning,Elementalism,Spell,FireAndForget,Aimed,125,140,15,false,0.5,1,50,25,0,Enderal SE - Gameplay Overhaul.esp,2,false
07E579:Skyrim.esm,TrapChainLightning05,Chain Lightning,Elementalism,Spell,FireAndForget,Aimed,140,156,16,false,0.5,1,55,25,0,Enderal SE - Gameplay Overhaul.esp,2,false
07E57A:Skyrim.esm,TrapChainLightning06,Chain Lightning,Elementalism,Spell,FireAndForget,Aimed,156,156,0,false,0.5,1,55,25,0,Skyrim.esm,1,false
0BB96B:Skyrim.esm,NPCChainLightningRightHand,Chain Lightning,Elementalism,Spell,FireAndForget,Aimed,50,124,,true,0.5,2,32.5,20,0,Enderal SE - Gameplay Overhaul.esp,2,false
10EE3A:Skyrim.esm,crAtronachStormPCChainLightning2,Chain Lightning,Elementalism,Spell,FireAndForget,Aimed,0,117,,true,0.3,1,31,20,0,Enderal SE - Gameplay Overhaul.esp,2,false
00DB78:Enderal - Forgotten Stories.esm,_05E_SpellChainLightning_NPC,Chain Lightning (Rank I),Elementalism,Spell,FireAndForget,Aimed,22,53,,true,1,1,15,12,0,Enderal - Forgotten Stories.esm,1,false
085650:Skyrim.esm,_14E_Kettenblitz,Chain Lightning (Rank I),Elementalism,Spell,FireAndForget,Aimed,58,142,,true,1,3,36.75,20,0,Enderal SE - Gameplay Overhaul.esp,3,false
048025:Skyrim.esm,_14E_SpellChainLightning_NPC,Chain Lightning (Rank II),Elementalism,Spell,FireAndForget,Aimed,40,93,,true,1,1,25,13,0,Skyrim.esm,1,false
12E15B:Skyrim.esm,_34E_Kettenblitz,Chain Lightning (Rank II),Elementalism,Spell,FireAndForget,Aimed,81,219,,true,1,3,54.5,20,0,Enderal SE - Gameplay Overhaul.esp,3,false
00DB7A:Enderal - Forgotten Stories.esm,_24E_SpellChainLightning_NPC,Chain Lightning (Rank III),Elementalism,Spell,FireAndForget,Aimed,50,134,,true,1,1,35,13,0,Enderal - Forgotten Stories.esm,1,false
12E15E:Skyrim.esm,_54E_Kettenblitz,Chain Lightning (Rank III),Elementalism,Spell,FireAndForget,Aimed,107,312,,true,1,3,75.25,20,0,Enderal SE - Gameplay Overhaul.esp,3,false
047FF7:Skyrim.esm,_34E_SpellChainLightning_NPCLeftHand,Chain Lightning (Rank IV),Elementalism,Spell,FireAndForget,Aimed,60,177,,true,1,1,45,13,0,Skyrim.esm,1,false
04802A:Skyrim.esm,_34E_SpellChainLightning_NPC,Chain Lightning (Rank IV),Elementalism,Spell,FireAndForget,Aimed,60,177,,true,1,1,45,13,0,Skyrim.esm,1,false
04802D:Skyrim.esm,_34E_SpellChainLightning_NPCRightHand,Chain Lightning (Rank IV),Elementalism,Spell,FireAndForget,Aimed,60,177,,true,1,1,45,13,0,Skyrim.esm,1,false
00DB7C:Enderal - Forgotten Stories.esm,_44E_SpellChainLightning_NPC,Chain Lightning (Rank V),Elementalism,Spell,FireAndForget,Aimed,70,226,,true,1,1,56,13,0,Enderal - Forgotten Stories.esm,1,false
00DB7E:Enderal - Forgotten Stories.esm,_54E_SpellChainLightning_NPC,Chain Lightning (Rank VI),Elementalism,Spell,FireAndForget,Aimed,80,266,,true,0.7,1,65,13,0,Enderal - Forgotten Stories.esm,1,false
0EA904:Skyrim.esm,_00E_MQ11a_SC19_BlackStoneChannelBeam,Channel Beam,Elementalism,Spell,Concentration,Aimed,0,0,0,false,3,1,75,0,1,Skyrim.esm,1,false
0EEE75:Skyrim.esm,_00E_A2_ChaosruneExplosionSP,Chaossphäre - Explosion,Elementalism,Spell,FireAndForget,Aimed,0,4,,true,0,3,0,0,0,Skyrim.esm,1,false
0142D2:KataPUMBSpellPack.esp,Kata_S_Elementalism_00_ChillingTouch_1,Chilling Touch (Rank I),Elementalism,Spell,FireAndForget,Aimed,13,15,,true,0.3,4,10.34,0,0,EGO - KataPUMB Spell Package.esp,2,false
0142D3:KataPUMBSpellPack.esp,Kata_S_Elementalism_25_ChillingTouch_2,Chilling Touch (Rank II),Elementalism,Spell,FireAndForget,Aimed,19,24,,true,0.3,4,15.65,0,0,EGO - KataPUMB Spell Package.esp,2,false
0142D8:KataPUMBSpellPack.esp,Kata_S_Elementalism_50_ChillingTouch_3,Chilling Touch (Rank III),Elementalism,Spell,FireAndForget,Aimed,26,36,,true,0.3,4,22.04,0,0,EGO - KataPUMB Spell Package.esp,2,false
0142D9:KataPUMBSpellPack.esp,Kata_S_Elementalism_75_ChillingTouch_4,Chilling Touch (Rank IV),Elementalism,Spell,FireAndForget,Aimed,37,57,,true,0.3,4,33.84,0,0,EGO - KataPUMB Spell Package.esp,2,false
0142DA:KataPUMBSpellPack.esp,Kata_S_Elementalism_99_ChillingTouch_5,Chilling Touch (Rank V),Elementalism,Spell,FireAndForget,Aimed,50,84,,true,0.3,4,48.08,0,0,EGO - KataPUMB Spell Package.esp,2,false
000835:BowRapidCombo.esp,Spell_ComboS,Combo_S,Elementalism,Spell,FireAndForget,Self,0,0,,true,0,1,0,0,0,BowRapidCombo.esp,1,false
000893:BowRapidCombo.esp,Spell_ComboSprint,Combo_Sprint,Elementalism,Spell,FireAndForget,Self,0,0,,true,0,1,0,0,0,BowRapidCombo.esp,1,false
000834:BowRapidCombo.esp,Spell_ComboW,Combo_W,Elementalism,Spell,FireAndForget,Self,0,0,,true,0,1,0,0,0,BowRapidCombo.esp,1,false
000889:BowRapidCombo.esp,Spell_ComboW2,Combo_W2,Elementalism,Spell,FireAndForget,Self,0,0,,true,0,1,0,0,0,BowRapidCombo.esp,1,false
00F7DB:KataPUMBSpellPack.esp,Kata_S_Elementalism_00_Electrocution_1,Electrocution (Rank I),Elementalism,Spell,Concentration,Aimed,14,13,,true,0.3,3,7.1,20,0,KataPUMBSpellPack.esp,1,false
00F7DC:KataPUMBSpellPack.esp,Kata_S_Elementalism_25_Electrocution_2,Electrocution (Rank II),Elementalism,Spell,Concentration,Aimed,16,20,,true,0.3,3,11.1,20,0,KataPUMBSpellPack.esp,1,false
00F7DE:KataPUMBSpellPack.esp,Kata_S_Elementalism_50_Electrocution_3,Electrocution (Rank III),Elementalism,Spell,Concentration,Aimed,33,46,,true,0.3,3,25,20,0,KataPUMBSpellPack.esp,1,false
00F7DF:KataPUMBSpellPack.esp,Kata_S_Elementalism_75_Electrocution_4,Electrocution (Rank IV),Elementalism,Spell,Concentration,Aimed,46,64,,true,0.3,3,34,20,0,KataPUMBSpellPack.esp,1,false
00F7E1:KataPUMBSpellPack.esp,Kata_S_Elementalism_99_Electrocution_5,Electrocution (Rank V),Elementalism,Spell,Concentration,Aimed,53,93,,true,0.3,3,48,20,0,KataPUMBSpellPack.esp,1,false
00482A:KataPUMBSpellPack.esp,Kata_S_Elementalism_00_Electrosphere_1,Electrosphere (Rank I),Elementalism,Spell,FireAndForget,Aimed,21,28,,true,0.5,1,18,15,0,KataPUMBSpellPack.esp,1,false
00482B:KataPUMBSpellPack.esp,Kata_S_Elementalism_25_Electrosphere_2,Electrosphere (Rank II),Elementalism,Spell,FireAndForget,Aimed,35,52,,true,0.5,1,31,15,0,KataPUMBSpellPack.esp,1,false
00482D:KataPUMBSpellPack.esp,Kata_S_Elementalism_50_Electrosphere_3,Electrosphere (Rank III),Elementalism,Spell,FireAndForget,Aimed,33,69,,true,0.5,1,40,15,0,KataPUMBSpellPack.esp,1,false
00482F:KataPUMBSpellPack.esp,Kata_S_Elementalism_75_Electrosphere_4,Electrosphere (Rank IV),Elementalism,Spell,FireAndForget,Aimed,55,86,,true,0.5,1,49,15,0,KataPUMBSpellPack.esp,1,false
004831:KataPUMBSpellPack.esp,Kata_S_Elementalism_99_Electrosphere_5,Electrosphere (Rank V),Elementalism,Spell,FireAndForget,Aimed,66,104,,true,0.5,1,58,15,0,KataPUMBSpellPack.esp,1,false
004833:KataPUMBSpellPack.esp,Kata_S_Elementalism_99_Electrosphere_6,Electrosphere (Rank VI),Elementalism,Spell,FireAndForget,Aimed,78,124,,true,0.5,1,68,15,0,KataPUMBSpellPack.esp,1,false
004835:KataPUMBSpellPack.esp,Kata_S_Elementalism_50_ElectroStorm_1,Electrosphere Storm (Rank I),Elementalism,Spell,Concentration,Aimed,21,28,,true,0.6,1,18,15,0,KataPUMBSpellPack.esp,1,false
004837:KataPUMBSpellPack.esp,Kata_S_Elementalism_75_ElectroStorm_2,Electrosphere Storm (Rank II),Elementalism,Spell,Concentration,Aimed,35,52,,true,0.6,1,31,15,0,KataPUMBSpellPack.esp,1,false
004839:KataPUMBSpellPack.esp,Kata_S_Elementalism_99_ElectroStorm_3,Electrosphere Storm (Rank III),Elementalism,Spell,Concentration,Aimed,45,79,,true,0.6,1,45,15,0,KataPUMBSpellPack.esp,1,false
001F15:Enderal SE - Gameplay Overhaul.esp,crElementalWolfMeleeAttack,Elemental Wolf Attack,Elementalism,Spell,FireAndForget,Touch,0,13,,true,0,1,9,0,0,Enderal SE - Gameplay Overhaul.esp,1,false
0008C7:FEC.esp,FEC_FireCorpseSpell,FEC - Burning Corpse Fire Damage,Elementalism,Spell,FireAndForget,Self,2,2,0,false,0.5,2,3,3,3,FEC.esp,1,false
0008E9:FEC.esp,FEC_ShockCorpseSpell,FEC - Corpse Shock Damage,Elementalism,Spell,FireAndForget,Self,1,1,0,false,0.5,3,3,0,3,FEC.esp,1,false
0142CC:KataPUMBSpellPack.esp,Kata_S_Elementalism_00_FieryTouch_1,Fiery Touch (Rank I),Elementalism,Spell,FireAndForget,Aimed,14,19,,true,0.4,3,12.5,0,0,EGO - KataPUMB Spell Package.esp,2,false
0142CD:KataPUMBSpellPack.esp,Kata_S_Elementalism_25_FieryTouch_2,Fiery Touch (Rank II),Elementalism,Spell,FireAndForget,Aimed,22,31,,true,0.4,3,19.74,0,0,EGO - KataPUMB Spell Package.esp,2,false
0142CE:KataPUMBSpellPack.esp,Kata_S_Elementalism_50_FieryTouch_3,Fiery Touch (Rank III),Elementalism,Spell,FireAndForget,Aimed,31,46,,true,0.4,3,28,0,0,EGO - KataPUMB Spell Package.esp,2,false
0142CF:KataPUMBSpellPack.esp,Kata_S_Elementalism_75_FieryTouch_4,Fiery Touch (Rank IV),Elementalism,Spell,FireAndForget,Aimed,43,72,,true,0.4,3,41.83,0,0,EGO - KataPUMB Spell Package.esp,2,false
0142D1:KataPUMBSpellPack.esp,Kata_S_Elementalism_99_FieryTouch_5,Fiery Touch (Rank V),Elementalism,Spell,FireAndForget,Aimed,58,289,,true,0.4,3,58.47,0,0,EGO - KataPUMB Spell Package.esp,2,false
0153BD:Skyrim.esm,HazardFireSpell,Fire,Elementalism,Spell,FireAndForget,Touch,4,2,-2,false,0,1,2,0,3,Enderal SE - Gameplay Overhaul.esp,2,false
08F3F1:Skyrim.esm,HazardWallofFireSpell,Fire,Elementalism,Spell,FireAndForget,Touch,10,8,-2,false,0.5,1,17,0,1,Enderal SE - Gameplay Overhaul.esp,2,false
0D9B54:Skyrim.esm,_00E_ExplosiveBarrel_HazardSpell,Fire,Elementalism,Spell,FireAndForget,Touch,150,22,-128,false,0.5,1,20,0,2,Enderal SE - Gameplay Overhaul.esp,2,false
0F8637:Skyrim.esm,_00E_A1_ShadowtongueOilFireSP,Fire,Elementalism,Spell,FireAndForget,Touch,22,22,0,false,0.5,1,20,0,2,Skyrim.esm,1,false
109CE6:Skyrim.esm,TrapFirePlateHazardSpell01,Fire,Elementalism,Spell,FireAndForget,Touch,14,22,8,false,0,1,20,0,2,Enderal SE - Gameplay Overhaul.esp,2,false
109CE7:Skyrim.esm,TrapFirePlateHazardSpell02,Fire,Elementalism,Spell,FireAndForget,Touch,17,22,5,false,0.5,1,20,0,2,Enderal SE - Gameplay Overhaul.esp,2,false
109CE8:Skyrim.esm,TrapFirePlateHazardSpell03,Fire,Elementalism,Spell,FireAndForget,Touch,21,25,4,false,0.5,1,22,0,2,Enderal SE - Gameplay Overhaul.esp,2,false
109CE9:Skyrim.esm,TrapFirePlateHazardSpell04,Fire,Elementalism,Spell,FireAndForget,Touch,24,25,1,false,0.5,1,22,0,2,Enderal SE - Gameplay Overhaul.esp,2,false
109CEA:Skyrim.esm,TrapFirePlateHazardSpell05,Fire,Elementalism,Spell,FireAndForget,Touch,30,28,-2,false,0.5,1,24,0,2,Enderal SE - Gameplay Overhaul.esp,2,false
109CEB:Skyrim.esm,TrapFirePlateHazardSpell06,Fire,Elementalism,Spell,FireAndForget,Touch,35,28,-7,false,0.5,1,24,0,2,Enderal SE - Gameplay Overhaul.esp,2,false
109CEC:Skyrim.esm,TrapOilHazardSpell01,Fire,Elementalism,Spell,FireAndForget,Touch,153,142,-11,false,0.5,6,20,0,2,Enderal SE - Gameplay Overhaul.esp,2,false
11B136:Skyrim.esm,HazardWallofFireSpellCatapult,Fire,Elementalism,Spell,FireAndForget,Touch,10,8,-2,false,0.5,1,17,0,1,Enderal SE - Gameplay Overhaul.esp,2,false
015A86:Skyrim.esm,_25E_Firebolt,Fire Arrow,Elementalism,Spell,FireAndForget,Aimed,37,37,0,false,0,3,23,0,0,Skyrim.esm,1,false
14BCFE:Skyrim.esm,_00E_MQ17_BlackGuardianBreathSP,Fire Breath,Elementalism,Spell,Concentration,Aimed,5,521,,true,0,1,250,15,1,Skyrim.esm,1,false
02B385:Skyrim.esm,CloakFlameDmg,Fire Cloak,Elementalism,Spell,Concentration,Aimed,14,36,22,false,0,2,18,0,1,Enderal SE - Gameplay Overhaul.esp,2,false
119BD4:Skyrim.esm,XionSpellCloakFire,Fire Cloak,Elementalism,Spell,FireAndForget,Self,122,353,,true,0.75,2,12,0,60,Enderal SE - Gameplay Overhaul.esp,2,false
00DBB4:Enderal - Forgotten Stories.esm,_10E_SpellFireCloak_NPC,Fire Cloak (Rank I),Elementalism,Spell,FireAndForget,Self,80,226,,true,0.5,2,8,0,60,Enderal - Forgotten Stories.esm,1,false
00DBB7:Enderal - Forgotten Stories.esm,_50E_SpellFireCloak_NPC,Fire Cloak (Rank II),Elementalism,Spell,FireAndForget,Self,270,1147,,true,0.5,2,35,0,60,Enderal - Forgotten Stories.esm,1,false
02E761:Enderal - Forgotten Stories.esm,_00E_Theriantrophist_ClawFireDamageSP,Fire Damage,Elementalism,Spell,FireAndForget,Touch,0,0,,true,0,1,0,0,0,Enderal - Forgotten Stories.esm,1,false
02E800:Enderal - Forgotten Stories.esm,_00E_Theriantrophist_ClawFrostDamageSP,Fire Damage,Elementalism,Spell,FireAndForget,Touch,0,0,,true,0,1,0,0,0,Enderal - Forgotten Stories.esm,1,false
02E801:Enderal - Forgotten Stories.esm,_00E_Theriantrophist_ClawShockDamageSP,Fire Damage,Elementalism,Spell,FireAndForget,Touch,0,0,,true,0,1,0,0,0,Enderal - Forgotten Stories.esm,1,false
032A23:Skyrim.esm,_00E_MQ04_FeuerloescherSpell,Fire Extinguisher,Elementalism,Spell,Concentration,Aimed,3,1,,true,0,1,0,0,1,Enderal SE - Gameplay Overhaul.esp,2,false
000800:Enderal SE - Gameplay Overhaul.esp,_60E_XionSpellFireNova,Fire Nova (Mystical),Elementalism,Spell,FireAndForget,Self,161,0,,true,1.5,2,132,40,1,Enderal SE - Gameplay Overhaul.esp,1,false
004800:KataPUMBSpellPack.esp,Kata_S_Elementalism_25_FireNova_1,Fire Nova (Rank I),Elementalism,Spell,FireAndForget,Self,25,14,,true,0.725,3,18,25,0,EGO - KataPUMB Spell Package.esp,2,false
00B35E:KataPUMB_SpellPackage.esp,Kata_Spell_Nova_FireNova_I,Fire Nova (Rank I),Elementalism,Spell,FireAndForget,Self,10,1,,true,0.5,1,15,25,1,KataPUMB_SpellPackage.esp,1,false
004801:KataPUMBSpellPack.esp,Kata_S_Elementalism_50_FireNova_2,Fire Nova (Rank II),Elementalism,Spell,FireAndForget,Self,36,21,,true,0.725,3,26.1,25,0,EGO - KataPUMB Spell Package.esp,2,false
00B35F:KataPUMB_SpellPackage.esp,Kata_Spell_Nova_FireNova_II,Fire Nova (Rank II),Elementalism,Spell,FireAndForget,Self,25,2,,true,0.5,1,22.5,25,1,KataPUMB_SpellPackage.esp,1,false
004803:KataPUMBSpellPack.esp,Kata_S_Elementalism_75_FireNova_3,Fire Nova (Rank III),Elementalism,Spell,FireAndForget,Self,49,30,,true,0.725,3,36,25,0,EGO - KataPUMB Spell Package.esp,2,false
00B363:KataPUMB_SpellPackage.esp,Kata_Spell_Nova_FireNova_III,Fire Nova (Rank III),Elementalism,Spell,FireAndForget,Self,43,3,,true,0.5,1,33,25,1,KataPUMB_SpellPackage.esp,1,false
004805:KataPUMBSpellPack.esp,Kata_S_Elementalism_99_FireNova_4,Fire Nova (Rank IV),Elementalism,Spell,FireAndForget,Self,66,42,,true,0.725,3,48.6,25,0,EGO - KataPUMB Spell Package.esp,2,false
00B361:KataPUMB_SpellPackage.esp,Kata_Spell_Nova_FireNova_IV,Fire Nova (Rank IV),Elementalism,Spell,FireAndForget,Self,66,5,,true,0.5,1,50,25,1,KataPUMB_SpellPackage.esp,1,false
05DB90:Skyrim.esm,FireRune,Fire Rune,Elementalism,Spell,FireAndForget,TargetLocation,234,234,0,false,0,1,50,0,1,Skyrim.esm,1,false
14478F:Skyrim.esm,_15E_Feuerrune,Fire Rune (Rank I),Elementalism,Spell,FireAndForget,TargetLocation,50,90,,true,1.1,1,21,0,1,Enderal SE - Gameplay Overhaul.esp,2,false
144790:Skyrim.esm,_30E_Feuerrune,Fire Rune (Rank II),Elementalism,Spell,FireAndForget,TargetLocation,80,168,,true,1.1,1,37,0,1,Enderal SE - Gameplay Overhaul.esp,2,false
001D97:Enderal SE - Gameplay Overhaul.esp,NPCXionFireballAdila2,Fireball,Elementalism,Spell,FireAndForget,Aimed,45,99,,true,0.5,3,35,12,0,Enderal SE - Gameplay Overhaul.esp,1,false
001E20:Enderal SE - Gameplay Overhaul.esp,NPCFireball2,Fireball,Elementalism,Spell,FireAndForget,Aimed,50,115,,true,0.5,3,40,12,0,Enderal SE - Gameplay Overhaul.esp,1,false
001E8C:Enderal SE - Gameplay Overhaul.esp,NPCFireball3,Fireball,Elementalism,Spell,FireAndForget,Aimed,72,180,,true,0.5,3,60,12,0,Enderal SE - Gameplay Overhaul.esp,1,false
015A87:Skyrim.esm,_50E_Fireball,Fireball,Elementalism,Spell,FireAndForget,Aimed,75,75,0,false,0,3,43,0,0,Skyrim.esm,1,false
01C789:Skyrim.esm,NPCFireball,Fireball,Elementalism,Spell,FireAndForget,Aimed,38,84,,true,0.5,3,30,12,0,Enderal SE - Gameplay Overhaul.esp,2,false
048007:Skyrim.esm,_07E_SpellFireball_NPCLeftHand,Fireball,Elementalism,Spell,FireAndForget,Aimed,30,53,,true,1,1,20,15,0,Skyrim.esm,1,false
067297:Skyrim.esm,NPCFireballRightHandLow,Fireball,Elementalism,Spell,FireAndForget,Aimed,26,37,,true,0.5,2,14.5,12,0,Enderal SE - Gameplay Overhaul.esp,2,false
06729A:Skyrim.esm,NPCFireballLow,Fireball,Elementalism,Spell,FireAndForget,Aimed,35,53,,true,0.5,3,20,12,0,Enderal SE - Gameplay Overhaul.esp,2,false
07D997:Skyrim.esm,NPCFireballLeftHand,Fireball,Elementalism,Spell,FireAndForget,Aimed,55,106,,true,0.5,2,37,12,0,Enderal SE - Gameplay Overhaul.esp,2,false
07E566:Skyrim.esm,TrapFireball01,Fireball,Elementalism,Spell,FireAndForget,Aimed,42,82,40,false,0,1,55,15,0,Enderal SE - Gameplay Overhaul.esp,2,false
07E57B:Skyrim.esm,TrapFireball02,Fireball,Elementalism,Spell,FireAndForget,Aimed,73,82,9,false,0.5,1,55,15,0,Enderal SE - Gameplay Overhaul.esp,2,false
07E57C:Skyrim.esm,TrapFireball03,Fireball,Elementalism,Spell,FireAndForget,Aimed,90,90,0,false,0.5,1,60,15,0,Skyrim.esm,1,false
07E57D:Skyrim.esm,TrapFireball04,Fireball,Elementalism,Spell,FireAndForget,Aimed,107,90,-17,false,0.5,1,60,15,0,Enderal SE - Gameplay Overhaul.esp,2,false
07E57E:Skyrim.esm,TrapFireball05,Fireball,Elementalism,Spell,FireAndForget,Aimed,123,98,-25,false,0.5,1,65,15,0,Enderal SE - Gameplay Overhaul.esp,2,false
07E57F:Skyrim.esm,TrapFireball06,Fireball,Elementalism,Spell,FireAndForget,Aimed,141,98,-43,false,0.5,1,65,15,0,Enderal SE - Gameplay Overhaul.esp,2,false
0BB969:Skyrim.esm,NPCFireballRightHand,Fireball,Elementalism,Spell,FireAndForget,Aimed,55,106,,true,0.5,2,37,12,0,Enderal SE - Gameplay Overhaul.esp,2,false
048003:Skyrim.esm,_05E_SpellFireBall_NPC,Fireball (Rank I),Elementalism,Spell,FireAndForget,Aimed,21,48,,true,0.6,1,18,15,0,Skyrim.esm,1,false
085651:Skyrim.esm,_14E_Feuerball,Fireball (Rank I),Elementalism,Spell,FireAndForget,Aimed,48,98,,true,0.8,3,30.4,12,0,Enderal SE - Gameplay Overhaul.esp,2,false
00DBAC:Enderal - Forgotten Stories.esm,_14E_SpellFireBall_NPC,Fireball (Rank II),Elementalism,Spell,FireAndForget,Aimed,35,78,,true,0.6,1,28,15,0,Enderal - Forgotten Stories.esm,1,false
12E157:Skyrim.esm,_34E_Feuerball,Fireball (Rank II),Elementalism,Spell,FireAndForget,Aimed,68,152,,true,0.8,3,45.3,12,0,Enderal SE - Gameplay Overhaul.esp,2,false
00DBAE:Enderal - Forgotten Stories.esm,_24E_SpellFireBall_NPC,Fireball (Rank III),Elementalism,Spell,FireAndForget,Aimed,42,109,,true,0.6,1,38,15,0,Enderal - Forgotten Stories.esm,1,false
12E159:Skyrim.esm,_54E_Feuerball,Fireball (Rank III),Elementalism,Spell,FireAndForget,Aimed,90,219,,true,0.8,3,63.1,12,0,Enderal SE - Gameplay Overhaul.esp,2,false
00DBB0:Enderal - Forgotten Stories.esm,_34E_SpellFireBall_NPC,Fireball (Rank IV),Elementalism,Spell,FireAndForget,Aimed,55,141,,true,0.6,1,48,15,0,Enderal - Forgotten Stories.esm,1,false
048015:Skyrim.esm,_44E_SpellFireBall_NPC,Fireball (Rank V),Elementalism,Spell,FireAndForget,Aimed,66,174,,true,0.6,1,58,15,0,Skyrim.esm,1,false
00DBB2:Enderal - Forgotten Stories.esm,_54E_SpellFireBall_NPC,Fireball (Rank VI),Elementalism,Spell,FireAndForget,Aimed,78,207,,true,0.6,1,68,15,0,Enderal - Forgotten Stories.esm,1,false
001D5F:Enderal SE - Gameplay Overhaul.esp,crAtronachFlameFirebolt2,Firebolt,Elementalism,Spell,FireAndForget,Aimed,0,56,,true,0,1,33,0,0,Enderal SE - Gameplay Overhaul.esp,1,false
001E1D:Enderal SE - Gameplay Overhaul.esp,NPCFirebolt03,Firebolt,Elementalism,Spell,FireAndForget,Aimed,32,50,,true,0.5,3,30,0,0,Enderal SE - Gameplay Overhaul.esp,1,false
001E52:Enderal SE - Gameplay Overhaul.esp,crAtronachFlameFireboltMQ2,Firebolt,Elementalism,Spell,FireAndForget,Aimed,0,27,,true,0,1,17,0,0,Enderal SE - Gameplay Overhaul.esp,1,false
001E8A:Enderal SE - Gameplay Overhaul.esp,NPCFireboltLeftHand03,Firebolt,Elementalism,Spell,FireAndForget,Aimed,32,50,,true,0.5,2,30,0,0,Enderal SE - Gameplay Overhaul.esp,1,false
001EF5:Enderal SE - Gameplay Overhaul.esp,NPCFireboltLeftHand,Firebolt,Elementalism,Spell,FireAndForget,Aimed,22,27,,true,0.5,2,17,0,0,Enderal SE - Gameplay Overhaul.esp,1,false
001F1B:Enderal SE - Gameplay Overhaul.esp,crAtronachFlameFirebolt3,Firebolt,Elementalism,Spell,FireAndForget,Aimed,0,63,,true,0,1,37,0,0,Enderal SE - Gameplay Overhaul.esp,1,false
012FD0:Skyrim.esm,NPCFirebolt,Firebolt,Elementalism,Spell,FireAndForget,Aimed,23,32,,true,0.5,3,20,0,0,Enderal SE - Gameplay Overhaul.esp,2,false
02A018:Skyrim.esm,NPC08Firebolt,Firebolt,Elementalism,Spell,FireAndForget,Aimed,15,25,,true,0.5,3,16,0,0,Enderal SE - Gameplay Overhaul.esp,2,false
02A525:Skyrim.esm,NPC06Firebolt,Firebolt,Elementalism,Spell,FireAndForget,Aimed,11,21,,true,0.5,3,14,0,0,Enderal SE - Gameplay Overhaul.esp,2,false
047FF9:Skyrim.esm,crAtronachFlameFirebolt02,Firebolt,Elementalism,Spell,FireAndForget,Aimed,10,39,,true,0.5,1,24,0,0,Skyrim.esm,1,false
048005:Skyrim.esm,_14E_SpellFireBolt_NPCLeftHand,Firebolt,Elementalism,Spell,FireAndForget,Aimed,46,35,,true,0.8,1,22,0,0,Skyrim.esm,1,false
048006:Skyrim.esm,_12E_SpellFireBolt_NPCLeftHand,Firebolt,Elementalism,Spell,FireAndForget,Aimed,32,32,0,false,0.5,1,20,0,0,Skyrim.esm,1,false
04801C:Skyrim.esm,_19E_SpellFireBolt_NPCLeftHand,Firebolt,Elementalism,Spell,FireAndForget,Aimed,46,46,0,false,0.5,1,28,0,0,Skyrim.esm,1,false
04801D:Skyrim.esm,_22E_SpellIceBreath_NPCLeftHand,Firebolt,Elementalism,Spell,Concentration,Aimed,23,31,,true,0.8,2,18,0,1,Skyrim.esm,1,false
07D98F:Skyrim.esm,NPCFireboltRightHand,Firebolt,Elementalism,Spell,FireAndForget,Aimed,22,27,,true,0.5,2,17,0,0,Enderal SE - Gameplay Overhaul.esp,2,false
07E56D:Skyrim.esm,TrapFirebolt01,Firebolt,Elementalism,Spell,FireAndForget,Aimed,39,180,141,false,0,1,60,0,0,Enderal SE - Gameplay Overhaul.esp,2,false
07E580:Skyrim.esm,TrapFirebolt02,Firebolt,Elementalism,Spell,FireAndForget,Aimed,68,180,112,false,0.5,1,60,0,0,Enderal SE - Gameplay Overhaul.esp,2,false
07E581:Skyrim.esm,TrapFirebolt03,Firebolt,Elementalism,Spell,FireAndForget,Aimed,84,197,113,false,0.5,1,65,0,0,Enderal SE - Gameplay Overhaul.esp,2,false
07E582:Skyrim.esm,TrapFirebolt04,Firebolt,Elementalism,Spell,FireAndForget,Aimed,99,197,98,false,0.5,1,65,0,0,Enderal SE - Gameplay Overhaul.esp,2,false
07E583:Skyrim.esm,TrapFirebolt06,Firebolt,Elementalism,Spell,FireAndForget,Aimed,131,214,83,false,0.5,1,70,0,0,Enderal SE - Gameplay Overhaul.esp,2,false
07E584:Skyrim.esm,TrapFirebolt05,Firebolt,Elementalism,Spell,FireAndForget,Aimed,115,214,99,false,0.5,1,70,0,0,Enderal SE - Gameplay Overhaul.esp,2,false
07E882:Skyrim.esm,crAtronachFlameFirebolt,Firebolt,Elementalism,Spell,FireAndForget,Aimed,0,41,,true,0,1,25,0,0,Enderal SE - Gameplay Overhaul.esp,2,false
095DFC:Skyrim.esm,NPCFirebolt04,Firebolt,Elementalism,Spell,FireAndForget,Aimed,37,61,,true,0.5,3,36,0,0,Enderal SE - Gameplay Overhaul.esp,2,false
096783:Skyrim.esm,NPCFireboltRightHand03,Firebolt,Elementalism,Spell,FireAndForget,Aimed,32,50,,true,0.5,2,30,0,0,Enderal SE - Gameplay Overhaul.esp,2,false
0C0119:Skyrim.esm,NPCFirebolt02,Firebolt,Elementalism,Spell,FireAndForget,Aimed,26,37,,true,0.5,3,23,0,0,Enderal SE - Gameplay Overhaul.esp,2,false
0C969B:Skyrim.esm,FireboltRightHandUNUSED,Firebolt,Elementalism,Spell,FireAndForget,Aimed,41,41,0,false,0.5,2,25,0,0,Enderal SE - Gameplay Overhaul.esp,2,false
0D945F:Skyrim.esm,NPCFireboltRightHand04,Firebolt,Elementalism,Spell,FireAndForget,Aimed,36,58,,true,0.5,2,34,0,0,Enderal SE - Gameplay Overhaul.esp,2,false
03F74F:Skyrim.esm,_01E_Feuerblitz,Firebolt (Rank I),Elementalism,Spell,FireAndForget,Aimed,17,20,,true,0.6,3,13.3,0,0,Enderal SE - Gameplay Overhaul.esp,2,false
048004:Skyrim.esm,_01E_SpellFireBolt_NPC,Firebolt (Rank I),Elementalism,Spell,FireAndForget,Aimed,17,16,,true,0.8,1,11,0,0,Skyrim.esm,1,false
048014:Skyrim.esm,_01E_SpellFireBolt_NPCLeftHand,Firebolt (Rank I),Elementalism,Spell,FireAndForget,Aimed,17,16,,true,0.8,1,11,0,0,Skyrim.esm,1,false
00DBB9:Enderal - Forgotten Stories.esm,_10E_SpellFireBolt_NPC,Firebolt (Rank II),Elementalism,Spell,FireAndForget,Aimed,27,27,,true,0.8,1,17,0,0,Enderal - Forgotten Stories.esm,1,false
085608:Skyrim.esm,_10E_Feuerblitz,Firebolt (Rank II),Elementalism,Spell,FireAndForget,Aimed,26,34,,true,0.6,3,21,0,0,Enderal SE - Gameplay Overhaul.esp,2,false
00DBBB:Enderal - Forgotten Stories.esm,_18E_SpellFireBolt_NPC,Firebolt (Rank III),Elementalism,Spell,FireAndForget,Aimed,34,45,,true,0.8,1,27,0,0,Enderal - Forgotten Stories.esm,1,false
12E13D:Skyrim.esm,_18E_Feuerblitz,Firebolt (Rank III),Elementalism,Spell,FireAndForget,Aimed,36,50,,true,0.6,3,29.8,0,0,Enderal SE - Gameplay Overhaul.esp,2,false
00DBBD:Enderal - Forgotten Stories.esm,_28E_SpellFireBolt_NPC,Firebolt (Rank IV),Elementalism,Spell,FireAndForget,Aimed,45,63,,true,0.8,1,37,0,0,Enderal - Forgotten Stories.esm,1,false
12E13E:Skyrim.esm,_28E_Feuerblitz,Firebolt (Rank IV),Elementalism,Spell,FireAndForget,Aimed,46,186,,true,0.6,3,39.15,0,0,Enderal SE - Gameplay Overhaul.esp,2,false
00DBBF:Enderal - Forgotten Stories.esm,_38E_SpellFireBolt_NPC,Firebolt (Rank V),Elementalism,Spell,FireAndForget,Aimed,57,82,,true,0.8,1,47,0,0,Enderal - Forgotten Stories.esm,1,false
12E13F:Skyrim.esm,_38E_Feuerblitz,Firebolt (Rank V),Elementalism,Spell,FireAndForget,Aimed,57,242,,true,0.6,3,49.8,0,0,Enderal SE - Gameplay Overhaul.esp,2,false
00DBC1:Enderal - Forgotten Stories.esm,_48E_SpellFireBolt_NPC,Firebolt (Rank VI),Elementalism,Spell,FireAndForget,Aimed,68,102,,true,0.8,1,57,0,0,Enderal - Forgotten Stories.esm,1,false
12E140:Skyrim.esm,_48E_Feuerblitz,Firebolt (Rank VI),Elementalism,Spell,FireAndForget,Aimed,68,310,,true,0.6,3,62.2,0,0,Enderal SE - Gameplay Overhaul.esp,2,false
0D488A:Skyrim.esm,VoiceFireboltStorm,Firebolt Storm,Elementalism,Spell,FireAndForget,Aimed,1,20,,true,0,8,8,8,1,Skyrim.esm,1,false
117943:Skyrim.esm,_00E_AdilaFireStorm,Firebolt Storm,Elementalism,Spell,FireAndForget,Self,41,41,,true,0,3,20,100,2,Skyrim.esm,1,false
048747:EAM SE - Enderal Apothecarii Monastery.esp,_00E_AdilaFireStorm_EAMmystic,Firestorm (Mystical),Elementalism,Spell,FireAndForget,Self,160,64,,true,1,3,30,100,2,EAM SE - Enderal Apothecarii Monastery.esp,1,false
050CF7:Skyrim.esm,crAtronachFlameMeleeAttack,Flame Atronach Attack,Elementalism,Spell,FireAndForget,Touch,0,19,,true,0,1,12.5,0,0,Enderal SE - Gameplay Overhaul.esp,2,false
050CF8:Skyrim.esm,crAtronachFlameMeleePowerAttack,Flame Atronach Attack,Elementalism,Spell,FireAndForget,Touch,0,28,,true,0,1,18,0,0,Enderal SE - Gameplay Overhaul.esp,2,false
047FFA:Skyrim.esm,crAtronachFlameFlames02,Flame Bite,Elementalism,Spell,Concentration,Aimed,5,31,,true,0,1,18,0,1,Skyrim.esm,1,false
048029:Skyrim.esm,_05E_SpellFlameBite_NPCRightHand,Flame Bite,Elementalism,Spell,Concentration,Aimed,12,12,0,false,0,1,8,0,1,Skyrim.esm,1,false
015A80:Skyrim.esm,_01E_FlameBite,Flame Bite (Rank I),Elementalism,Spell,Concentration,Aimed,8,6,,true,0.75,2,4.6,0,1,Enderal SE - Gameplay Overhaul.esp,2,false
047FEF:Skyrim.esm,_01E_SpellFlameBite_NPCLeftHand,Flame Bite (Rank I),Elementalism,Spell,Concentration,Aimed,9,9,,true,0.3,1,6,0,1,Skyrim.esm,1,false
048001:Skyrim.esm,_01E_SpellFlameBite_NPC,Flame Bite (Rank I),Elementalism,Spell,Concentration,Aimed,9,9,,true,0.3,1,6,0,1,Skyrim.esm,1,false
00DBC3:Enderal - Forgotten Stories.esm,_09E_SpellFlameBite_NPC,Flame Bite (Rank II),Elementalism,Spell,Concentration,Aimed,14,14,,true,0.3,1,9.15,0,1,Enderal - Forgotten Stories.esm,1,false
12E125:Skyrim.esm,_16E_FlameBite,Flame Bite (Rank II),Elementalism,Spell,Concentration,Aimed,18,17,,true,0.75,2,10.6,0,1,Enderal SE - Gameplay Overhaul.esp,2,false
048000:Skyrim.esm,_16E_SpellFlameBite_NPC,Flame Bite (Rank III),Elementalism,Spell,Concentration,Aimed,20,24,,true,0.3,1,14.3,0,1,Skyrim.esm,1,false
048017:Skyrim.esm,_16E_SpellFlameBite_NPCLeftHand,Flame Bite (Rank III),Elementalism,Spell,Concentration,Aimed,20,24,,true,0.3,1,14.3,0,1,Skyrim.esm,1,false
12E12C:Skyrim.esm,_32E_FlameBite,Flame Bite (Rank III),Elementalism,Spell,Concentration,Aimed,32,33,,true,0.75,2,19.2,0,1,Enderal SE - Gameplay Overhaul.esp,2,false
047FF0:Skyrim.esm,_24E_SpellFlameBite_NPCLeftHand,Flame Bite (Rank IV),Elementalism,Spell,Concentration,Aimed,29,37,,true,0.3,1,21.4,0,1,Skyrim.esm,1,false
047FF6:Skyrim.esm,_24E_SpellFlameBite_NPCRightHand,Flame Bite (Rank IV),Elementalism,Spell,Concentration,Aimed,29,37,,true,0.3,1,21.4,0,1,Skyrim.esm,1,false
04801B:Skyrim.esm,_24E_SpellFlameBite_NPC,Flame Bite (Rank IV),Elementalism,Spell,Concentration,Aimed,29,37,,true,0.3,1,21.4,0,1,Skyrim.esm,1,false
00DBC5:Enderal - Forgotten Stories.esm,_32E_SpellFlameBite_NPC,Flame Bite (Rank V),Elementalism,Spell,Concentration,Aimed,36,52,,true,0.3,1,29,0,1,Enderal - Forgotten Stories.esm,1,false
048002:Skyrim.esm,_42E_SpellFlameBite_NPC,Flame Bite (Rank VI),Elementalism,Spell,Concentration,Aimed,40,66,,true,0.3,1,36,0,1,Skyrim.esm,1,false
0DE511:Skyrim.esm,FlameCloakLeftHand,Flame Cloak,Elementalism,Spell,FireAndForget,Self,316,289,-27,false,0,1,10,0,60,Skyrim.esm,1,false
001E1A:Enderal SE - Gameplay Overhaul.esp,NPCFlamesLeftHand2,Flames,Elementalism,Spell,Concentration,Aimed,12,16,,true,0.5,1,10,0,1,Enderal SE - Gameplay Overhaul.esp,1,false
001E21:Enderal SE - Gameplay Overhaul.esp,NPCFlamesDUPLICATE001,Flames,Elementalism,Spell,Concentration,Aimed,20,35,,true,0.5,2,20,0,1,Enderal SE - Gameplay Overhaul.esp,1,false
001E22:Enderal SE - Gameplay Overhaul.esp,NPCFlames3,Flames,Elementalism,Spell,Concentration,Aimed,35,66,,true,0.5,2,36,0,1,Enderal SE - Gameplay Overhaul.esp,1,false
001E93:Enderal SE - Gameplay Overhaul.esp,NPCFlames2,Flames,Elementalism,Spell,Concentration,Aimed,24,38,,true,0.5,2,22,0,1,Enderal SE - Gameplay Overhaul.esp,1,false
012FCD:Skyrim.esm,NPCFlames,Flames,Elementalism,Spell,Concentration,Aimed,12,12,,true,0.5,2,8,0,1,Enderal SE - Gameplay Overhaul.esp,2,false
06445B:Skyrim.esm,crAtronachCloakFlameDmg,Flames,Elementalism,Spell,Concentration,Aimed,18,14,-4,false,0,1,8,0,1,Enderal SE - Gameplay Overhaul.esp,2,false
07D996:Skyrim.esm,NPCFlamesRightHand,Flames,Elementalism,Spell,Concentration,Aimed,11,14,,true,0.5,1,9,0,1,Enderal SE - Gameplay Overhaul.esp,2,false
07E567:Skyrim.esm,TrapFlames01,Flames,Elementalism,Spell,Concentration,Aimed,29,112,83,false,0,1,27,0,1,Enderal SE - Gameplay Overhaul.esp,2,false
07E585:Skyrim.esm,TrapFlames02,Flames,Elementalism,Spell,Concentration,Aimed,46,112,66,false,0,1,27,0,1,Enderal SE - Gameplay Overhaul.esp,2,false
07E586:Skyrim.esm,TrapFlames04,Flames,Elementalism,Spell,Concentration,Aimed,80,121,41,false,0,1,29,0,1,Enderal SE - Gameplay Overhaul.esp,2,false
07E587:Skyrim.esm,TrapFlames03,Flames,Elementalism,Spell,Concentration,Aimed,63,121,58,false,0,1,29,0,1,Enderal SE - Gameplay Overhaul.esp,2,false
07E588:Skyrim.esm,TrapFlames05,Flames,Elementalism,Spell,Concentration,Aimed,98,131,33,false,0,1,31,0,1,Enderal SE - Gameplay Overhaul.esp,2,false
07E589:Skyrim.esm,TrapFlames06,Flames,Elementalism,Spell,Concentration,Aimed,117,131,14,false,0,1,31,0,1,Enderal SE - Gameplay Overhaul.esp,2,false
07E881:Skyrim.esm,crAtronachFlameFlames,Flames,Elementalism,Spell,Concentration,Aimed,0,16,,true,0,1,10,0,1,Enderal SE - Gameplay Overhaul.esp,2,false
0C969A:Skyrim.esm,FlamesRightHand,Flames,Elementalism,Spell,Concentration,Aimed,18,16,-2,false,0,1,10,0,1,Skyrim.esm,1,false
0D0BEE:Skyrim.esm,Flames3,Flames,Elementalism,Spell,Concentration,Aimed,36,31,-5,false,0,2,18,0,1,Skyrim.esm,1,false
0B6E61:Skyrim.esm,_00E_A1_FlashpowderExplSP,Flash Powder,Elementalism,Spell,FireAndForget,Self,23,0,,true,0,1,0,75,10,Skyrim.esm,1,false
03E07D:Skyrim.esm,HazardIceSpell,Frost,Elementalism,Spell,FireAndForget,Touch,2,0,-2,false,0.5,2,1,0,1,Enderal SE - Gameplay Overhaul.esp,2,false
08F3F5:Skyrim.esm,HazardWallofFrostSpell,Frost,Elementalism,Spell,FireAndForget,Touch,8,5,-3,false,0.5,2,14,0,1,Enderal SE - Gameplay Overhaul.esp,2,false
0B7A00:Skyrim.esm,HazardFrostBlizzardSpell01,Frost,Elementalism,Spell,FireAndForget,Touch,10,4,-6,false,0,2,10,0,1,Enderal SE - Gameplay Overhaul.esp,2,false
0B7A01:Skyrim.esm,HazardFrostBlizzardSpell02,Frost,Elementalism,Spell,FireAndForget,Touch,23,4,-19,false,0.5,2,10,0,1,Enderal SE - Gameplay Overhaul.esp,2,false
0B7A02:Skyrim.esm,HazardFrostBlizzardSpell03,Frost,Elementalism,Spell,FireAndForget,Touch,50,4,-46,false,0.5,2,10,0,1,Enderal SE - Gameplay Overhaul.esp,2,false
0083D5:Enderal SE - Gameplay Overhaul.esp,crAtronachFrostMeleeAttack,Frost Atronach Attack,Elementalism,Spell,FireAndForget,Touch,0,131,,true,0,2,100,0,25,Enderal SE - Gameplay Overhaul.esp,1,false
078099:Skyrim.esm,crAtronachFrostMeleeAttack2,Frost Atronach Attack,Elementalism,Spell,FireAndForget,Touch,0,168,,true,0,2,100,0,25,Enderal SE - Gameplay Overhaul.esp,2,false
004807:KataPUMBSpellPack.esp,Kata_S_Elementalism_25_FrostNova_1,Frost Nova (Rank I),Elementalism,Spell,FireAndForget,Self,22,10,,true,0.6,4,13.1,25,0,EGO - KataPUMB Spell Package.esp,2,false
00B365:KataPUMB_SpellPackage.esp,Kata_Spell_Nova_FrostNova_I,Frost Nova (Rank I),Elementalism,Spell,FireAndForget,Self,10,19,,true,0.5,1,15,25,0,KataPUMB_SpellPackage.esp,1,false
004809:KataPUMBSpellPack.esp,Kata_S_Elementalism_50_FrostNova_2,Frost Nova (Rank II),Elementalism,Spell,FireAndForget,Self,31,15,,true,0.6,4,19,25,0,EGO - KataPUMB Spell Package.esp,2,false
00B367:KataPUMB_SpellPackage.esp,Kata_Spell_Nova_FrostNova_II,Frost Nova (Rank II),Elementalism,Spell,FireAndForget,Self,22,30,,true,0.5,1,22.5,25,0,KataPUMB_SpellPackage.esp,1,false
00480B:KataPUMBSpellPack.esp,Kata_S_Elementalism_75_FrostNova_3,Frost Nova (Rank III),Elementalism,Spell,FireAndForget,Self,42,21,,true,0.6,4,26.18,25,0,EGO - KataPUMB Spell Package.esp,2,false
00B369:KataPUMB_SpellPackage.esp,Kata_Spell_Nova_FrostNova_III,Frost Nova (Rank III),Elementalism,Spell,FireAndForget,Self,43,46,,true,0.5,1,33,25,0,KataPUMB_SpellPackage.esp,1,false
00480D:KataPUMBSpellPack.esp,Kata_S_Elementalism_99_FrostNova_4,Frost Nova (Rank IV),Elementalism,Spell,FireAndForget,Self,56,30,,true,0.6,4,35.35,25,0,EGO - KataPUMB Spell Package.esp,2,false
00B36B:KataPUMB_SpellPackage.esp,Kata_Spell_Nova_FrostNova_IV,Frost Nova (Rank IV),Elementalism,Spell,FireAndForget,Self,66,73,,true,0.5,1,50,25,0,KataPUMB_SpellPackage.esp,1,false
144791:Skyrim.esm,_12E_Frostrune,Frost Rune (Rank I),Elementalism,Spell,FireAndForget,TargetLocation,44,75,,true,1.1,1,14.5,0,1,Enderal SE - Gameplay Overhaul.esp,2,false
144792:Skyrim.esm,_27E_Frostrune,Frost Rune (Rank II),Elementalism,Spell,FireAndForget,TargetLocation,70,146,,true,1.1,1,26.5,0,1,Enderal SE - Gameplay Overhaul.esp,2,false
02B96B:Skyrim.esm,NPCFrostbiteunused,Frostbite,Elementalism,Spell,Concentration,Aimed,11,12,,true,0.5,3,8,0,1,Enderal SE - Gameplay Overhaul.esp,2,false
07E568:Skyrim.esm,TrapFrostbite02,Frostbite,Elementalism,Spell,Concentration,Aimed,91,91,0,false,0,2,20,0,1,Enderal SE - Gameplay Overhaul.esp,2,false
07E56E:Skyrim.esm,TrapFrostbite01,Frostbite,Elementalism,Spell,Concentration,Aimed,42,91,49,false,0,2,20,0,1,Enderal SE - Gameplay Overhaul.esp,2,false
07E58A:Skyrim.esm,TrapFrostbite03,Frostbite,Elementalism,Spell,Concentration,Aimed,117,101,-16,false,0,2,22,0,1,Enderal SE - Gameplay Overhaul.esp,2,false
07E58B:Skyrim.esm,TrapFrostbite04,Frostbite,Elementalism,Spell,Concentration,Aimed,143,101,-42,false,0,2,22,0,1,Enderal SE - Gameplay Overhaul.esp,2,false
07E58C:Skyrim.esm,TrapFrostbite05,Frostbite,Elementalism,Spell,Concentration,Aimed,169,112,-57,false,0,2,24,0,1,Enderal SE - Gameplay Overhaul.esp,2,false
07E58D:Skyrim.esm,TrapFrostbite06,Frostbite,Elementalism,Spell,Concentration,Aimed,196,112,-84,false,0,2,24,0,1,Enderal SE - Gameplay Overhaul.esp,2,false
090A39:Skyrim.esm,NPCFrostbiteRightHand04,Frostbite,Elementalism,Spell,Concentration,Aimed,38,58,,true,0.5,2,32,0,1,Enderal SE - Gameplay Overhaul.esp,1,false
095DFD:Skyrim.esm,NPCFrostbite02,Frostbite,Elementalism,Spell,Concentration,Aimed,25,33,,true,0.5,3,19,0,1,Enderal SE - Gameplay Overhaul.esp,2,false
0D0D76:Skyrim.esm,NPCFrostbite,Frostbite,Elementalism,Spell,Concentration,Aimed,17,21,,true,0.5,3,13,0,1,Enderal SE - Gameplay Overhaul.esp,2,false
0D9460:Skyrim.esm,NPCFrostbiteLeftHand03,Frostbite,Elementalism,Spell,Concentration,Aimed,30,50,,true,0.5,2,28,0,1,Enderal SE - Gameplay Overhaul.esp,2,false
0F1180:Skyrim.esm,WIspShortRangeConcSpell,Frostbite,Elementalism,Spell,Concentration,Aimed,45,45,0,false,0,2,15,0,1,Enderal SE - Gameplay Overhaul.esp,2,false
148730:Skyrim.esm,NPCFrostbite04,Frostbite,Elementalism,Spell,Concentration,Aimed,30,54,,true,0.5,3,30,0,1,Enderal SE - Gameplay Overhaul.esp,1,false
015A89:Skyrim.esm,NPCIceSpikeYaela,Frostpfeil,Elementalism,Spell,FireAndForget,Aimed,25,35,,true,0,4,22,0,0,Enderal SE - Gameplay Overhaul.esp,2,false
047FFD:Skyrim.esm,_00E_SpellFrostwind_Wisp,Frostwind,Elementalism,Spell,FireAndForget,Aimed,50,115,,true,0.5,2,40,15,0,Skyrim.esm,1,false
048020:Skyrim.esm,_31E_SpellFrostwind_NPCLeftHand,Frostwind,Elementalism,Spell,FireAndForget,Aimed,115,115,0,false,0.5,2,40,15,0,Skyrim.esm,1,false
00DBE3:Enderal - Forgotten Stories.esm,_05E_SpellFrostwind_NPC,Frostwind (Rank I),Elementalism,Spell,FireAndForget,Aimed,17,37,,true,0.5,2,14.4,15,0,Enderal - Forgotten Stories.esm,1,false
085652:Skyrim.esm,_14E_Frostwind,Frostwind (Rank I),Elementalism,Spell,FireAndForget,Aimed,40,83,,true,0.65,4,24.25,15,0,Enderal SE - Gameplay Overhaul.esp,2,false
00DBE5:Enderal - Forgotten Stories.esm,_14E_SpellFrostwind_NPC,Frostwind (Rank II),Elementalism,Spell,FireAndForget,Aimed,30,61,,true,0.5,2,22.4,15,0,Enderal - Forgotten Stories.esm,1,false
12E15F:Skyrim.esm,_34E_Frostwind,Frostwind (Rank II),Elementalism,Spell,FireAndForget,Aimed,58,133,,true,0.65,4,37.25,15,0,Enderal SE - Gameplay Overhaul.esp,2,false
00DBE7:Enderal - Forgotten Stories.esm,_24E_SpellFrostwind_NPC,Frostwind (Rank III),Elementalism,Spell,FireAndForget,Aimed,40,93,,true,0.5,2,33,15,0,Enderal - Forgotten Stories.esm,1,false
12E161:Skyrim.esm,_54E_Frostwind,Frostwind (Rank III),Elementalism,Spell,FireAndForget,Aimed,78,197,,true,0.65,4,53,15,0,Enderal SE - Gameplay Overhaul.esp,2,false
00DBE9:Enderal - Forgotten Stories.esm,_34E_SpellFrostwind_NPC,Frostwind (Rank IV),Elementalism,Spell,FireAndForget,Aimed,50,125,,true,0.5,2,43,15,0,Enderal - Forgotten Stories.esm,1,false
047FF1:Skyrim.esm,_34E_SpellFrostwind_NPCLeftHand,Frostwind (Rank IV),Elementalism,Spell,FireAndForget,Aimed,50,125,,true,0.5,2,43,15,0,Skyrim.esm,1,false
04802F:Skyrim.esm,_34E_SpellFrostwind_NPCRightHand,Frostwind (Rank IV),Elementalism,Spell,FireAndForget,Aimed,50,125,,true,0.5,2,43,15,0,Skyrim.esm,1,false
00DBEB:Enderal - Forgotten Stories.esm,_44E_SpellFrostwind_NPC,Frostwind (Rank V),Elementalism,Spell,FireAndForget,Aimed,60,157,,true,0.5,2,53,15,0,Enderal - Forgotten Stories.esm,1,false
00DBED:Enderal - Forgotten Stories.esm,_54E_SpellFrostwind_NPC,Frostwind (Rank VI),Elementalism,Spell,FireAndForget,Aimed,70,194,,true,0.5,2,64,15,0,Enderal - Forgotten Stories.esm,1,false
02FFD2:Skyrim.esm,crGiantStomp,Giant Stomp,Elementalism,Spell,FireAndForget,Touch,0,0,,true,0,1,100,11,0,Enderal SE - Gameplay Overhaul.esp,2,false
104D43:Skyrim.esm,crGiantClubSlam,Giant Stomp,Elementalism,Spell,FireAndForget,Touch,0,0,,true,0,1,100,25,0,Enderal SE - Gameplay Overhaul.esp,2,false
001D50:Enderal SE - Gameplay Overhaul.esp,NPCXionElegeistErdung,Grounding,Elementalism,Spell,Concentration,Aimed,0,35,,true,0.5,2,17,0,1,Enderal SE - Gameplay Overhaul.esp,1,false
04800C:Skyrim.esm,_06E_SpellGrounding_NPCLeftHand,Grounding,Elementalism,Spell,Concentration,Aimed,15,15,0,false,0,1,9.5,0,1,Skyrim.esm,1,false
04800D:Skyrim.esm,_03E_SpellGrounding_NPC,Grounding,Elementalism,Spell,Concentration,Aimed,12,12,0,false,0,1,8,0,1,Skyrim.esm,1,false
090C9D:Skyrim.esm,NPC30ErdelementarErdung,Grounding,Elementalism,Spell,Concentration,Aimed,0,28,,true,0,2,14,0,1,Enderal SE - Gameplay Overhaul.esp,2,false
00DBEF:Enderal - Forgotten Stories.esm,_01E_SpellGrounding_NPC,Grounding (Rank I),Elementalism,Spell,Concentration,Aimed,11,11,,true,0.3,1,7.1,0,1,Enderal - Forgotten Stories.esm,1,false
051890:Skyrim.esm,_01E_Erdung,Grounding (Rank I),Elementalism,Spell,Concentration,Aimed,11,9,,true,0.8,2,6,0,1,Enderal SE - Gameplay Overhaul.esp,2,false
04800A:Skyrim.esm,_09E_SpellGrounding_NPC,Grounding (Rank II),Elementalism,Spell,Concentration,Aimed,17,18,,true,0.3,1,11.1,0,1,Skyrim.esm,1,false
12E127:Skyrim.esm,_16E_Erdung,Grounding (Rank II),Elementalism,Spell,Concentration,Aimed,24,22,,true,0.8,2,13.5,0,1,Enderal SE - Gameplay Overhaul.esp,2,false
04800E:Skyrim.esm,_18E_SpellGrounding_NPC,Grounding (Rank III),Elementalism,Spell,Concentration,Aimed,33,33,0,false,0,1,19,0,1,Skyrim.esm,1,false
048021:Skyrim.esm,_16E_SpellGrounding_NPCRightHand,Grounding (Rank III),Elementalism,Spell,Concentration,Aimed,26,29,,true,0.3,1,17,0,1,Skyrim.esm,1,false
048023:Skyrim.esm,_16E_SpellGrounding_NPC,Grounding (Rank III),Elementalism,Spell,Concentration,Aimed,26,29,,true,0.3,1,17,0,1,Skyrim.esm,1,false
048026:Skyrim.esm,_16E_SpellGrounding_NPCLeftHand,Grounding (Rank III),Elementalism,Spell,Concentration,Aimed,26,29,,true,0.3,1,17,0,1,Skyrim.esm,1,false
04802C:Skyrim.esm,_18E_SpellGrounding_NPCLeftHand,Grounding (Rank III),Elementalism,Spell,Concentration,Aimed,33,33,0,false,0,1,19,0,1,Skyrim.esm,1,false
12E12D:Skyrim.esm,_32E_Erdung,Grounding (Rank III),Elementalism,Spell,Concentration,Aimed,41,42,,true,0.8,2,23.85,0,1,Enderal SE - Gameplay Overhaul.esp,2,false
00DBF1:Enderal - Forgotten Stories.esm,_24E_SpellGrounding_NPC,Grounding (Rank IV),Elementalism,Spell,Concentration,Aimed,33,44,,true,0.3,1,25,0,1,Enderal - Forgotten Stories.esm,1,false
047FF8:Skyrim.esm,_24E_SpellGrounding_NPCRightHand,Grounding (Rank IV),Elementalism,Spell,Concentration,Aimed,33,44,,true,0.3,1,25,0,1,Skyrim.esm,1,false
04802E:Skyrim.esm,_24E_SpellGrounding_NPCLeftHand,Grounding (Rank IV),Elementalism,Spell,Concentration,Aimed,33,44,,true,0.3,1,25,0,1,Skyrim.esm,1,false
04800B:Skyrim.esm,_32E_SpellGrounding_NPC,Grounding (Rank V),Elementalism,Spell,Concentration,Aimed,42,62,,true,0.3,1,34,0,1,Skyrim.esm,1,false
00DBF2:Enderal - Forgotten Stories.esm,_42E_SpellGrounding_NPC,Grounding (Rank VI),Elementalism,Spell,Concentration,Aimed,50,75,,true,0.3,1,40,0,1,Enderal - Forgotten Stories.esm,1,false
047FFB:Skyrim.esm,_00E_SpellIceBreath_Wisp02,Ice Breath,Elementalism,Spell,Concentration,Aimed,20,31,,true,0.8,2,18,0,1,Skyrim.esm,1,false
047FFC:Skyrim.esm,_00E_SpellIceBreath_Wisp01,Ice Breath,Elementalism,Spell,Concentration,Aimed,20,12,,true,0.8,2,8,0,1,Skyrim.esm,1,false
00DBF5:Enderal - Forgotten Stories.esm,_01E_SpellIceBreath_NPC,Ice Breath (Rank I),Elementalism,Spell,Concentration,Aimed,9,7,,true,0.3,2,5.1,0,1,Enderal - Forgotten Stories.esm,1,false
015A82:Skyrim.esm,_01E_Frostbite,Ice Breath (Rank I),Elementalism,Spell,Concentration,Aimed,7,5,,true,0.7,3,3.5,0,1,Enderal SE - Gameplay Overhaul.esp,2,false
047FED:Skyrim.esm,_01E_SpellIceBreath_NPCLeftHand,Ice Breath (Rank I),Elementalism,Spell,Concentration,Aimed,9,7,,true,0.3,2,5.1,0,1,Skyrim.esm,1,false
0CC950:Skyrim.esm,_00E_MQ03_KonstantinIceBreathNoDamage,Ice Breath (Rank I),Elementalism,Spell,FireAndForget,Aimed,8,3,,true,0.8,1,0,0,0,Skyrim.esm,1,false
00DBF7:Enderal - Forgotten Stories.esm,_09E_SpellIceBreath_NPC,Ice Breath (Rank II),Elementalism,Spell,Concentration,Aimed,13,14,,true,0.3,2,9.15,0,1,Enderal - Forgotten Stories.esm,1,false
12E126:Skyrim.esm,_16E_Frostbite,Ice Breath (Rank II),Elementalism,Spell,Concentration,Aimed,16,13,,true,0.7,3,8.25,0,1,Enderal SE - Gameplay Overhaul.esp,2,false
04801A:Skyrim.esm,_16E_SpellIceBreath_NPC,Ice Breath (Rank III),Elementalism,Spell,Concentration,Aimed,18,21,,true,0.3,2,13,0,1,Skyrim.esm,1,false
12E12B:Skyrim.esm,_32E_Frostbite,Ice Breath (Rank III),Elementalism,Spell,Concentration,Aimed,28,25,,true,0.7,3,14.75,0,1,Enderal SE - Gameplay Overhaul.esp,2,false
00DBF9:Enderal - Forgotten Stories.esm,_24E_SpellIceBreath_NPC,Ice Breath (Rank IV),Elementalism,Spell,Concentration,Aimed,26,34,,true,0.3,2,19.5,0,1,Enderal - Forgotten Stories.esm,1,false
00DBFB:Enderal - Forgotten Stories.esm,_32E_SpellIceBreath_NPC,Ice Breath (Rank V),Elementalism,Spell,Concentration,Aimed,31,46,,true,0.3,2,26,0,1,Enderal - Forgotten Stories.esm,1,false
00DBFD:Enderal - Forgotten Stories.esm,_42E_SpellIceBreath_NPC,Ice Breath (Rank VI),Elementalism,Spell,Concentration,Aimed,38,62,,true,0.3,2,34,0,1,Enderal - Forgotten Stories.esm,1,false
06445C:Skyrim.esm,crAtronachCloakIceDmg,Ice Cloak Freeze,Elementalism,Spell,Concentration,Aimed,9,2,-7,false,0,2,1.5,0,1,Enderal SE - Gameplay Overhaul.esp,2,false
001D66:Enderal SE - Gameplay Overhaul.esp,NPCIceSpike03,Ice Spike,Elementalism,Spell,FireAndForget,Aimed,28,44,,true,0.5,4,26.5,0,0,Enderal SE - Gameplay Overhaul.esp,1,false
001E8F:Enderal SE - Gameplay Overhaul.esp,NPCIceSpike04,Ice Spike,Elementalism,Spell,FireAndForget,Aimed,30,50,,true,0.5,4,30,0,0,Enderal SE - Gameplay Overhaul.esp,1,false
01D0FC:Skyrim.esm,NPC08_IceSpike,Ice Spike,Elementalism,Spell,FireAndForget,Aimed,13,21,,true,0.5,4,14,0,0,Enderal SE - Gameplay Overhaul.esp,2,false
02B96C:Skyrim.esm,NPCIceSpike,Ice Spike,Elementalism,Spell,FireAndForget,Aimed,16,23,,true,0.5,4,15,0,0,Enderal SE - Gameplay Overhaul.esp,2,false
040000:Skyrim.esm,NPCIceSpikeLeftHand,Ice Spike,Elementalism,Spell,FireAndForget,Aimed,20,27,,true,0.5,3,17.5,0,0,Enderal SE - Gameplay Overhaul.esp,2,false
045185:Skyrim.esm,NPC04_IceSpike,Ice Spike,Elementalism,Spell,FireAndForget,Aimed,9,15,,true,0.5,4,10,0,0,Enderal SE - Gameplay Overhaul.esp,2,false
048008:Skyrim.esm,_01E_SpellIceSpike_NPCLeftHand,Ice Spike,Elementalism,Spell,FireAndForget,Aimed,14,18,,true,0.8,2,12,0,0,Skyrim.esm,1,false
06729C:Skyrim.esm,NPCIceSpikeLow,Ice Spike,Elementalism,Spell,FireAndForget,Aimed,20,27,,true,0.5,4,17,0,0,Enderal SE - Gameplay Overhaul.esp,2,false
07E569:Skyrim.esm,TrapIceSpike01,Ice Spike,Elementalism,Spell,FireAndForget,Aimed,77,166,89,false,0,2,50,0,0,Enderal SE - Gameplay Overhaul.esp,2,false
07E58E:Skyrim.esm,TrapIceSpike02,Ice Spike,Elementalism,Spell,FireAndForget,Aimed,112,166,54,false,0.5,2,50,0,0,Enderal SE - Gameplay Overhaul.esp,2,false
07E58F:Skyrim.esm,TrapIceSpike03,Ice Spike,Elementalism,Spell,FireAndForget,Aimed,148,184,36,false,0.5,2,55,0,0,Enderal SE - Gameplay Overhaul.esp,2,false
07E590:Skyrim.esm,TrapIceSpike04,Ice Spike,Elementalism,Spell,FireAndForget,Aimed,184,184,0,false,0,2,55,0,0,Skyrim.esm,1,false
07E591:Skyrim.esm,TrapIceSpike05,Ice Spike,Elementalism,Spell,FireAndForget,Aimed,222,203,-19,false,0.5,2,60,0,0,Enderal SE - Gameplay Overhaul.esp,2,false
07E592:Skyrim.esm,TrapIceSpike06,Ice Spike,Elementalism,Spell,FireAndForget,Aimed,259,203,-56,false,0.5,2,60,0,0,Enderal SE - Gameplay Overhaul.esp,2,false
090A3B:Skyrim.esm,NPCIceSpikeLeftHand03,Ice Spike,Elementalism,Spell,FireAndForget,Aimed,29,50,,true,0.5,3,30,0,0,Enderal SE - Gameplay Overhaul.esp,2,false
0C0118:Skyrim.esm,NPCIceSpike02,Ice Spike,Elementalism,Spell,FireAndForget,Aimed,23,32,,true,0.5,4,20,0,0,Enderal SE - Gameplay Overhaul.esp,2,false
067294:Skyrim.esm,_01E_Eispfeil,Ice Spike (Rank I),Elementalism,Spell,FireAndForget,Aimed,15,16,,true,0.5,4,11,0,0,Enderal SE - Gameplay Overhaul.esp,2,false
10A6F3:Skyrim.esm,_00E_MQ07a_MageIceSpike,Ice Spike (Rank I),Elementalism,Spell,FireAndForget,Aimed,14,21,,true,0.1,1,12,0,0,Skyrim.esm,1,false
00DBFF:Enderal - Forgotten Stories.esm,_10E_SpellIceSpike_NPC,Ice Spike (Rank II),Elementalism,Spell,FireAndForget,Aimed,20,35,,true,0.5,2,21.6,0,0,Enderal - Forgotten Stories.esm,1,false
08564F:Skyrim.esm,_10E_Eispfeil,Ice Spike (Rank II),Elementalism,Spell,FireAndForget,Aimed,22,30,,true,0.5,4,16.65,0,0,Enderal SE - Gameplay Overhaul.esp,2,false
00DC01:Enderal - Forgotten Stories.esm,_18E_SpellIceSpike_NPC,Ice Spike (Rank III),Elementalism,Spell,FireAndForget,Aimed,26,46,,true,0.5,2,28,0,0,Enderal - Forgotten Stories.esm,1,false
12E141:Skyrim.esm,_18E_Eispfeil,Ice Spike (Rank III),Elementalism,Spell,FireAndForget,Aimed,30,45,,true,0.5,4,23.45,0,0,Enderal SE - Gameplay Overhaul.esp,2,false
00DC03:Enderal - Forgotten Stories.esm,_28E_SpellIceSpike_NPC,Ice Spike (Rank IV),Elementalism,Spell,FireAndForget,Aimed,35,65,,true,0.5,2,38,0,0,Enderal - Forgotten Stories.esm,1,false
12E142:Skyrim.esm,_28E_Eispfeil,Ice Spike (Rank IV),Elementalism,Spell,FireAndForget,Aimed,39,157,,true,0.5,4,31.35,0,0,Enderal SE - Gameplay Overhaul.esp,2,false
00DC05:Enderal - Forgotten Stories.esm,_38E_SpellIceSpike_NPC,Ice Spike (Rank V),Elementalism,Spell,FireAndForget,Aimed,45,82,,true,0.5,2,47,0,0,Enderal - Forgotten Stories.esm,1,false
12E143:Skyrim.esm,_38E_Eispfeil,Ice Spike (Rank V),Elementalism,Spell,FireAndForget,Aimed,49,208,,true,0.5,4,40.60001,0,0,Enderal SE - Gameplay Overhaul.esp,2,false
00DC07:Enderal - Forgotten Stories.esm,_48E_SpellIceSpike_NPC,Ice Spike (Rank VI),Elementalism,Spell,FireAndForget,Aimed,54,100,,true,0.5,2,56,0,0,Enderal - Forgotten Stories.esm,1,false
12E144:Skyrim.esm,_48E_Eispfeil,Ice Spike (Rank VI),Elementalism,Spell,FireAndForget,Aimed,59,269,,true,0.5,4,51.15,0,0,Enderal SE - Gameplay Overhaul.esp,2,false
001E92:Enderal SE - Gameplay Overhaul.esp,NPCIceStorm30E,Ice Storm,Elementalism,Spell,FireAndForget,Aimed,34,72,,true,0.5,4,26,15,0,Enderal SE - Gameplay Overhaul.esp,1,false
045F9C:Skyrim.esm,NPCIceStorm,Ice Storm,Elementalism,Spell,FireAndForget,Aimed,55,115,,true,0.5,4,40,15,0,Enderal SE - Gameplay Overhaul.esp,2,false
07E56A:Skyrim.esm,TrapIceStorm01,Ice Storm,Elementalism,Spell,FireAndForget,Aimed,214,243,29,false,0,2,45,15,0,Enderal SE - Gameplay Overhaul.esp,2,false
07E593:Skyrim.esm,TrapIceStorm02,Ice Storm,Elementalism,Spell,FireAndForget,Aimed,334,243,-91,false,0.5,2,45,15,0,Enderal SE - Gameplay Overhaul.esp,2,false
07E594:Skyrim.esm,TrapIceStorm03,Ice Storm,Elementalism,Spell,FireAndForget,Aimed,396,273,-123,false,0.5,2,50,15,0,Enderal SE - Gameplay Overhaul.esp,2,false
07E595:Skyrim.esm,TrapIceStorm04,Ice Storm,Elementalism,Spell,FireAndForget,Aimed,458,273,-185,false,0.5,2,50,15,0,Enderal SE - Gameplay Overhaul.esp,2,false
07E596:Skyrim.esm,TrapIceStorm05,Ice Storm,Elementalism,Spell,FireAndForget,Aimed,522,303,-219,false,0.5,2,55,15,0,Enderal SE - Gameplay Overhaul.esp,2,false
07E597:Skyrim.esm,TrapIceStorm06,Ice Storm,Elementalism,Spell,FireAndForget,Aimed,586,303,-283,false,0.5,2,55,15,0,Enderal SE - Gameplay Overhaul.esp,2,false
0A1992:Skyrim.esm,NPCIceStormLeftHand,Ice Storm,Elementalism,Spell,FireAndForget,Aimed,60,147,,true,0.5,2,50,15,0,Enderal SE - Gameplay Overhaul.esp,1,false
0BB96A:Skyrim.esm,NPCIceStormRightHand,Ice Storm,Elementalism,Spell,FireAndForget,Aimed,53,99,,true,0.5,2,35,15,0,Enderal SE - Gameplay Overhaul.esp,2,false
10A6F9:Skyrim.esm,_00E_MQ07a_MageIceSTorm,Ice Storm,Elementalism,Spell,FireAndForget,Aimed,14,2,,true,0.1,1,1,0,0,Skyrim.esm,1,false
00084D:Enderal SE - Gameplay Overhaul.esp,NPCWispVolleylvl60,Ice Volley,Elementalism,Spell,FireAndForget,Aimed,25,530,,true,0.9,4,48,0,0,Enderal SE - Gameplay Overhaul.esp,1,false
0EFC5F:Skyrim.esm,NPCWispVolley,Ice Volley,Elementalism,Spell,FireAndForget,Aimed,20,351,,true,0.9,3,33,0,0,Enderal SE - Gameplay Overhaul.esp,2,false
004821:KataPUMBSpellPack.esp,Kata_S_Elementalism_50_IcicleStorm_1,Icicle Storm (Rank I),Elementalism,Spell,Concentration,Aimed,20,35,,true,0.6,1,21.6,0,0,KataPUMBSpellPack.esp,1,false
004822:KataPUMBSpellPack.esp,Kata_S_Elementalism_75_IcicleStorm_2,Icicle Storm (Rank II),Elementalism,Spell,Concentration,Aimed,26,46,,true,0.6,1,28,0,0,KataPUMBSpellPack.esp,1,false
004824:KataPUMBSpellPack.esp,Kata_S_Elementalism_99_IcicleStorm_3,Icicle Storm (Rank III),Elementalism,Spell,Concentration,Aimed,40,79,,true,0.6,1,45,0,0,KataPUMBSpellPack.esp,1,false
000833:BowRapidCombo.esp,Spell_IdleStop,IdleStop,Elementalism,Spell,FireAndForget,Self,0,0,,true,0,1,0,0,0,BowRapidCombo.esp,1,false
001E1F:Enderal SE - Gameplay Overhaul.esp,NPCLightningBoltRightHand04,Lightning Bolt,Elementalism,Spell,FireAndForget,Aimed,52,98,,true,0.5,3,45,0,0,Enderal SE - Gameplay Overhaul.esp,1,false
001E88:Enderal SE - Gameplay Overhaul.esp,NPCLightningBolt05,Lightning Bolt,Elementalism,Spell,FireAndForget,Aimed,44,113,,true,0.5,3,51,0,0,Enderal SE - Gameplay Overhaul.esp,1,false
001E91:Enderal SE - Gameplay Overhaul.esp,NPCLightningBolt03,Lightning Bolt,Elementalism,Spell,FireAndForget,Aimed,34,59,,true,0.5,3,28.5,0,0,Enderal SE - Gameplay Overhaul.esp,1,false
001E97:Enderal SE - Gameplay Overhaul.esp,NPCLightningBoltLeftHand2,Lightning Bolt,Elementalism,Spell,FireAndForget,Aimed,24,38,,true,0.5,3,19,0,0,Enderal SE - Gameplay Overhaul.esp,1,false
001EBD:Enderal SE - Gameplay Overhaul.esp,NPCLightningBoltKrustis,Lightning Bolt,Elementalism,Spell,FireAndForget,Aimed,31,51,,true,0.5,3,25,0,0,Enderal SE - Gameplay Overhaul.esp,1,false
002C8B:Enderal SE - Gameplay Overhaul.esp,NPC04EShock,Lightning Bolt,Elementalism,Spell,FireAndForget,Aimed,10,20,,true,0.5,3,11,0,0,Enderal SE - Gameplay Overhaul.esp,1,false
005E5D:Enderal SE - Gameplay Overhaul.esp,NPCLightningBolt04NoMana,Lightning Bolt,Elementalism,Spell,FireAndForget,Aimed,0,77,,true,0.5,3,36,0,0,Enderal SE - Gameplay Overhaul.esp,1,false
015A8D:Skyrim.esm,_50E_Lightning,Lightning Bolt,Elementalism,Spell,FireAndForget,Aimed,93,93,0,false,0.5,3,43,0,0,Skyrim.esm,1,false
02A009:Skyrim.esm,NPC08EShock,Lightning Bolt,Elementalism,Spell,FireAndForget,Aimed,13,29,,true,0.5,3,15,0,0,Enderal SE - Gameplay Overhaul.esp,2,false
02DD29:Skyrim.esm,NPCLightningBolt,Lightning Bolt,Elementalism,Spell,FireAndForget,Aimed,24,37,,true,0.5,3,18.5,0,0,Enderal SE - Gameplay Overhaul.esp,2,false
0400AB:Skyrim.esm,NPCLightningBoltLeftHand,Lightning Bolt,Elementalism,Spell,FireAndForget,Aimed,17,28,,true,0.5,2,14.5,0,0,Enderal SE - Gameplay Overhaul.esp,2,false
067293:Skyrim.esm,NPCLightningBoltLeftHandLow,Lightning Bolt,Elementalism,Spell,FireAndForget,Aimed,13,24,,true,0.5,2,12.5,0,0,Enderal SE - Gameplay Overhaul.esp,2,false
07E565:Skyrim.esm,TrapLightningBolt01,Lightning Bolt,Elementalism,Spell,FireAndForget,Aimed,28,184,156,false,0.5,1,50,0,0,Enderal SE - Gameplay Overhaul.esp,2,false
07E598:Skyrim.esm,TrapLightningBolt02,Lightning Bolt,Elementalism,Spell,FireAndForget,Aimed,86,184,98,false,0.5,1,50,0,0,Enderal SE - Gameplay Overhaul.esp,2,false
07E599:Skyrim.esm,TrapLightningBolt03,Lightning Bolt,Elementalism,Spell,FireAndForget,Aimed,67,205,138,false,0.5,1,55,0,0,Enderal SE - Gameplay Overhaul.esp,2,false
07E59A:Skyrim.esm,TrapLightningBolt04,Lightning Bolt,Elementalism,Spell,FireAndForget,Aimed,105,205,100,false,0.5,1,55,0,0,Enderal SE - Gameplay Overhaul.esp,2,false
07E59B:Skyrim.esm,TrapLightningBolt05,Lightning Bolt,Elementalism,Spell,FireAndForget,Aimed,124,225,101,false,0.5,1,60,0,0,Enderal SE - Gameplay Overhaul.esp,2,false
07E59C:Skyrim.esm,TrapLightningBolt06,Lightning Bolt,Elementalism,Spell,FireAndForget,Aimed,144,225,81,false,0.5,1,60,0,0,Enderal SE - Gameplay Overhaul.esp,2,false
095DD3:Skyrim.esm,NPCLightningBolt04,Lightning Bolt,Elementalism,Spell,FireAndForget,Aimed,37,77,,true,0.5,3,36,0,0,Enderal SE - Gameplay Overhaul.esp,2,false
0C96A2:Skyrim.esm,NPCLightningBoltRightHand,Lightning Bolt,Elementalism,Spell,FireAndForget,Aimed,27,40,,true,0.5,2,20,0,0,Enderal SE - Gameplay Overhaul.esp,2,false
0D93F3:Skyrim.esm,NPCLightningBolt02,Lightning Bolt,Elementalism,Spell,FireAndForget,Aimed,29,44,,true,0.5,3,22,0,0,Enderal SE - Gameplay Overhaul.esp,2,false
0D9461:Skyrim.esm,NPCLightningBoltRightHand2,Lightning Bolt,Elementalism,Spell,FireAndForget,Aimed,31,50,,true,0.5,2,24.3,0,0,Enderal SE - Gameplay Overhaul.esp,2,false
10EE3B:Skyrim.esm,crAtronachStormPCLightningBolt,Lightning Bolt,Elementalism,Spell,FireAndForget,Aimed,0,70,,true,0.25,1,33,0,0,Enderal SE - Gameplay Overhaul.esp,2,false
14975B:Skyrim.esm,_00E_MQ17_SC07_BlackGuardianLightningSP,Lightning Bolt,Elementalism,Spell,FireAndForget,Aimed,917,917,0,false,0.5,1,200,20,0,Skyrim.esm,1,false
06445D:Skyrim.esm,crAtronachCloakShockDmg,Lightning Cloak Drain,Elementalism,Spell,Concentration,Aimed,30,16,-14,false,0,1,7,0,1,Enderal SE - Gameplay Overhaul.esp,2,false
001E76:Enderal SE - Gameplay Overhaul.esp,NPCXionCloakLightning,Lightning Cowl,Elementalism,Spell,FireAndForget,Self,50,271,,true,0.5,2,10,0,60,Enderal SE - Gameplay Overhaul.esp,1,false
001E78:Enderal SE - Gameplay Overhaul.esp,NPCXionCloakLightningDmg,Lightning Cowl,Elementalism,Spell,Concentration,Aimed,22,13,-9,false,0,1,5,0,1,Enderal SE - Gameplay Overhaul.esp,1,false
02B392:Skyrim.esm,CloakLightningDmg,Lightning Cowl,Elementalism,Spell,Concentration,Aimed,22,71,49,false,0,2,22.8,0,1,Enderal SE - Gameplay Overhaul.esp,2,false
03AEA3:Skyrim.esm,XionSpellCloakLightning,Lightning Cowl,Elementalism,Spell,FireAndForget,Self,148,331,,true,0.75,2,12,0,60,Enderal SE - Gameplay Overhaul.esp,2,false
00DC15:Enderal - Forgotten Stories.esm,_14E_SpellLightningCowl_NPC,Lightning Cowl (Rank II),Elementalism,Spell,FireAndForget,Self,120,361,,true,0.5,2,13,0,60,Enderal - Forgotten Stories.esm,1,false
144793:Skyrim.esm,_18E_Blitzrune,Lightning Rune (Rank I),Elementalism,Spell,FireAndForget,TargetLocation,60,140,,true,1.1,1,23.5,0,1,Enderal SE - Gameplay Overhaul.esp,2,false
144794:Skyrim.esm,_35E_Blitzrune,Lightning Rune (Rank II),Elementalism,Spell,FireAndForget,TargetLocation,96,266,,true,1.1,1,42,0,1,Enderal SE - Gameplay Overhaul.esp,2,false
0098C0:KataPUMB_SpellPackage.esp,Kata_Spell_LightningStorm,Lightning Storm,Elementalism,Spell,Concentration,Aimed,50,190,,true,2.5,1,100,0,1,KataPUMB_SpellPackage.esp,1,false
033477:Skyrim.esm,_00E_FS_A3_Warrior_OnslaughtCloakSP,Onslaught,Elementalism,Spell,FireAndForget,Self,6,6,0,false,0,1,10,0,2,Skyrim.esm,1,false
03347B:Skyrim.esm,_00E_FS_A3_Warrior_OnslaughtCloakDMG,Onslaught,Elementalism,Spell,Concentration,Aimed,6,6,0,false,0,1,4,0,2,Skyrim.esm,1,false
001F20:Enderal SE - Gameplay Overhaul.esp,_00E_crOorbayaMeleeAttack2,Oorbaya Attack,Elementalism,Spell,FireAndForget,Touch,0,0,,true,0,1,100,50,25,Enderal SE - Gameplay Overhaul.esp,1,false
09520F:Skyrim.esm,_00E_crOorbayaMeleeAttack,Oorbaya Attack,Elementalism,Spell,FireAndForget,Touch,0,0,,true,0,1,100,50,25,Skyrim.esm,1,false
085FB2:Skyrim.esm,PerkBlutrausch,PerkBlutrausch,Elementalism,Spell,FireAndForget,Touch,432,432,0,false,0,1,15,0,0,Enderal - Forgotten Stories.esm,2,false
00086A:Enderal SE - Gameplay Overhaul.esp,XionSpellPoisonTouchUNUSED,Poisonous Touch,Elementalism,Spell,FireAndForget,TargetActor,73,11,,true,0.5,1,6,0,15,Enderal SE - Gameplay Overhaul.esp,1,false
01B171:Myths and Legends VI - The Forgotten One.esp,DLC2Seeker01MouthSpell,Seeker Drain,Elementalism,Spell,FireAndForget,Aimed,55,273,,true,0,3,5,0,15,Myths and Legends VI - The Forgotten One.esp,1,false
0EEEE6:Skyrim.esm,_00E_A2_GhostwalkCollCheckSP,Shatter!,Elementalism,Spell,FireAndForget,Aimed,29,1,,true,0,1,0,0,0,Skyrim.esm,1,false
015A8C:Skyrim.esm,_25E_Shock,Shock,Elementalism,Spell,FireAndForget,Aimed,51,51,0,false,0,3,25,0,0,Skyrim.esm,1,false
0591A4:Skyrim.esm,HazardWallOfShockSpell,Shock,Elementalism,Spell,FireAndForget,Touch,12,12,0,false,0.5,1,20,0,1,Skyrim.esm,1,false
004812:KataPUMBSpellPack.esp,Kata_S_Elementalism_25_ShockNova_1,Shock Nova (Rank I),Elementalism,Spell,FireAndForget,Self,31,13,,true,0.85,4,17.1,30,0,EGO - KataPUMB Spell Package.esp,2,false
00B36D:KataPUMB_SpellPackage.esp,Kata_Spell_Nova_ShockNova_I,Shock Nova (Rank I),Elementalism,Spell,FireAndForget,Self,10,1,,true,0.5,1,15,25,1,KataPUMB_SpellPackage.esp,1,false
004811:KataPUMBSpellPack.esp,Kata_S_Elementalism_50_ShockNova_2,Shock Nova (Rank II),Elementalism,Spell,FireAndForget,Self,44,20,,true,0.85,4,24.8,30,0,EGO - KataPUMB Spell Package.esp,2,false
00B36F:KataPUMB_SpellPackage.esp,Kata_Spell_Nova_ShockNova_II,Shock Nova (Rank II),Elementalism,Spell,FireAndForget,Self,25,2,,true,0.5,1,22.5,25,1,KataPUMB_SpellPackage.esp,1,false
004814:KataPUMBSpellPack.esp,Kata_S_Elementalism_75_ShockNova_3,Shock Nova (Rank III),Elementalism,Spell,FireAndForget,Self,59,29,,true,0.85,4,34.2,30,0,EGO - KataPUMB Spell Package.esp,2,false
00B371:KataPUMB_SpellPackage.esp,Kata_Spell_Nova_ShockNova_III,Shock Nova (Rank III),Elementalism,Spell,FireAndForget,Self,43,3,,true,0.5,1,33,25,1,KataPUMB_SpellPackage.esp,1,false
004816:KataPUMBSpellPack.esp,Kata_S_Elementalism_99_ShockNova_4,Shock Nova (Rank IV),Elementalism,Spell,FireAndForget,Self,79,40,,true,0.85,4,46.17,30,0,EGO - KataPUMB Spell Package.esp,2,false
00B373:KataPUMB_SpellPackage.esp,Kata_Spell_Nova_ShockNova_IV,Shock Nova (Rank IV),Elementalism,Spell,FireAndForget,Self,66,5,,true,0.5,1,50,25,1,KataPUMB_SpellPackage.esp,1,false
065BC2:Skyrim.esm,crDwarvenSpiderShock01,Shock Spit,Elementalism,Spell,FireAndForget,Aimed,5,2,,true,0,1,15,0,1,Enderal SE - Gameplay Overhaul.esp,2,false
10EC88:Skyrim.esm,crDwarvenSpiderShock02,Shock Spit,Elementalism,Spell,FireAndForget,Aimed,5,3,,true,0,1,21,0,1,Enderal SE - Gameplay Overhaul.esp,2,false
001DE6:Enderal SE - Gameplay Overhaul.esp,NPCSparksLeftHand2,Sparks,Elementalism,Spell,Concentration,Aimed,18,24,,true,0.5,1,14.2,0,1,Enderal SE - Gameplay Overhaul.esp,1,false
001E94:Enderal SE - Gameplay Overhaul.esp,NPCSparks2,Sparks,Elementalism,Spell,Concentration,Aimed,24,36,,true,0.5,1,20.5,0,1,Enderal SE - Gameplay Overhaul.esp,1,false
040001:Skyrim.esm,NPCSparksLeftHand,Sparks,Elementalism,Spell,Concentration,Aimed,12,12,,true,0.5,1,8,0,1,Enderal SE - Gameplay Overhaul.esp,2,false
067292:Skyrim.esm,SparksLow,Sparks,Elementalism,Spell,Concentration,Aimed,8,9,1,false,0,2,6,0,1,Enderal SE - Gameplay Overhaul.esp,2,false
07E56B:Skyrim.esm,TrapSparks01,Sparks,Elementalism,Spell,Concentration,Aimed,74,131,57,false,0,1,25,0,1,Enderal SE - Gameplay Overhaul.esp,2,false
07E59D:Skyrim.esm,TrapSparks02,Sparks,Elementalism,Spell,Concentration,Aimed,131,131,0,false,0,1,25,0,1,Skyrim.esm,1,false
07E59E:Skyrim.esm,TrapSparks03,Sparks,Elementalism,Spell,Concentration,Aimed,160,142,-18,false,0,1,27,0,1,Enderal SE - Gameplay Overhaul.esp,2,false
07E59F:Skyrim.esm,TrapSparks04,Sparks,Elementalism,Spell,Concentration,Aimed,189,142,-47,false,0,1,27,0,1,Enderal SE - Gameplay Overhaul.esp,2,false
07E5A0:Skyrim.esm,TrapSparks05,Sparks,Elementalism,Spell,Concentration,Aimed,219,154,-65,false,0,1,29,0,1,Enderal SE - Gameplay Overhaul.esp,2,false
07E5A1:Skyrim.esm,TrapSparks06,Sparks,Elementalism,Spell,Concentration,Aimed,250,154,-96,false,0,1,29,0,1,Enderal SE - Gameplay Overhaul.esp,2,false
0C96A1:Skyrim.esm,NPCSparksRightHand,Sparks,Elementalism,Spell,Concentration,Aimed,11,15,,true,0.5,1,9.5,0,1,Enderal SE - Gameplay Overhaul.esp,2,false
02E2E8:Enderal - Forgotten Stories.esm,_00E_FS_NQR05_Tharael_SpectralArrow,Spectral Arrow,Elementalism,Spell,FireAndForget,Aimed,41,41,0,false,0.5,1,25,0,0,Enderal - Forgotten Stories.esm,1,false
0A26F4:Skyrim.esm,crIceWraithBite,Spectral Bite,Elementalism,Spell,FireAndForget,Touch,0,15,,true,0,2,10,0,1,Enderal SE - Gameplay Overhaul.esp,2,false
0142DB:KataPUMBSpellPack.esp,Kata_S_Elementalism_00_StaticTouch_1,Static Touch (Rank I),Elementalism,Spell,FireAndForget,Aimed,16,27,,true,0.5,3,14.1,0,0,EGO - KataPUMB Spell Package.esp,2,false
0142E1:KataPUMBSpellPack.esp,Kata_S_Elementalism_25_StaticTouch_1,Static Touch (Rank II),Elementalism,Spell,FireAndForget,Aimed,26,48,,true,0.5,3,23.7,0,0,EGO - KataPUMB Spell Package.esp,2,false
0142E2:KataPUMBSpellPack.esp,Kata_S_Elementalism_50_StaticTouch_1,Static Touch (Rank III),Elementalism,Spell,FireAndForget,Aimed,37,72,,true,0.5,3,33.84,0,0,EGO - KataPUMB Spell Package.esp,2,false
0142E3:KataPUMBSpellPack.esp,Kata_S_Elementalism_75_StaticTouch_4,Static Touch (Rank IV),Elementalism,Spell,FireAndForget,Aimed,54,115,,true,0.5,3,51.7,0,0,EGO - KataPUMB Spell Package.esp,2,false
0142E4:KataPUMBSpellPack.esp,Kata_S_Elementalism_99_StaticTouch_5,Static Touch (Rank V),Elementalism,Spell,FireAndForget,Aimed,72,170,,true,0.5,3,73.8,0,0,EGO - KataPUMB Spell Package.esp,2,false
050CFA:Skyrim.esm,crAtronachStormMeleeAttack,Storm Atronach Attack,Elementalism,Spell,FireAndForget,Touch,0,40,,true,0,1,20,0,0,Skyrim.esm,1,false
1074FB:Skyrim.esm,crAtronachStormAreaAttack,Storm Atronach Attack,Elementalism,Spell,FireAndForget,Touch,0,51,,true,0,1,25,25,0,Enderal SE - Gameplay Overhaul.esp,2,false
11B0BA:Skyrim.esm,_00E_MQ12b_TealorShieldSP,Tealor Shield,Elementalism,Spell,FireAndForget,Self,0,0,0,false,3,1,0,15,0,Skyrim.esm,1,false
01EC37:Enderal - Forgotten Stories.esm,_60E_FS_Mystical_Eletrocution,Thunderclap (Mystical),Elementalism,Spell,Concentration,Aimed,130,281,,true,2.25,2,143,0,1,Enderal SE - Gameplay Overhaul.esp,2,false
0FEAAB:Skyrim.esm,TorchBashFireSpell,Torch Fire,Elementalism,Spell,FireAndForget,Touch,1,2,1,false,0,1,3,0,2,Enderal SE - Gameplay Overhaul.esp,2,false
01019D:Enderal - Forgotten Stories.esm,_28E_SpellWallOfFlames_NPC,Wall of Flames,Elementalism,Spell,Concentration,Aimed,40,151,,true,0,1,10,0,1,Enderal - Forgotten Stories.esm,1,false
035D7F:Skyrim.esm,WallOfFlames,Wall of Flames,Elementalism,Spell,Concentration,Aimed,118,118,0,false,0,2,8,0,1,Skyrim.esm,1,false
13F1B6:Skyrim.esm,NPCWallOfFlamesLeftHand,Wall of Flames,Elementalism,Spell,Concentration,Aimed,25,341,,true,0.5,2,21,0,1,Enderal SE - Gameplay Overhaul.esp,2,false
14479C:Skyrim.esm,_28E_SpellWallOfFlames,Wall of Flames,Elementalism,Spell,Concentration,Aimed,47,309,,true,0.85,2,19.2,0,1,Enderal SE - Gameplay Overhaul.esp,2,false
0101A0:Enderal - Forgotten Stories.esm,_28E_SpellWallOfFrost_NPC,Wall of Frost,Elementalism,Spell,Concentration,Aimed,33,156,,true,0,2,9,0,1,Enderal - Forgotten Stories.esm,1,false
0ED396:Skyrim.esm,FXIceWraith,Wall of Frost,Elementalism,Spell,Concentration,Aimed,0,0,0,false,0,2,14,0,1,Enderal SE - Gameplay Overhaul.esp,2,false
14479D:Skyrim.esm,_28E_SpellWallOfFrost,Wall of Frost,Elementalism,Spell,Concentration,Aimed,42,270,,true,0.8,3,14.75,0,1,Enderal SE - Gameplay Overhaul.esp,2,false
14479E:Skyrim.esm,_28E_SpellWallOfLightning,Wall of LIghtning,Elementalism,Spell,Concentration,Aimed,61,484,,true,0.9,2,23.85,0,1,Enderal SE - Gameplay Overhaul.esp,2,false
0101A3:Enderal - Forgotten Stories.esm,_30E_SpellWallOfLightning_NPC,Wall of Lightning,Elementalism,Spell,Concentration,Aimed,50,227,,true,0,1,12,0,1,Enderal - Forgotten Stories.esm,1,false
000807:Wendigo creature mod.esp,wendigostrike,Wendigo Claw Strike,Elementalism,Spell,FireAndForget,Touch,0,0,,true,0,1,100,0,25,Wendigo creature mod.esp,1,false
02B38A:Skyrim.esm,CloakFrostDmg,Winter Skin,Elementalism,Spell,Concentration,Aimed,19,36,17,false,0,3,14,0,1,Enderal SE - Gameplay Overhaul.esp,2,false
119BD3:Skyrim.esm,XionSpellCloakIce,Winter Skin,Elementalism,Spell,FireAndForget,Self,108,386,,true,0.75,2,12,0,60,Enderal SE - Gameplay Overhaul.esp,2,false
0101A7:Enderal - Forgotten Stories.esm,_20E_SpellWinterSkin_NPC,Winter Skin (Rank I),Elementalism,Spell,FireAndForget,Self,120,904,,true,0.5,2,13,0,120,Enderal - Forgotten Stories.esm,1,false
0101A9:Enderal - Forgotten Stories.esm,_50E_SpellWinterSkin_NPC,Winter Skin (Rank II),Elementalism,Spell,FireAndForget,Self,270,1254,,true,0.5,2,35,0,60,Enderal - Forgotten Stories.esm,1,false
001F4B:Enderal SE - Gameplay Overhaul.esp,crWispMeleeDUPLICATE001,Wisp Frost Damage,Elementalism,Spell,FireAndForget,Touch,0,15,,true,0,1,10,0,0,Enderal SE - Gameplay Overhaul.esp,1,false
001F4E:Enderal SE - Gameplay Overhaul.esp,crWispMelee05,Wisp Frost Damage,Elementalism,Spell,FireAndForget,Touch,0,7,,true,0,1,5,0,0,Enderal SE - Gameplay Overhaul.esp,1,false
001F4F:Enderal SE - Gameplay Overhaul.esp,crWispMelee2,Wisp Frost Damage,Elementalism,Spell,FireAndForget,Touch,0,23,,true,0,1,15,0,0,Enderal SE - Gameplay Overhaul.esp,1,false
091F78:Skyrim.esm,WispDrainAttack,Wisp's Kiss,Elementalism,Spell,FireAndForget,Touch,0,27,,true,0,2,25,0,0,Enderal SE - Gameplay Overhaul.esp,2,false
0A041F:Skyrim.esm,crSprigganConcentration,Wood Elemental Spray,Elementalism,Spell,Concentration,Aimed,0,22,,true,0,1,7.5,0,3,Enderal SE - Gameplay Overhaul.esp,1,false
1090FB:Skyrim.esm,crSprigganMatronConcentration,Wood Elemental Spray,Elementalism,Spell,Concentration,Aimed,0,28,,true,0,1,9,0,3,Enderal SE - Gameplay Overhaul.esp,1,false
03C790:Skyrim.esm,_00E_A1_ArcticWindSP,Arctic Wind,Elementalism,Voice,FireAndForget,Aimed,1565,1565,0,false,0,3,1,0,3,Skyrim.esm,1,false
1458F9:Skyrim.esm,_00E_MQ11b_AdilaFireShout,Arctic Wind,Elementalism,Voice,FireAndForget,Aimed,159,159,0,false,0,1,1,0,3,Skyrim.esm,1,false
067208:Skyrim.esm,_00E_A2_DanceOfBladesSP,Blade Dance,Elementalism,Voice,FireAndForget,Self,0,22506,,true,0,7,200,0,15,Enderal SE - Gameplay Overhaul.esp,2,false
05C24D:Skyrim.esm,_00E_A1_FireArrowSP,Fire Arrow,Elementalism,Voice,FireAndForget,Self,147,2450,,true,0,7,4.5,0,10,Enderal SE - Gameplay Overhaul.esp,2,false
04DBA6:Skyrim.esm,VoiceFireBall1,Fire Ball,Elementalism,Voice,FireAndForget,Aimed,0,53,,true,0,1,20,15,0,Skyrim.esm,1,false
04DBA7:Skyrim.esm,VoiceFireBall2,Fire Ball,Elementalism,Voice,FireAndForget,Aimed,0,84,,true,0,1,30,15,0,Skyrim.esm,1,false
04DBA8:Skyrim.esm,VoiceFireBall3,Fire Ball,Elementalism,Voice,FireAndForget,Aimed,0,115,,true,0,1,40,15,0,Skyrim.esm,1,false
09CAF0:Skyrim.esm,VoiceIceForm1,Ice Form,Elementalism,Voice,FireAndForget,Aimed,1,1,0,false,0,2,0,0,15,Skyrim.esm,1,false
09CAF1:Skyrim.esm,VoiceIceForm2,Ice Form,Elementalism,Voice,FireAndForget,Aimed,3,3,0,false,0,2,0,0,30,Skyrim.esm,1,false
09CAF2:Skyrim.esm,VoiceIceForm3,Ice Form,Elementalism,Voice,FireAndForget,Aimed,7,7,0,false,0,2,0,0,60,Skyrim.esm,1,false
0F865A:Skyrim.esm,_00E_A1_QyraiStanceSP,Qyranian Stance,Elementalism,Voice,FireAndForget,Self,18859,21899,3040,false,0,13,0,0,0,Enderal SE - Gameplay Overhaul.esp,2,false
0F64A7:Skyrim.esm,_00E_A2_StarlingdummyProjSP,Starling Dummy,Elementalism,Voice,FireAndForget,Aimed,0,0,,true,0,1,1,0,1,Skyrim.esm,1,false
13B5EE:Skyrim.esm,VoiceDragonShock,Storm,Elementalism,Voice,Concentration,Aimed,5,190,,true,0,1,100,15,1,Skyrim.esm,1,false
013F39:Skyrim.esm,VoiceUnrelentingForce2,Unrelenting Force - Fus Ro,Elementalism,Voice,FireAndForget,Aimed,2,2,0,false,0,2,1.25,0,0,Skyrim.esm,1,false
016D45:Skyrim.esm,DragonVoiceUnrelentingForce,Unrelenting Force - Fus Ro Da,Elementalism,Voice,FireAndForget,Aimed,2,2,0,false,0,1,1,0,0,Skyrim.esm,1,false
003B08:KataPUMBSpellPack.esp,Kata_AB_RitualOfTheDamned_1,Ritual of the Damned,Entropy,Ability,ConstantEffect,Self,0,0,,true,0,2,50,0,0,KataPUMBSpellPack.esp,1,false
10D1B5:Skyrim.esm,_00E_A2_SkyfallSelectionSP,Skyfall,Entropy,Ability,ConstantEffect,Self,0,0,0,false,0,2,0.2,0,0,Skyrim.esm,1,false
02A055:Enderal - Forgotten Stories.esm,_FS_NQR05_SC17_TharaelPortalSpell,,Entropy,Spell,FireAndForget,TargetLocation,0,15,,true,0.5,1,0,0,0,Enderal - Forgotten Stories.esm,1,false
133CED:Skyrim.esm,_00E_MQ12b_YuslanRitualSP,,Entropy,Spell,FireAndForget,Self,0,0,0,false,3,1,5,15,5,Skyrim.esm,1,false
02F297:Enderal - Forgotten Stories.esm,_07E_FS_BoneSpirit,>Chaos Nova (Rank I),Entropy,Spell,FireAndForget,Aimed,999,32,,true,0.5,1,11,30,0,Enderal SE - Gameplay Overhaul.esp,2,false
02F29D:Enderal - Forgotten Stories.esm,_17E_FS_BoneSpirit,>Chaos Nova (Rank II),Entropy,Spell,FireAndForget,Aimed,999,51,,true,0.5,1,17,30,0,Enderal SE - Gameplay Overhaul.esp,2,false
13798F:Skyrim.esm,_30E_EldritchBreathunused,>Death Breath (Rank IV),Entropy,Spell,Concentration,Aimed,999,89,,true,0.9,1,41,0,1,Enderal SE - Gameplay Overhaul.esp,2,false
137990:Skyrim.esm,_40E_EldritchBreathunused,>Death Breath (Rank V),Entropy,Spell,Concentration,Aimed,999,96,,true,0.5,1,44,0,1,Enderal SE - Gameplay Overhaul.esp,2,false
02F27C:Enderal - Forgotten Stories.esm,_05E_FS_CorpseExplosion,>Grave Curse (Rank I),Entropy,Spell,FireAndForget,Aimed,999,16,,true,0.5,1,15,0,7,Enderal SE - Gameplay Overhaul.esp,2,false
02F282:Enderal - Forgotten Stories.esm,_15E_FS_CorpseExplosion,>Grave Curse (Rank II),Entropy,Spell,FireAndForget,Aimed,999,52,,true,0.5,1,25,0,12,Enderal SE - Gameplay Overhaul.esp,2,false
0083E9:Enderal SE - Gameplay Overhaul.esp,XionSpellBanish,Banish (Rank I),Entropy,Spell,FireAndForget,Aimed,24,37674,,true,0.5,1,9999,0,0,Enderal SE - Gameplay Overhaul.esp,1,false
0083ED:Enderal SE - Gameplay Overhaul.esp,XionSpellBanish2,Banish (Rank II),Entropy,Spell,FireAndForget,Aimed,35,37674,,true,0.5,1,9999,0,0,Enderal SE - Gameplay Overhaul.esp,1,false
0083EE:Enderal SE - Gameplay Overhaul.esp,XionSpellBanish3,Banish (Rank III),Entropy,Spell,FireAndForget,Aimed,50,37674,,true,0.5,1,9999,0,0,Enderal SE - Gameplay Overhaul.esp,1,false
0211EB:Skyrim.esm,BoundSword,Bound Sword,Entropy,Spell,FireAndForget,Self,92,46,-46,false,0.5,1,0,0,120,Skyrim.esm,1,false
001E19:Enderal SE - Gameplay Overhaul.esp,NPCXionChaosNova,Chaos Nova,Entropy,Spell,FireAndForget,Aimed,35,55,,true,0.5,1,18,32,0,Enderal SE - Gameplay Overhaul.esp,1,false
001E23:Enderal SE - Gameplay Overhaul.esp,NPCXionChaosNova2,Chaos Nova,Entropy,Spell,FireAndForget,Aimed,40,75,,true,0.5,1,24,32,0,Enderal SE - Gameplay Overhaul.esp,1,false
001E26:Enderal SE - Gameplay Overhaul.esp,NPCXionChaosNova3,Chaos Nova,Entropy,Spell,FireAndForget,Aimed,55,133,,true,0.5,1,40,32,0,Enderal SE - Gameplay Overhaul.esp,1,false
02F29E:Enderal - Forgotten Stories.esm,_25E_FS_BoneSpirit,Chaos Nova (Rank I),Entropy,Spell,FireAndForget,Aimed,48,62,,true,0.85,1,20,32,0,Enderal SE - Gameplay Overhaul.esp,2,false
02F29F:Enderal - Forgotten Stories.esm,_40E_FS_BoneSpirit,Chaos Nova (Rank II),Entropy,Spell,FireAndForget,Aimed,68,96,,true,0.85,1,30,32,0,Enderal SE - Gameplay Overhaul.esp,2,false
02F2A0:Enderal - Forgotten Stories.esm,_54E_FS_BoneSpirit,Chaos Nova (Rank III),Entropy,Spell,FireAndForget,Aimed,90,138,,true,0.85,1,41.5,32,0,Enderal SE - Gameplay Overhaul.esp,2,false
01B172:Myths and Legends VI - The Forgotten One.esp,XionForgottenChaosNova,Chaosnova,Entropy,Spell,FireAndForget,Aimed,65,162,,true,0,1,48,64,0,Myths and Legends VI - The Forgotten One.esp,1,false
00DB80:Enderal - Forgotten Stories.esm,_07E_FS_BoneSpirit_NPC,Chaosnova (Rank I),Entropy,Spell,FireAndForget,Aimed,17,32,,true,0.3,1,11,64,0,Enderal - Forgotten Stories.esm,1,false
02F571:Enderal - Forgotten Stories.esm,_07E_FS_BoneSpirit_NPCLeftHand,Chaosnova (Rank I),Entropy,Spell,FireAndForget,Aimed,17,32,,true,0.3,1,11,64,0,Enderal - Forgotten Stories.esm,1,false
00DB82:Enderal - Forgotten Stories.esm,_17E_FS_BoneSpirit_NPC,Chaosnova (Rank II),Entropy,Spell,FireAndForget,Aimed,28,51,,true,0.3,1,17,64,0,Enderal - Forgotten Stories.esm,1,false
00DB84:Enderal - Forgotten Stories.esm,_25E_FS_BoneSpirit_NPC,Chaosnova (Rank III),Entropy,Spell,FireAndForget,Aimed,40,68,,true,0.3,1,22,64,0,Enderal - Forgotten Stories.esm,1,false
00DB86:Enderal - Forgotten Stories.esm,_40E_FS_BoneSpirit_NPC,Chaosnova (Rank IV),Entropy,Spell,FireAndForget,Aimed,65,96,,true,0.3,1,30,64,0,Enderal - Forgotten Stories.esm,1,false
00DB88:Enderal - Forgotten Stories.esm,_50E_FS_BoneSpirit_NPC,Chaosnova (Rank V),Entropy,Spell,FireAndForget,Aimed,75,125,,true,0.3,1,38,64,0,Enderal - Forgotten Stories.esm,1,false
000843:Enderal SE - Gameplay Overhaul.esp,NPCXionConjureFamiliarBear,Conjure Bear,Entropy,Spell,FireAndForget,TargetLocation,70,360,,true,1.5,1,0,0,180,Enderal SE - Gameplay Overhaul.esp,1,false
001D79:Enderal SE - Gameplay Overhaul.esp,NPCXionConjureElementalWolfDarkhand,Conjure Elemental Wolf,Entropy,Spell,FireAndForget,TargetLocation,120,494,,true,0.5,1,0,0,240,Enderal SE - Gameplay Overhaul.esp,1,false
048033:Skyrim.esm,NPCXionConjureFireElemental2,Conjure Fire Elemental,Entropy,Spell,FireAndForget,TargetLocation,150,360,,true,1.5,1,0,0,180,Enderal SE - Gameplay Overhaul.esp,2,false
0BB967:Skyrim.esm,NPCXionConjureFireElemental,Conjure Fire Elemental,Entropy,Spell,FireAndForget,TargetLocation,90,252,,true,1.5,1,0,0,180,Enderal SE - Gameplay Overhaul.esp,1,false
000846:Enderal SE - Gameplay Overhaul.esp,NPCXionConjureIceElemental,Conjure Ice Elemental,Entropy,Spell,FireAndForget,TargetLocation,90,360,,true,1.5,1,0,0,180,Enderal SE - Gameplay Overhaul.esp,1,false
001F2C:Enderal SE - Gameplay Overhaul.esp,NPCXionConjureIceElementalDarkhand,Conjure Ice Elemental,Entropy,Spell,FireAndForget,TargetLocation,160,494,,true,0.5,1,0,0,240,Enderal SE - Gameplay Overhaul.esp,1,false
001F61:Enderal SE - Gameplay Overhaul.esp,NPCXionConjureMudElemental,Conjure Mud Elemental,Entropy,Spell,FireAndForget,TargetLocation,90,360,,true,1.5,1,0,0,180,Enderal SE - Gameplay Overhaul.esp,1,false
048038:Skyrim.esm,NPCXionConjureMudElemental2,Conjure Mud Elemental,Entropy,Spell,FireAndForget,TargetLocation,150,360,,true,1.5,1,0,0,180,Enderal SE - Gameplay Overhaul.esp,2,false
001D78:Enderal SE - Gameplay Overhaul.esp,NPCXionConjureOrbayaDarkhand,Conjure Oorbaya,Entropy,Spell,FireAndForget,TargetLocation,160,494,,true,0.5,1,0,0,240,Enderal SE - Gameplay Overhaul.esp,1,false
048037:Skyrim.esm,NPCXionConjureOorbaya,Conjure Oorbaya,Entropy,Spell,FireAndForget,TargetLocation,100,360,,true,1.5,1,0,0,180,Enderal SE - Gameplay Overhaul.esp,2,false
117FD4:Skyrim.esm,NPCXionConjureOorbaya2,Conjure Oorbaya,Entropy,Spell,FireAndForget,TargetLocation,160,360,,true,1.5,1,0,0,180,Enderal SE - Gameplay Overhaul.esp,2,false
000844:Enderal SE - Gameplay Overhaul.esp,NPCXionConjureFamiliarAhne,Conjure Skeleton,Entropy,Spell,FireAndForget,TargetLocation,60,360,,true,1.5,1,0,0,180,Enderal SE - Gameplay Overhaul.esp,1,false
001EBE:Enderal SE - Gameplay Overhaul.esp,NPCXionConjureFamiliarAhneDarkhand,Conjure Skeleton,Entropy,Spell,FireAndForget,TargetLocation,70,494,,true,0.5,1,0,0,240,Enderal SE - Gameplay Overhaul.esp,1,false
001F6E:Enderal SE - Gameplay Overhaul.esp,NPCXionConjureFamiliarAhneExperimantator,Conjure Skeleton,Entropy,Spell,FireAndForget,TargetLocation,70,494,,true,0.5,1,0,0,240,Enderal SE - Gameplay Overhaul.esp,1,false
001F53:Enderal SE - Gameplay Overhaul.esp,NPCXionConjureSoilElemental,Conjure Soil Elemental,Entropy,Spell,FireAndForget,TargetLocation,90,360,,true,1.5,1,0,0,180,Enderal SE - Gameplay Overhaul.esp,1,false
048036:Skyrim.esm,NPCXionConjureGhostlyWolf,Conjure Wolf,Entropy,Spell,FireAndForget,TargetLocation,55,360,,true,1.5,1,0,0,180,Enderal SE - Gameplay Overhaul.esp,2,false
00F4F3:KataPUMB_SpellPackage.esp,Kata_Spell_Curse_I,Curse (Rank I),Entropy,Spell,FireAndForget,Aimed,45,145,,true,0.5,2,2,0,30,KataPUMB_SpellPackage.esp,1,false
00F4F4:KataPUMB_SpellPackage.esp,Kata_Spell_Curse_II,Curse (Rank II),Entropy,Spell,FireAndForget,Aimed,105,586,,true,0.5,2,4,0,60,KataPUMB_SpellPackage.esp,1,false
00F4F6:KataPUMB_SpellPackage.esp,Kata_Spell_Curse_III,Curse (Rank III),Entropy,Spell,FireAndForget,Aimed,220,5471,,true,0.5,2,10,0,300,KataPUMB_SpellPackage.esp,1,false
002E72:KataPUMBSpellPack.esp,Kata_S_Entropy_75_Curse_4,Curse (Rank IV),Entropy,Spell,FireAndForget,Aimed,44,1820,,true,0.5,2,30,0,60,KataPUMBSpellPack.esp,1,false
002E6D:KataPUMBSpellPack.esp,Kata_S_Entropy_00_Curse_1,Curse of Fragility (Rank I),Entropy,Spell,FireAndForget,Aimed,17,3237,,true,0.5,2,13,0,120,EGO - KataPUMB Spell Package.esp,2,false
002E6E:KataPUMBSpellPack.esp,Kata_S_Entropy_25_Curse_2,Curse of Fragility (Rank II),Entropy,Spell,FireAndForget,Aimed,28,4413,,true,0.5,2,16,0,120,EGO - KataPUMB Spell Package.esp,2,false
002E70:KataPUMBSpellPack.esp,Kata_S_Entropy_50_Curse_3,Curse of Fragility (Rank III),Entropy,Spell,FireAndForget,Aimed,40,5618,,true,0.5,2,19,0,120,EGO - KataPUMB Spell Package.esp,2,false
002E74:KataPUMBSpellPack.esp,Kata_S_Entropy_75_Curse_5,Curse of Fragility (Rank IV),Entropy,Spell,FireAndForget,Aimed,53,6848,,true,0.5,2,22,0,120,EGO - KataPUMB Spell Package.esp,2,false
002E76:KataPUMBSpellPack.esp,Kata_S_Entropy_99_Curse_6,Curse of Fragility (Rank V),Entropy,Spell,FireAndForget,Aimed,67,8097,,true,0.5,2,25,0,120,EGO - KataPUMB Spell Package.esp,2,false
002E3D:KataPUMBSpellPack.esp,Kata_S_Entropy_00_DeathBeam_1,Death Beam (Rank I),Entropy,Spell,Concentration,Aimed,6,0,,true,0.9,1,4,0,1,KataPUMBSpellPack.esp,1,false
003CA2:KataPUMB_SpellPackage.esp,Kata_Spell_DeathBeam_I,Death Beam (Rank I),Entropy,Spell,Concentration,Aimed,4,6,,true,0.4,1,4.5,0,1,KataPUMB_SpellPackage.esp,1,false
002E3E:KataPUMBSpellPack.esp,Kata_S_Entropy_25_DeathBeam_2,Death Beam (Rank II),Entropy,Spell,Concentration,Aimed,12,0,,true,0.5,1,6,0,1,KataPUMBSpellPack.esp,1,false
003CA4:KataPUMB_SpellPackage.esp,Kata_Spell_DeathBeam_II,Death Beam (Rank II),Entropy,Spell,Concentration,Aimed,8,12,,true,0.3,1,8,0,1,KataPUMB_SpellPackage.esp,1,false
002E40:KataPUMBSpellPack.esp,Kata_S_Entropy_50_DeathBeam_3,Death Beam (Rank III),Entropy,Spell,Concentration,Aimed,19,0,,true,0.5,1,10,0,1,KataPUMBSpellPack.esp,1,false
003CA5:KataPUMB_SpellPackage.esp,Kata_Spell_DeathBeam_III,Death Beam (Rank III),Entropy,Spell,Concentration,Aimed,12,25,,true,0.3,1,15,0,1,KataPUMB_SpellPackage.esp,1,false
002E42:KataPUMBSpellPack.esp,Kata_S_Entropy_75_DeathBeam_4,Death Beam (Rank IV),Entropy,Spell,Concentration,Aimed,29,0,,true,0.5,1,18,0,1,KataPUMBSpellPack.esp,1,false
003CA7:KataPUMB_SpellPackage.esp,Kata_Spell_DeathBeam_IV,Death Beam (Rank IV),Entropy,Spell,Concentration,Aimed,22,42,,true,0.3,1,24,0,1,KataPUMB_SpellPackage.esp,1,false
002E44:KataPUMBSpellPack.esp,Kata_S_Entropy_75_DeathBeam_5,Death Beam (Rank V),Entropy,Spell,Concentration,Aimed,38,0,,true,0.5,1,22,0,1,KataPUMBSpellPack.esp,1,false
003CA8:KataPUMB_SpellPackage.esp,Kata_Spell_DeathBeam_V,Death Beam (Rank V),Entropy,Spell,Concentration,Aimed,30,66,,true,0.3,1,36,0,1,KataPUMB_SpellPackage.esp,1,false
002E46:KataPUMBSpellPack.esp,Kata_S_Entropy_99_DeathBeam_6,Death Beam (Rank VI),Entropy,Spell,Concentration,Aimed,38,0,,true,0.5,1,36,0,1,KataPUMBSpellPack.esp,1,false
003CA9:KataPUMB_SpellPackage.esp,Kata_Spell_DeathBeam_VI,Death Beam (Rank VI),Entropy,Spell,Concentration,Aimed,48,117,,true,0.3,1,60,0,1,KataPUMB_SpellPackage.esp,1,false
001E1B:Enderal SE - Gameplay Overhaul.esp,NPCDeathBreath2,Death Breath,Entropy,Spell,Concentration,Aimed,27,56,,true,0.5,1,27,0,1,Enderal SE - Gameplay Overhaul.esp,1,false
001E7A:Enderal SE - Gameplay Overhaul.esp,NPCDeathBreath3,Death Breath,Entropy,Spell,Concentration,Aimed,30,84,,true,0.5,1,39,0,1,Enderal SE - Gameplay Overhaul.esp,1,false
046AF2:Skyrim.esm,NPCDeathBreath,Death Breath,Entropy,Spell,Concentration,Aimed,12,23,,true,0.5,1,12,0,1,Enderal SE - Gameplay Overhaul.esp,2,false
01550F:Skyrim.esm,_01E_EldritchBreath,Death Breath (Rank I),Entropy,Spell,Concentration,Aimed,7,10,,true,0.9,1,5.7,0,1,Enderal SE - Gameplay Overhaul.esp,2,false
04800F:Skyrim.esm,_10E_SpellDeathBreath_NPC,Death Breath (Rank II),Entropy,Spell,Concentration,Aimed,12,29,,true,0.5,1,15,0,1,Skyrim.esm,1,false
04801E:Skyrim.esm,_10E_SpellDeathBreath_NPCRightHand,Death Breath (Rank II),Entropy,Spell,Concentration,Aimed,12,29,,true,0.5,1,15,0,1,Skyrim.esm,1,false
11C389:Skyrim.esm,_10E_EldritchBreath,Death Breath (Rank II),Entropy,Spell,Concentration,Aimed,16,26,,true,0.9,1,13.5,0,1,Enderal SE - Gameplay Overhaul.esp,2,false
00DB8A:Enderal - Forgotten Stories.esm,_20E_SpellDeathBreath_NPC,Death Breath (Rank III),Entropy,Spell,Concentration,Aimed,19,49,,true,0.5,1,24,0,1,Enderal - Forgotten Stories.esm,1,false
04801F:Skyrim.esm,_20E_SpellDeathBreath_NPCLeftHand,Death Breath (Rank III),Entropy,Spell,Concentration,Aimed,19,49,,true,0.5,1,24,0,1,Skyrim.esm,1,false
13798E:Skyrim.esm,_20E_EldritchBreath,Death Breath (Rank III),Entropy,Spell,Concentration,Aimed,28,50,,true,0.9,1,24.3,0,1,Enderal SE - Gameplay Overhaul.esp,2,false
00DB8C:Enderal - Forgotten Stories.esm,_30E_SpellDeathBreath_NPC,Death Breath (Rank IV),Entropy,Spell,Concentration,Aimed,29,74,,true,0.5,1,35,0,1,Enderal - Forgotten Stories.esm,1,false
048012:Skyrim.esm,_37E_SpellDeathBreath_NPC,Death Breath (Rank IV),Entropy,Spell,Concentration,Aimed,36,95,,true,0.5,1,43.5,0,1,Skyrim.esm,1,false
048027:Skyrim.esm,_37E_SpellDeathBreath_NPCLeftHand,Death Breath (Rank IV),Entropy,Spell,Concentration,Aimed,36,95,,true,0.5,1,43.5,0,1,Skyrim.esm,1,false
00DB8E:Enderal - Forgotten Stories.esm,_40E_SpellDeathBreath_NPC,Death Breath (Rank V),Entropy,Spell,Concentration,Aimed,38,101,,true,0.5,1,46,0,1,Enderal - Forgotten Stories.esm,1,false
14CF5E:Skyrim.esm,_00E_Affinity_ShadowdancerRenimateSelf,Death Cloak,Entropy,Spell,FireAndForget,TargetActor,0,2072,,true,0,1,100,15,120,Skyrim.esm,1,false
001E28:Enderal SE - Gameplay Overhaul.esp,NPCDeathSpark2,Death Spark,Entropy,Spell,FireAndForget,Aimed,42,98,,true,0.5,1,45,0,0,Enderal SE - Gameplay Overhaul.esp,1,false
001E7B:Enderal SE - Gameplay Overhaul.esp,NPCDeathSpark3,Death Spark,Entropy,Spell,FireAndForget,Aimed,46,123,,true,0.5,1,55,0,0,Enderal SE - Gameplay Overhaul.esp,1,false
046AF3:Skyrim.esm,NPCDeathSpark,Death Spark,Entropy,Spell,FireAndForget,Aimed,19,40,,true,0.5,1,20,0,0,Enderal SE - Gameplay Overhaul.esp,2,false
11C38A:Skyrim.esm,_05E_EldritchBolt,Death Spark (Rank I),Entropy,Spell,FireAndForget,Aimed,15,36,,true,0.7,1,18,0,0,Enderal SE - Gameplay Overhaul.esp,2,false
048010:Skyrim.esm,_10E_SpellDeathSpark_NPC,Death Spark (Rank II),Entropy,Spell,FireAndForget,Aimed,17,51,,true,0.5,1,25,0,0,Skyrim.esm,1,false
04802B:Skyrim.esm,_10E_SpellDeathSpark_NPCLeftHand,Death Spark (Rank II),Entropy,Spell,FireAndForget,Aimed,17,51,,true,0.5,1,25,0,0,Skyrim.esm,1,false
11C38B:Skyrim.esm,_10E_EldritchBolt,Death Spark (Rank II),Entropy,Spell,FireAndForget,Aimed,22,56,,true,0.7,1,27,0,0,Enderal SE - Gameplay Overhaul.esp,2,false
00DB92:Enderal - Forgotten Stories.esm,_20E_SpellDeathSpark_NPC,Death Spark (Rank III),Entropy,Spell,FireAndForget,Aimed,26,82,,true,0.5,1,38,0,0,Enderal - Forgotten Stories.esm,1,false
1379DA:Skyrim.esm,_20E_EldritchBolt,Death Spark (Rank III),Entropy,Spell,FireAndForget,Aimed,30,80,,true,0.7,1,37.5,0,0,Enderal SE - Gameplay Overhaul.esp,2,false
00DB94:Enderal - Forgotten Stories.esm,_30E_SpellDeathSpark_NPC,Death Spark (Rank IV),Entropy,Spell,FireAndForget,Aimed,35,110,,true,0.5,1,50,0,0,Enderal - Forgotten Stories.esm,1,false
1379DB:Skyrim.esm,_30E_EldritchBolt,Death Spark (Rank IV),Entropy,Spell,FireAndForget,Aimed,39,109,,true,0.7,1,49.5,0,0,Enderal SE - Gameplay Overhaul.esp,2,false
047FF3:Skyrim.esm,_40E_SpellDeathSpark_NPCLeftHand,Death Spark (Rank V),Entropy,Spell,FireAndForget,Aimed,49,148,,true,0.5,1,65,0,0,Skyrim.esm,1,false
048011:Skyrim.esm,_40E_SpellDeathSpark_NPC,Death Spark (Rank V),Entropy,Spell,FireAndForget,Aimed,49,148,,true,0.5,1,65,0,0,Skyrim.esm,1,false
1379DD:Skyrim.esm,_40E_EldritchBolt,Death Spark (Rank V),Entropy,Spell,FireAndForget,Aimed,49,143,,true,0.7,1,63,0,0,Enderal SE - Gameplay Overhaul.esp,2,false
00DB96:Enderal - Forgotten Stories.esm,_49E_SpellDeathSpark_NPC,Death Spark (Rank VI),Entropy,Spell,FireAndForget,Aimed,52,175,,true,0.5,1,76,0,0,Enderal - Forgotten Stories.esm,1,false
1379DC:Skyrim.esm,_49E_EldritchBolt,Death Spark (Rank VI),Entropy,Spell,FireAndForget,Aimed,60,184,,true,0.7,1,79.5,0,0,Enderal SE - Gameplay Overhaul.esp,2,false
048030:Skyrim.esm,_08E_SpellDeathSpark_NPC,Death Spark NPC (Rang I),Entropy,Spell,FireAndForget,Aimed,17,46,,true,0.5,1,22.5,0,0,Skyrim.esm,1,false
001E3F:Enderal SE - Gameplay Overhaul.esp,NPCXionDeathstorm,Deathstorm,Entropy,Spell,Concentration,Aimed,35,123,,true,0.5,1,55,0,1,Enderal SE - Gameplay Overhaul.esp,1,false
00DB98:Enderal - Forgotten Stories.esm,_50E_SpellDeathStorm_NPC,Deathstorm,Entropy,Spell,Concentration,Aimed,55,123,,true,0.5,1,55,0,1,Enderal - Forgotten Stories.esm,1,false
1379E5:Skyrim.esm,_60E_XionSpellDeathStorm,Deathstorm (Mystical),Entropy,Spell,Concentration,Aimed,94,282,,true,2,1,117,0,1,Enderal SE - Gameplay Overhaul.esp,2,false
06A0ED:Skyrim.esm,NPCDeathThunder,Deaththunder,Entropy,Spell,FireAndForget,Aimed,52,118,,true,0.5,1,36,12,0,Enderal SE - Gameplay Overhaul.esp,2,false
04874A:EAM SE - Enderal Apothecarii Monastery.esp,_00E_NPCOorbayaUnleashHeavenSpell_EAMmystic,Dimension Blast (Mystical),Entropy,Spell,FireAndForget,Aimed,220,46,,true,3,1,10,20,12,EAM SE - Enderal Apothecarii Monastery.esp,1,false
09648C:Skyrim.esm,_00E_NPCOorbayaUnleashHeavenSpell,Dimension Rift,Entropy,Spell,FireAndForget,Aimed,0,0,0,false,0.5,1,5,125,5,Skyrim.esm,1,false
003B23:KataPUMBSpellPack.esp,Kata_Aux_EntropicMantle_1,Entropic Aura,Entropy,Spell,Concentration,Aimed,0,15,,true,0,3,0,0,3,EGO - KataPUMB Spell Package.esp,2,false
003B24:KataPUMBSpellPack.esp,Kata_Aux_EntropicMantle_2,Entropic Aura,Entropy,Spell,Concentration,Aimed,0,15,,true,0,3,0,0,3,EGO - KataPUMB Spell Package.esp,2,false
003B26:KataPUMBSpellPack.esp,Kata_Aux_EntropicMantle_3,Entropic Aura,Entropy,Spell,Concentration,Aimed,0,15,,true,0,3,0,0,3,EGO - KataPUMB Spell Package.esp,2,false
003B2C:KataPUMBSpellPack.esp,Kata_S_Entropy_50_EntropicMantle_1,Entropic Aura (Rank I),Entropy,Spell,FireAndForget,Self,105,3566,,true,0.5,1,30,0,120,EGO - KataPUMB Spell Package.esp,2,false
003B2D:KataPUMBSpellPack.esp,Kata_S_Entropy_75_EntropicMantle_2,Entropic Aura (Rank II),Entropy,Spell,FireAndForget,Self,140,5571,,true,0.5,1,30,0,180,EGO - KataPUMB Spell Package.esp,2,false
003B2F:KataPUMBSpellPack.esp,Kata_S_Entropy_99_EntropicMantle_3,Entropic Aura (Rank III),Entropy,Spell,FireAndForget,Self,185,7645,,true,0.5,1,30,0,240,EGO - KataPUMB Spell Package.esp,2,false
0EEF9D:Skyrim.esm,_00E_A2_EldritchBloodVictimSP,Entropic Blood,Entropy,Spell,FireAndForget,Self,0,0,0,false,0,1,15,0,15,Skyrim.esm,1,false
02F283:Enderal - Forgotten Stories.esm,_25E_FS_CorpseExplosion,Grave Curse (Rank I),Entropy,Spell,FireAndForget,Aimed,48,20,,true,0.5,1,25,0,5,Enderal SE - Gameplay Overhaul.esp,2,false
02F284:Enderal - Forgotten Stories.esm,_35E_FS_CorpseExplosion,Grave Curse (Rank II),Entropy,Spell,FireAndForget,Aimed,66,144,,true,0.5,1,50,0,15,Enderal SE - Gameplay Overhaul.esp,2,false
02F285:Enderal - Forgotten Stories.esm,_50E_FS_CorpseExplosion,Grave Curse (Rank III),Entropy,Spell,FireAndForget,Aimed,85,395,,true,0.5,1,75,0,25,Enderal SE - Gameplay Overhaul.esp,2,false
02EAC9:Enderal - Forgotten Stories.esm,_00E_A4_Theriantrophist_DetoxificationPoisonSP,Poisoned,Entropy,Spell,Concentration,Touch,0,7,,true,0.5,7,0,0,1,Enderal - Forgotten Stories.esm,1,false
0E1529:Skyrim.esm,dunReanimateSelf,Reanimate (Self),Entropy,Spell,FireAndForget,Self,0,71926,,true,0,1,50,0,3600,Skyrim.esm,1,false
145906:Skyrim.esm,dunReanimateSelfNoShader,Reanimate (Self),Entropy,Spell,FireAndForget,Self,0,110,,true,0,1,50,0,10,Skyrim.esm,1,false
1484DE:Skyrim.esm,_00E_MQ16_ReanimateSelfRed,Reanimate (Self),Entropy,Spell,FireAndForget,Self,0,796,,true,0,1,50,0,60,Skyrim.esm,1,false
0CAB65:Skyrim.esm,NPCReanimateCorpseLeftHand,Reanimate Corpse,Entropy,Spell,FireAndForget,TargetActor,55,459,,true,0.5,2,23,0,120,Enderal SE - Gameplay Overhaul.esp,1,false
10105F:Skyrim.esm,NPCReanimateCorpse2RightHand,Reanimate Corpse,Entropy,Spell,FireAndForget,TargetActor,70,729,,true,0.5,2,35,0,120,Enderal SE - Gameplay Overhaul.esp,2,false
101060:Skyrim.esm,NPCXionRevenantRighHand,Reanimate Corpse,Entropy,Spell,FireAndForget,TargetActor,70,653,,true,0.5,2,35,0,120,Enderal SE - Gameplay Overhaul.esp,1,false
1377AA:Skyrim.esm,_10E_Wiederbeleben,Revive (Rank I),Entropy,Spell,FireAndForget,Aimed,49,261,,true,1.25,2,7,0,120,Enderal SE - Gameplay Overhaul.esp,2,false
00F4F1:Enderal - Forgotten Stories.esm,_17E_SpellRevive_NPC,Revive (Rank II),Entropy,Spell,FireAndForget,Aimed,45,180,,true,0.5,2,10,0,60,Enderal - Forgotten Stories.esm,1,false
1377AB:Skyrim.esm,_17E_Wiederbeleben,Revive (Rank II),Entropy,Spell,FireAndForget,Aimed,74,310,,true,1.25,2,13,0,120,Enderal SE - Gameplay Overhaul.esp,2,false
00F4F3:Enderal - Forgotten Stories.esm,_27E_SpellRevive_NPC,Revive (Rank III),Entropy,Spell,FireAndForget,Aimed,55,323,,true,0.5,2,17,0,60,Enderal - Forgotten Stories.esm,1,false
1377AC:Skyrim.esm,_27E_Wiederbeleben,Revive (Rank III),Entropy,Spell,FireAndForget,Aimed,102,353,,true,1.25,2,19,0,120,Enderal SE - Gameplay Overhaul.esp,2,false
00F4F5:Enderal - Forgotten Stories.esm,_37E_SpellRevive_NPC,Revive (Rank IV),Entropy,Spell,FireAndForget,Aimed,80,495,,true,0.5,2,25,0,60,Enderal - Forgotten Stories.esm,1,false
1377AD:Skyrim.esm,_37E_Wiederbeleben,Revive (Rank IV),Entropy,Spell,FireAndForget,Aimed,135,554,,true,1.25,2,26,0,120,Enderal SE - Gameplay Overhaul.esp,2,false
00F4F7:Enderal - Forgotten Stories.esm,_47E_SpellRevive_NPC,Revive (Rank V),Entropy,Spell,FireAndForget,Aimed,90,716,,true,0.5,2,35,0,60,Enderal - Forgotten Stories.esm,1,false
1377AE:Skyrim.esm,_47E_Wiederbeleben,Revive (Rank V),Entropy,Spell,FireAndForget,Aimed,176,768,,true,1.25,2,35,0,120,Enderal SE - Gameplay Overhaul.esp,2,false
00717D:KataPUMB_SpellPackage.esp,Kata_Spell_CowlOfDeath,Ritual of the Damned,Entropy,Spell,FireAndForget,Self,200,3,,true,3,1,0,0,0,KataPUMB_SpellPackage.esp,1,false
003B14:KataPUMBSpellPack.esp,Kata_S_Entropy_99_RitualOfTheDamned,Ritual of the damned,Entropy,Spell,FireAndForget,Self,150,0,,true,3,1,1,0,2,KataPUMBSpellPack.esp,1,false
01596D:Enderal - Forgotten Stories.esm,_00E_SE_ShadowDancerReviveSpell,Shadow Dancer Undead Minion,Entropy,Spell,FireAndForget,TargetActor,0,559,,true,0,2,35,0,90,Enderal SE - Gameplay Overhaul.esp,2,false
003B17:KataPUMBSpellPack.esp,Kata_S_Entropy_75_SoulCloak_1,Soul Cloak (Rank I),Entropy,Spell,FireAndForget,Self,88,1065,,true,0.5,1,10,0,120,KataPUMBSpellPack.esp,1,false
003B1B:KataPUMBSpellPack.esp,Kata_S_Entropy_99_SoulCloak_2,Soul Cloak (Rank II),Entropy,Spell,FireAndForget,Self,180,20948,,true,3,1,20,0,900,KataPUMBSpellPack.esp,1,false
00AA0B:KataPUMBAffinities.esp,Kata_V2_Aux_SoulReaperReanimate,Soul Reaper: Zombie,Entropy,Spell,FireAndForget,TargetActor,0,328,,true,0,2,75,0,30,KataPUMBAffinities.esp,1,false
00DBFD:KataPUMBAffinities.esp,kata_V2_Aux_SoulReaperFire,Soul Reaper: reanimate,Entropy,Spell,FireAndForget,Touch,0,0,0,false,0,1,1,0,600,KataPUMBAffinities.esp,1,false
003B10:KataPUMBSpellPack.esp,Kata_Aux_ConstantSoultrapSpell,Soul Trap,Entropy,Spell,Concentration,Aimed,0,15,,true,0,1,0,0,5,KataPUMBSpellPack.esp,1,false
1377A8:Skyrim.esm,_15E_Seelenfalle,Soul Trap (Rang II),Entropy,Spell,FireAndForget,TargetActor,63,50,,true,0.3,1,0,0,30,Enderal SE - Gameplay Overhaul.esp,2,false
067295:Skyrim.esm,_05E_Seelenfalle,Soul Trap (Rank I),Entropy,Spell,FireAndForget,TargetActor,33,8,,true,0.5,1,0,0,6,Enderal SE - Gameplay Overhaul.esp,2,false
03C666:Skyrim.esm,_00E_A1_DevourSoulVFX,Soul devoured/shattered,Entropy,Spell,FireAndForget,Self,1706,1706,0,false,0,1,100,0,60,Skyrim.esm,1,false
00912C:KataPUMBAffinities.esp,Kata_Aux_Steal,Steal,Entropy,Spell,FireAndForget,Touch,0,0,0,false,0,1,1,0,5,KataPUMBAffinities.esp,1,false
01EC38:Enderal - Forgotten Stories.esm,_60E_FS_Mystical_SummonAtrocity,Summon Abomination (Mystical),Entropy,Spell,FireAndForget,TargetLocation,290,294,,true,3,1,0,0,150,Enderal SE - Gameplay Overhaul.esp,2,false
11C383:Skyrim.esm,_07E_SpellSummonSkeleton,Summon Ancestor,Entropy,Spell,FireAndForget,TargetLocation,84,147,,true,3,1,0,0,80,Enderal SE - Gameplay Overhaul.esp,2,false
010F5A:KataPUMB_SpellPackage.esp,Kata_Spell_Summon_Skeleton_LeftHand,Summon Ancestors (Rank I),Entropy,Spell,FireAndForget,TargetLocation,25,230,,true,0.5,1,0,0,120,KataPUMB_SpellPackage.esp,1,false
01E93C:Enderal - Forgotten Stories.esm,_00E_Phasmalist_A1_SummonApparationSP,Summon Apparition,Entropy,Spell,FireAndForget,Aimed,0,0,0,false,0.5,1,1,15,1,Enderal - Forgotten Stories.esm,1,false
01C90F:Enderal - Forgotten Stories.esm,_00E_FS_SummonSpiritPigletSP,Summon Cuthbert,Entropy,Spell,FireAndForget,TargetLocation,75,147,,true,3,1,0,0,80,Enderal SE - Gameplay Overhaul.esp,2,false
013630:KataPUMBSpellPack.esp,Kata_S_Entropy_00_Summon_Demon_1,Summon Demon (Rank I): Demon Spawn,Entropy,Spell,FireAndForget,TargetLocation,75,360,,true,0.5,1,0,0,180,KataPUMBSpellPack.esp,1,false
013631:KataPUMBSpellPack.esp,Kata_S_Entropy_25_Summon_Demon_2,Summon Demon (Rank II): Bailwoga,Entropy,Spell,FireAndForget,TargetLocation,88,360,,true,0.5,1,0,0,180,KataPUMBSpellPack.esp,1,false
013633:KataPUMBSpellPack.esp,Kata_S_Entropy_50_Summon_Demon_3,Summon Demon (Rank III): Krill,Entropy,Spell,FireAndForget,TargetLocation,96,360,,true,0.5,1,0,0,180,KataPUMBSpellPack.esp,1,false
013635:KataPUMBSpellPack.esp,Kata_S_Entropy_75_Summon_Demon_4,Summon Demon (Rank IV): Abyssal Horror,Entropy,Spell,FireAndForget,TargetLocation,118,360,,true,0.5,1,0,0,180,KataPUMBSpellPack.esp,1,false
013637:KataPUMBSpellPack.esp,Kata_S_Entropy_99_Summon_Demon_5,Summon Demon (Rank V): Shoggoth,Entropy,Spell,FireAndForget,TargetLocation,168,360,,true,0.5,1,0,0,180,KataPUMBSpellPack.esp,1,false
137933:Skyrim.esm,_24E_SpellSummonElementalWolf,Summon Elemental Wolf,Entropy,Spell,FireAndForget,TargetLocation,150,168,,true,3,1,0,0,90,Enderal SE - Gameplay Overhaul.esp,2,false
137447:Skyrim.esm,_16E_SpellSummonFireElemental,Summon Fire Elemental (Rank I),Entropy,Spell,FireAndForget,TargetLocation,118,147,,true,3,1,0,0,80,Enderal SE - Gameplay Overhaul.esp,2,false
137936:Skyrim.esm,_39E_SpellSummonFireElemental,Summon Fire Elemental (Rank II),Entropy,Spell,FireAndForget,TargetLocation,205,168,,true,3,1,0,0,90,Enderal SE - Gameplay Overhaul.esp,2,false
137446:Skyrim.esm,_12E_SpellSummonIceElemental,Summon Frost Elemental (Rank I),Entropy,Spell,FireAndForget,TargetLocation,118,147,,true,3,1,0,0,80,Enderal SE - Gameplay Overhaul.esp,2,false
137935:Skyrim.esm,_36E_SpellSummonIceElemental,Summon Frost Elemental (Rank II),Entropy,Spell,FireAndForget,TargetLocation,205,168,,true,3,1,0,0,90,Enderal SE - Gameplay Overhaul.esp,2,false
0E426A:Skyrim.esm,_08E_SpellSummonGhostlyBlackBear,Summon Ghostly Black Bear,Entropy,Spell,FireAndForget,TargetLocation,110,147,,true,3,1,0,0,80,Enderal SE - Gameplay Overhaul.esp,2,false
002E84:KataPUMBSpellPack.esp,Kata_S_Entropy_00_Summon_Spirit_Horse_1,Summon Ghostly Horse,Entropy,Spell,FireAndForget,TargetLocation,65,632,,true,3,1,0,0,300,EGO - KataPUMB Spell Package.esp,2,false
002E86:KataPUMBSpellPack.esp,Kata_S_Entropy_00_Summon_Spirit_2,Summon Ghostly Spider,Entropy,Spell,FireAndForget,TargetLocation,70,147,,true,3,1,0,0,80,EGO - KataPUMB Spell Package.esp,2,false
002E90:KataPUMBSpellPack.esp,Kata_S_Entropy_75_Summon_Spirit_7,Summon Ghostly Vatyr,Entropy,Spell,FireAndForget,TargetLocation,185,168,,true,3,1,0,0,90,EGO - KataPUMB Spell Package.esp,2,false
00081A:EGO - KataPUMB Spell Package.esp,Kata_S_Entropy_00_Summon_Spirit_Horse_2,Summon Ghostly War Horse,Entropy,Spell,FireAndForget,TargetLocation,170,1355,,true,3,1,0,0,600,EGO - KataPUMB Spell Package.esp,1,false
086B0D:Skyrim.esm,_05E_SpellSummonGhostlyWolf,Summon Ghostly Wolf,Entropy,Spell,FireAndForget,TargetLocation,70,147,,true,3,1,0,0,80,Enderal SE - Gameplay Overhaul.esp,2,false
010F56:KataPUMB_SpellPackage.esp,Kata_Spell_Summon_LostOne_I_Warrior,Summon Lost One (Rank I) - Warrior,Entropy,Spell,FireAndForget,TargetLocation,65,230,,true,0.5,1,0,0,120,KataPUMB_SpellPackage.esp,1,false
010F58:KataPUMB_SpellPackage.esp,Kata_Spell_Summon_Warrior_LeftHand,Summon Lost One (Rank I) - Warrior,Entropy,Spell,FireAndForget,TargetLocation,30,230,,true,0.5,1,0,0,120,KataPUMB_SpellPackage.esp,1,false
002E78:KataPUMBSpellPack.esp,Kata_S_Entropy_00_Summon_LostOne_1,Summon Lost One (Rank I): Warrior,Entropy,Spell,FireAndForget,TargetLocation,75,360,,true,0.5,1,0,0,180,KataPUMBSpellPack.esp,1,false
00C5BB:KataPUMBSpellPack.esp,Kata_Aux_SummonLostOneRankI_NPCLeftHand,Summon Lost One (Rank I): Warrior,Entropy,Spell,FireAndForget,TargetLocation,33,360,,true,0.3,1,0,0,180,KataPUMBSpellPack.esp,1,false
010F54:KataPUMB_SpellPackage.esp,Kata_Spell_Summon_LostOne_II_Archer,Summon Lost One (Rank II) - Archer,Entropy,Spell,FireAndForget,TargetLocation,95,230,,true,0.5,1,0,0,120,KataPUMB_SpellPackage.esp,1,false
002E7A:KataPUMBSpellPack.esp,Kata_S_Entropy_00_Summon_LostOne_2,Summon Lost One (Rank II): Archer,Entropy,Spell,FireAndForget,TargetLocation,75,360,,true,0.5,1,0,0,180,KataPUMBSpellPack.esp,1,false
002E7C:KataPUMBSpellPack.esp,Kata_S_Entropy_25_Summon_LostOne_3,Summon Lost One (Rank II): Mage,Entropy,Spell,FireAndForget,TargetLocation,88,360,,true,0.5,1,0,0,180,KataPUMBSpellPack.esp,1,false
010F52:KataPUMB_SpellPackage.esp,Kata_Spell_Summon_LostOne_III_Mage,Summon Lost One (Rank III) - Mage,Entropy,Spell,FireAndForget,TargetLocation,120,230,,true,0.5,1,0,0,120,KataPUMB_SpellPackage.esp,1,false
002E7E:KataPUMBSpellPack.esp,Kata_S_Entropy_50_Summon_LostOne_4,Summon Lost One (Rank III): Knight,Entropy,Spell,FireAndForget,TargetLocation,110,360,,true,0.5,1,0,0,180,KataPUMBSpellPack.esp,1,false
010F50:KataPUMB_SpellPackage.esp,Kata_Spell_Summon_LostOne_IV_Knight,Summon Lost One (Rank IV) - Knight,Entropy,Spell,FireAndForget,TargetLocation,140,230,,true,0.5,1,0,0,120,KataPUMB_SpellPackage.esp,1,false
002E80:KataPUMBSpellPack.esp,Kata_S_Entropy_75_Summon_LostOne_5,Summon Lost One (Rank IV): Lich,Entropy,Spell,FireAndForget,TargetLocation,180,360,,true,0.5,1,0,0,180,KataPUMBSpellPack.esp,1,false
00F4E9:KataPUMB_SpellPackage.esp,Kata_Spell_Summon_LostOne_V_Lich,Summon Lost One (Rank V) - Lich,Entropy,Spell,FireAndForget,TargetLocation,165,230,,true,0.5,1,0,0,120,KataPUMB_SpellPackage.esp,1,false
002E82:KataPUMBSpellPack.esp,Kata_S_Entropy_99_Summon_LostOne_6,Summon Lost One (Rank V): Grotesque,Entropy,Spell,FireAndForget,TargetLocation,230,360,,true,0.5,1,0,0,180,KataPUMBSpellPack.esp,1,false
010F4E:KataPUMB_SpellPackage.esp,Kata_Spell_Summon_LostOne_VI_Grotesque,Summon Lost One (Rank VI) - Grotesque,Entropy,Spell,FireAndForget,TargetLocation,180,230,,true,0.5,1,0,0,120,KataPUMB_SpellPackage.esp,1,false
11C382:Skyrim.esm,_10E_SpellSummonMudElemental,Summon Mud Elemental (Rank I),Entropy,Spell,FireAndForget,TargetLocation,118,147,,true,3,1,0,0,80,Enderal SE - Gameplay Overhaul.esp,2,false
137934:Skyrim.esm,_33E_SpellSummonMudElemental,Summon Mud Elemental (Rank II),Entropy,Spell,FireAndForget,TargetLocation,205,168,,true,3,1,0,0,90,Enderal SE - Gameplay Overhaul.esp,2,false
137979:Skyrim.esm,_01E_MystischeSchlachtaxt,Summon Mystic Battleaxe (Rank I),Entropy,Spell,FireAndForget,Self,42,25,,true,0.75,1,0,0,40,Enderal SE - Gameplay Overhaul.esp,2,false
13797A:Skyrim.esm,_10E_MystischeSchlachtaxt,Summon Mystic Battleaxe (Rank II),Entropy,Spell,FireAndForget,Self,61,25,,true,0.75,1,0,0,40,Enderal SE - Gameplay Overhaul.esp,2,false
13797B:Skyrim.esm,_20E_MystischeSchlachtaxt,Summon Mystic Battleaxe (Rank III),Entropy,Spell,FireAndForget,Self,88,25,,true,0.75,1,0,0,40,Enderal SE - Gameplay Overhaul.esp,2,false
13797C:Skyrim.esm,_30E_MystischeSchlachtaxt,Summon Mystic Battleaxe (Rank IV),Entropy,Spell,FireAndForget,Self,126,25,,true,0.75,1,0,0,40,Enderal SE - Gameplay Overhaul.esp,2,false
13797D:Skyrim.esm,_40E_MystischeSchlachtaxt,Summon Mystic Battleaxe (Rank V),Entropy,Spell,FireAndForget,Self,176,25,,true,0.75,1,0,0,40,Enderal SE - Gameplay Overhaul.esp,2,false
137974:Skyrim.esm,_01E_MystischerBogen,Summon Mystic Bow (Rank I),Entropy,Spell,FireAndForget,Self,42,31,,true,0.75,1,0,0,40,Enderal SE - Gameplay Overhaul.esp,2,false
137975:Skyrim.esm,_10E_MystischerBogen,Summon Mystic Bow (Rank II),Entropy,Spell,FireAndForget,Self,61,31,,true,0.75,1,0,0,40,Enderal SE - Gameplay Overhaul.esp,2,false
137976:Skyrim.esm,_20E_MystischerBogen,Summon Mystic Bow (Rank III),Entropy,Spell,FireAndForget,Self,88,31,,true,0.75,1,0,0,40,Enderal SE - Gameplay Overhaul.esp,2,false
137977:Skyrim.esm,_30E_MystischerBogen,Summon Mystic Bow (Rank IV),Entropy,Spell,FireAndForget,Self,126,31,,true,0.75,1,0,0,40,Enderal SE - Gameplay Overhaul.esp,2,false
137978:Skyrim.esm,_40E_MystischerBogen,Summon Mystic Bow (Rank V),Entropy,Spell,FireAndForget,Self,176,31,,true,0.75,1,0,0,40,Enderal SE - Gameplay Overhaul.esp,2,false
04320A:Skyrim.esm,_01E_SpellBoundDagger1,Summon Mystic Dagger (Rank I),Entropy,Spell,FireAndForget,Self,38,14,,true,0.75,1,0,0,40,Enderal SE - Gameplay Overhaul.esp,2,false
043255:Skyrim.esm,_12E_SpellBoundDagger2,Summon Mystic Dagger (Rank II),Entropy,Spell,FireAndForget,Self,55,14,,true,0.75,1,0,0,40,Enderal SE - Gameplay Overhaul.esp,2,false
043256:Skyrim.esm,_20E_SpellBoundDagger3,Summon Mystic Dagger (Rank III),Entropy,Spell,FireAndForget,Self,80,14,,true,0.75,1,0,0,40,Enderal SE - Gameplay Overhaul.esp,2,false
043257:Skyrim.esm,_30E_SpellBoundDagger4,Summon Mystic Dagger (Rank IV),Entropy,Spell,FireAndForget,Self,114,14,,true,0.75,1,0,0,40,Enderal SE - Gameplay Overhaul.esp,2,false
043258:Skyrim.esm,_40E_SpellBoundDagger5,Summon Mystic Dagger (Rank V),Entropy,Spell,FireAndForget,Self,160,14,,true,0.75,1,0,0,40,Enderal SE - Gameplay Overhaul.esp,2,false
086B0B:Skyrim.esm,_01E_MystischesSchwert,Summon Mystic Sword (Rank I),Entropy,Spell,FireAndForget,Self,40,14,,true,0.75,1,0,0,40,Enderal SE - Gameplay Overhaul.esp,2,false
137970:Skyrim.esm,_10E_MystischesSchwert,Summon Mystic Sword (Rank II),Entropy,Spell,FireAndForget,Self,58,14,,true,0.75,1,0,0,40,Enderal SE - Gameplay Overhaul.esp,2,false
137971:Skyrim.esm,_20E_MystischesSchwert,Summon Mystic Sword (Rank III),Entropy,Spell,FireAndForget,Self,84,14,,true,0.75,1,0,0,40,Enderal SE - Gameplay Overhaul.esp,2,false
137972:Skyrim.esm,_30E_MystischesSchwert,Summon Mystic Sword (Rank IV),Entropy,Spell,FireAndForget,Self,120,14,,true,0.75,1,0,0,40,Enderal SE - Gameplay Overhaul.esp,2,false
137973:Skyrim.esm,_40E_MystischesSchwert,Summon Mystic Sword (Rank V),Entropy,Spell,FireAndForget,Self,168,14,,true,0.75,1,0,0,40,Enderal SE - Gameplay Overhaul.esp,2,false
0101AD:Enderal - Forgotten Stories.esm,_01E_SpellBoundBattleAxe1_NPCRightHand,Summon Mystical Battleaxe (Rank I),Entropy,Spell,FireAndForget,Self,38,84,,true,0.2,1,0,0,120,Enderal - Forgotten Stories.esm,1,false
01016C:Enderal - Forgotten Stories.esm,_12E_SpellBoundBattleAxe2_NPCRightHand,Summon Mystical Battleaxe (Rank II),Entropy,Spell,FireAndForget,Self,55,84,,true,0.2,1,0,0,120,Enderal - Forgotten Stories.esm,1,false
01016F:Enderal - Forgotten Stories.esm,_20E_SpellBoundBattleAxe3_NPCRightHand,Summon Mystical Battleaxe (Rank III),Entropy,Spell,FireAndForget,Self,80,84,,true,0.2,1,0,0,120,Enderal - Forgotten Stories.esm,1,false
010174:Enderal - Forgotten Stories.esm,_30E_SpellBoundBattleAxe4_NPCRightHand,Summon Mystical Battleaxe (Rank IV),Entropy,Spell,FireAndForget,Self,120,84,,true,0.2,1,0,0,120,Enderal - Forgotten Stories.esm,1,false
010176:Enderal - Forgotten Stories.esm,_40E_SpellBoundBattleAxe5_NPCRightHand,Summon Mystical Battleaxe (Rank V),Entropy,Spell,FireAndForget,Self,170,84,,true,0.2,1,0,0,120,Enderal - Forgotten Stories.esm,1,false
0101AF:Enderal - Forgotten Stories.esm,_01E_SpellBoundBow1_NPCRightHand,Summon Mystical Bow (Rank I),Entropy,Spell,FireAndForget,Self,38,103,,true,0.2,1,0,0,120,Enderal - Forgotten Stories.esm,1,false
01017C:Enderal - Forgotten Stories.esm,_12E_SpellBoundBow2_NPCRightHand,Summon Mystical Bow (Rank II),Entropy,Spell,FireAndForget,Self,55,103,,true,0.2,1,0,0,120,Enderal - Forgotten Stories.esm,1,false
01017E:Enderal - Forgotten Stories.esm,_20E_SpellBoundBow3_NPCRightHand,Summon Mystical Bow (Rank III),Entropy,Spell,FireAndForget,Self,80,103,,true,0.2,1,0,0,120,Enderal - Forgotten Stories.esm,1,false
010180:Enderal - Forgotten Stories.esm,_30E_SpellBoundBow4_NPCRightHand,Summon Mystical Bow (Rank IV),Entropy,Spell,FireAndForget,Self,120,103,,true,0.2,1,0,0,120,Enderal - Forgotten Stories.esm,1,false
010182:Enderal - Forgotten Stories.esm,_40E_SpellBoundBow5_NPCRightHand,Summon Mystical Bow (Rank V),Entropy,Spell,FireAndForget,Self,170,103,,true,0.2,1,0,0,120,Enderal - Forgotten Stories.esm,1,false
0101B1:Enderal - Forgotten Stories.esm,_01E_SpellBoundDagger1_NPCRightHand,Summon Mystical Dagger (Rank I),Entropy,Spell,FireAndForget,Self,38,46,,true,0.2,1,0,0,120,Enderal - Forgotten Stories.esm,1,false
010188:Enderal - Forgotten Stories.esm,_12E_SpellBoundDagger2_NPCRightHand,Summon Mystical Dagger (Rank II),Entropy,Spell,FireAndForget,Self,55,46,,true,0.2,1,0,0,120,Enderal - Forgotten Stories.esm,1,false
01018A:Enderal - Forgotten Stories.esm,_20E_SpellBoundDagger3_NPCRightHand,Summon Mystical Dagger (Rank III),Entropy,Spell,FireAndForget,Self,80,46,,true,0.2,1,0,0,120,Enderal - Forgotten Stories.esm,1,false
01018C:Enderal - Forgotten Stories.esm,_30E_SpellBoundDagger4_NPCRightHand,Summon Mystical Dagger (Rank IV),Entropy,Spell,FireAndForget,Self,120,46,,true,0.2,1,0,0,120,Enderal - Forgotten Stories.esm,1,false
01018E:Enderal - Forgotten Stories.esm,_40E_SpellBoundDagger5_NPCRightHand,Summon Mystical Dagger (Rank V),Entropy,Spell,FireAndForget,Self,170,46,,true,0.2,1,0,0,120,Enderal - Forgotten Stories.esm,1,false
0101AB:Enderal - Forgotten Stories.esm,_01E_SpellBoundSword1_NPCRightHand,Summon Mystical Sword (Rank I),Entropy,Spell,FireAndForget,Self,38,46,,true,0.2,1,0,0,120,Enderal - Forgotten Stories.esm,1,false
010194:Enderal - Forgotten Stories.esm,_12E_SpellBoundSword2_NPCRightHand,Summon Mystical Sword (Rank II),Entropy,Spell,FireAndForget,Self,55,46,,true,0.2,1,0,0,120,Enderal - Forgotten Stories.esm,1,false
010196:Enderal - Forgotten Stories.esm,_20E_SpellBoundSword3_NPCRightHand,Summon Mystical Sword (Rank III),Entropy,Spell,FireAndForget,Self,80,46,,true,0.2,1,0,0,120,Enderal - Forgotten Stories.esm,1,false
010198:Enderal - Forgotten Stories.esm,_30E_SpellBoundSword4_NPCRightHand,Summon Mystical Sword (Rank IV),Entropy,Spell,FireAndForget,Self,120,46,,true,0.2,1,0,0,120,Enderal - Forgotten Stories.esm,1,false
01019A:Enderal - Forgotten Stories.esm,_40E_SpellBoundSword5_NPCRightHand,Summon Mystical Sword (Rank V),Entropy,Spell,FireAndForget,Self,170,46,,true,0.2,1,0,0,120,Enderal - Forgotten Stories.esm,1,false
1377B0:Skyrim.esm,_30E_SpellSummonOorbaya,Summon Oorbâya (Rank I),Entropy,Spell,FireAndForget,TargetLocation,190,112,,true,3,1,0,0,90,Enderal SE - Gameplay Overhaul.esp,2,false
137938:Skyrim.esm,_50E_SpellSummonOorbaya,Summon Oorbâya (Rank II),Entropy,Spell,FireAndForget,TargetLocation,260,629,,true,3,1,0,0,100,Enderal SE - Gameplay Overhaul.esp,2,false
02E3B1:Enderal - Forgotten Stories.esm,_12E_FS_SummonPandaSP,Summon Panda,Entropy,Spell,FireAndForget,TargetLocation,112,147,,true,3,1,0,0,80,Enderal SE - Gameplay Overhaul.esp,2,false
1376C3:Skyrim.esm,_20E_SpellSummonSoilElemental,Summon Soil Elemental (Rank I),Entropy,Spell,FireAndForget,TargetLocation,131,147,,true,3,1,0,0,80,Enderal SE - Gameplay Overhaul.esp,2,false
137937:Skyrim.esm,_43E_SpellSummonSoilElemental,Summon Soil Elemental (Rank II),Entropy,Spell,FireAndForget,TargetLocation,223,168,,true,3,1,0,0,90,Enderal SE - Gameplay Overhaul.esp,2,false
010F3F:KataPUMB_SpellPackage.esp,Kata_Spell_Summon_Spirit_I_Horse,Summon Spirit (Rank I) - Horse,Entropy,Spell,FireAndForget,TargetLocation,40,230,,true,0.5,1,0,0,120,KataPUMB_SpellPackage.esp,1,false
01020F:KataPUMB_SpellPackage.esp,Kata_Spell_Summon_Spirit_II_Spider,Summon Spirit (Rank II) - Spider,Entropy,Spell,FireAndForget,TargetLocation,60,230,,true,0.5,1,0,0,120,KataPUMB_SpellPackage.esp,1,false
010F40:KataPUMB_SpellPackage.esp,Kata_Spell_Summon_Spirit_III_PusBeetle,Summon Spirit (Rank III) - Pus Beetle,Entropy,Spell,FireAndForget,TargetLocation,80,230,,true,0.5,1,0,0,120,KataPUMB_SpellPackage.esp,1,false
010F42:KataPUMB_SpellPackage.esp,Kata_Spell_Summon_Spirit_IV_Leopard,Summon Spirit (Rank IV) - Leopard,Entropy,Spell,FireAndForget,TargetLocation,110,230,,true,0.5,1,0,0,120,KataPUMB_SpellPackage.esp,1,false
010F4C:KataPUMB_SpellPackage.esp,Kata_Spell_Summon_Spirit_X_Anestor,Summon Spirit (Rank IX) - Titan,Entropy,Spell,FireAndForget,TargetLocation,200,230,,true,0.5,1,0,0,120,KataPUMB_SpellPackage.esp,1,false
010F44:KataPUMB_SpellPackage.esp,Kata_Spell_Summon_Spirit_V_Lion,Summon Spirit (Rank V) - Lion,Entropy,Spell,FireAndForget,TargetLocation,120,230,,true,0.5,1,0,0,120,KataPUMB_SpellPackage.esp,1,false
010F46:KataPUMB_SpellPackage.esp,Kata_Spell_Summon_Spirit_VI_Troll,Summon Spirit (Rank VI) - Troll,Entropy,Spell,FireAndForget,TargetLocation,130,230,,true,0.5,1,0,0,120,KataPUMB_SpellPackage.esp,1,false
010F48:KataPUMB_SpellPackage.esp,Kata_Spell_Summon_Spirit_VII_Vatyr,Summon Spirit (Rank VII) - Vatyr,Entropy,Spell,FireAndForget,TargetLocation,150,230,,true,0.5,1,0,0,120,KataPUMB_SpellPackage.esp,1,false
010F4A:KataPUMB_SpellPackage.esp,Kata_Spell_Summon_Spirit_VIII_Anestor,Summon Spirit (Rank VIII) - Ancestor,Entropy,Spell,FireAndForget,TargetLocation,180,230,,true,0.5,1,0,0,120,KataPUMB_SpellPackage.esp,1,false
010F5C:KataPUMB_SpellPackage.esp,Kata_Spell_Summon_Elemental_Wood,Summon Wood Elemental (Rank I),Entropy,Spell,FireAndForget,TargetLocation,105,230,,true,0.5,1,0,0,120,KataPUMB_SpellPackage.esp,1,false
06A0E7:Skyrim.esm,_19E_SpellDeathStormNPCUNUSED,Totensturm,Entropy,Spell,Concentration,Aimed,10,29,,true,0.5,1,15,0,0,Enderal SE - Gameplay Overhaul.esp,2,false
04803C:Skyrim.esm,_00E_MQ11a_ReanimateSelf,Wiederbeleben (Selst),Entropy,Spell,FireAndForget,Self,0,71926,,true,0,1,50,0,3600,Enderal SE - Gameplay Overhaul.esp,2,false
07FB4E:Skyrim.esm,_00E_CaliaWildFlames,Wild Flame,Entropy,Spell,Concentration,Aimed,14,1,,true,0.9,1,0,0,0,Skyrim.esm,1,false
001F4A:Enderal SE - Gameplay Overhaul.esp,crWispSkeletonMelee,Wisp Entropy Damage,Entropy,Spell,FireAndForget,Touch,0,23,,true,0,1,15,0,0,Enderal SE - Gameplay Overhaul.esp,1,false
001F50:Enderal SE - Gameplay Overhaul.esp,crWispSkeletonMelee2,Wisp Entropy Damage,Entropy,Spell,FireAndForget,Touch,0,32,,true,0,1,20,0,0,Enderal SE - Gameplay Overhaul.esp,1,false
02EAC4:Enderal - Forgotten Stories.esm,_00E_A4_Theriantrophist_DetoxificationSP,Detoxification,Entropy,Voice,FireAndForget,Self,80,51,-29,false,0,1,10,0,20,Enderal SE - Gameplay Overhaul.esp,2,false
043A0B:Skyrim.esm,_00E_FS_A3_Rogue_FrostBombCastSP,Glacial Bomb,Entropy,Voice,FireAndForget,Self,23,0,,true,0,1,0,0,1,Skyrim.esm,1,false
03C60B:Skyrim.esm,_00E_A1_DevourSoulSP,Seele verschlingen,Entropy,Voice,FireAndForget,Aimed,0,0,0,false,0,3,15,0,0,Enderal SE - Gameplay Overhaul.esp,2,false
136DA8:Skyrim.esm,_00E_A1_ShadowtongueOilCastSP,Snake Tongue Oil,Entropy,Voice,FireAndForget,Self,23,0,,true,0,1,0,0,1,Skyrim.esm,1,false
01F1BF:Enderal - Forgotten Stories.esm,_00E_Phasmalist_A1_SummonApparationCastSP,Summon Apparition,Entropy,Voice,FireAndForget,Self,0,0,0,false,0.5,1,1,0,1,Enderal - Forgotten Stories.esm,1,false
01E984:Enderal - Forgotten Stories.esm,_00E_Phasmalist_A2_TransmuteSP,Transmute,Entropy,Voice,FireAndForget,Aimed,1,1,0,false,0,1,0,0,0,Enderal - Forgotten Stories.esm,1,false
000D7A:ForHonorBFCO.esp,Player Hyperarmor Spell,Player Hyperarmor Spell,HeavyArmor,Ability,ConstantEffect,Self,0,0,0,false,0,1,0,0,0,ForHonorBFCO.esp,1,true
01EB3D:Enderal - Forgotten Stories.esm,_30E_LSet_ScarlettNights_2Pieces,Scarlet Night: Set Bonus (I),Light Magic,Ability,ConstantEffect,Self,122,122,0,false,0,2,5,0,0,Enderal - Forgotten Stories.esm,1,false
02EF5A:Enderal - Forgotten Stories.esm,_50E_LSet_2Pieces,Venturer's Armor: Set Bonus (I),Light Magic,Ability,ConstantEffect,Self,123,123,0,false,0,1,9,0,0,Enderal - Forgotten Stories.esm,1,false
016A1E:Skyrim.esm,DiseaseTollwut,Rabies,Light Magic,Disease,ConstantEffect,Touch,0,630,,true,0,3,30,0,0,Enderal SE - Gameplay Overhaul.esp,1,false
000805:EGO SE - KataPUMB New Affinities.esp,XionGuardianHeal,Spirit Guardian: Restoration,Light Magic,Power,FireAndForget,TargetActor,0,4185,,true,1,3,999,0,0,EGO SE - KataPUMB New Affinities.esp,1,false
0F23D1:Skyrim.esm,crSprigganHeal01,Spriggan Heal,Light Magic,Power,FireAndForget,Self,0,126,,true,0,1,100,0,0,Skyrim.esm,1,false
0EAECB:Skyrim.esm,StaggerPushFFSelfAreaSP,,Light Magic,Spell,FireAndForget,Self,0,0,0,false,0,1,100,40,5,Skyrim.esm,1,false
11A6BE:Skyrim.esm,_10E_Lebensabsorbtionunused,>Life Absorption (Rank II),Light Magic,Spell,Concentration,Aimed,999,6,,true,1,1,4,0,1,Enderal SE - Gameplay Overhaul.esp,2,false
12E174:Skyrim.esm,_31E_Lebensabsorbtionunused,>Life Absorption (Rank V),Light Magic,Spell,Concentration,Aimed,999,36,,true,1,1,18,0,1,Enderal SE - Gameplay Overhaul.esp,2,false
12E175:Skyrim.esm,_40E_Lebensabsorbtionunused,>Life Absorption (Rank VI),Light Magic,Spell,Concentration,Aimed,999,237,,true,1,1,100,0,1,Enderal SE - Gameplay Overhaul.esp,2,false
00D230:KataPUMBSpellPack.esp,Kata_S_LightMagic_25_Aegis_1,Aegis (Rank I),Light Magic,Spell,FireAndForget,Self,50,1,,true,0.6,1,0,0,30,EGO - KataPUMB Spell Package.esp,2,false
00D237:KataPUMBSpellPack.esp,Kata_S_LightMagic_50_Aegis_2,Aegis (Rank II),Light Magic,Spell,FireAndForget,Self,88,1,,true,0.6,1,0,0,35,EGO - KataPUMB Spell Package.esp,2,false
00D233:KataPUMBSpellPack.esp,Kata_S_LightMagic_75_Aegis_3,Aegis (Rank III),Light Magic,Spell,FireAndForget,Self,126,1,,true,0.6,1,0,0,40,EGO - KataPUMB Spell Package.esp,2,false
00D235:KataPUMBSpellPack.esp,Kata_S_LightMagic_99_Aegis_4,Aegis (Rank IV),Light Magic,Spell,FireAndForget,Self,164,1,,true,0.6,1,0,0,45,EGO - KataPUMB Spell Package.esp,2,false
0A3F63:Skyrim.esm,PerkAvoidDeathHealSpell,Avoid Death,Light Magic,Spell,FireAndForget,Self,434,434,0,false,0.5,1,250,0,0,Skyrim.esm,1,false
03972D:Skyrim.esm,_00E_MQ05CaliaSpell,Bane of the Undead,Light Magic,Spell,FireAndForget,Self,10,295,,true,3,3,0,80,0,Skyrim.esm,1,false
03972E:Skyrim.esm,_00E_MQ05CaliaSpell1,Bane of the Undead,Light Magic,Spell,FireAndForget,Self,988,988,0,false,3,3,0.05,80,0,Skyrim.esm,1,false
02F21F:Enderal - Forgotten Stories.esm,_00E_FS_Theriantrophist_WolfHealFXS,Black Alchemist,Light Magic,Spell,FireAndForget,Self,38,1,,true,0.5,1,1,0,0,Enderal - Forgotten Stories.esm,1,false
0F858F:Skyrim.esm,_01E_SpellBlessingOfLife,Blessing of Life (Rank I),Light Magic,Spell,FireAndForget,Self,67,3242,,true,0.75,2,15,0,240,Enderal SE - Gameplay Overhaul.esp,2,false
0F8581:Skyrim.esm,_15E_SpellBlessingOfLife,Blessing of Life (Rank II),Light Magic,Spell,FireAndForget,Self,92,6474,,true,0.75,2,25,0,270,Enderal SE - Gameplay Overhaul.esp,2,false
0F8582:Skyrim.esm,_30E_SpellBlessingOfLife,Blessing of Life (Rank III),Light Magic,Spell,FireAndForget,Self,123,12191,,true,0.75,2,40,0,300,Enderal SE - Gameplay Overhaul.esp,2,false
12E169:Skyrim.esm,_40E_SpellBlessingOfLife,Blessing of Life (Rank IV),Light Magic,Spell,FireAndForget,Self,160,19219,,true,0.75,2,55,0,330,Enderal SE - Gameplay Overhaul.esp,2,false
04623D:Skyrim.esm,_50E_SpellBlessingOfLife,Blessing of Life (Rank V),Light Magic,Spell,FireAndForget,Self,206,27574,,true,0.75,2,70,0,360,Enderal SE - Gameplay Overhaul.esp,2,false
00DB6F:Enderal - Forgotten Stories.esm,_05E_SpellBoon_Apparition,Boon (Rank I),Light Magic,Spell,Concentration,Self,8,7,,true,0.5,1,6,0,1,Enderal - Forgotten Stories.esm,1,false
03B82E:Skyrim.esm,_05E_Wohltat,Boon (Rank I),Light Magic,Spell,Concentration,Self,8,9,,true,0.85,5,5,0,0,Enderal SE - Gameplay Overhaul.esp,3,false
048022:Skyrim.esm,_10E_SpellBoon_NPC,Boon (Rank II),Light Magic,Spell,Concentration,Self,14,12,,true,0.6,1,10,0,1,Skyrim.esm,1,false
056A24:Skyrim.esm,_10E_Wohltatunused,Boon (Rank II),Light Magic,Spell,Concentration,Self,14,10,,true,0.85,3,7,0,0,Enderal SE - Gameplay Overhaul.esp,3,false
12E162:Skyrim.esm,_17E_Wohltat,Boon (Rank II),Light Magic,Spell,Concentration,Self,13,15,,true,0.85,5,8.8,0,0,Enderal SE - Gameplay Overhaul.esp,3,false
00DB6D:Enderal - Forgotten Stories.esm,_17E_SpellBoon_NPC,Boon (Rank III),Light Magic,Spell,Concentration,Self,24,24,,true,0.6,1,18,0,1,Enderal - Forgotten Stories.esm,1,false
12E163:Skyrim.esm,_24E_Wohltat,Boon (Rank III),Light Magic,Spell,Concentration,Self,21,24,,true,0.85,5,14.1,0,0,Enderal SE - Gameplay Overhaul.esp,3,false
00DB72:Enderal - Forgotten Stories.esm,_24E_SpellBoon_NPC,Boon (Rank IV),Light Magic,Spell,Concentration,Self,34,36,,true,0.6,1,26,0,1,Enderal - Forgotten Stories.esm,1,false
12E164:Skyrim.esm,_32E_Wohltat,Boon (Rank IV),Light Magic,Spell,Concentration,Self,31,37,,true,0.85,5,21.6,0,0,Enderal SE - Gameplay Overhaul.esp,3,false
00DB74:Enderal - Forgotten Stories.esm,_32E_SpellBoon_NPC,Boon (Rank V),Light Magic,Spell,Concentration,Self,43,43,,true,0.6,1,31,0,1,Enderal - Forgotten Stories.esm,1,false
12E165:Skyrim.esm,_40E_Wohltat,Boon (Rank V),Light Magic,Spell,Concentration,Self,43,54,,true,0.85,5,31,0,0,Enderal SE - Gameplay Overhaul.esp,3,false
00DB76:Enderal - Forgotten Stories.esm,_40E_SpellBoon_NPC,Boon (Rank VI),Light Magic,Spell,Concentration,Self,53,56,,true,0.6,1,39,0,1,Enderal - Forgotten Stories.esm,1,false
0083F3:Enderal SE - Gameplay Overhaul.esp,XionSpellCircle,Circle of Invigoration (Rank I),Light Magic,Spell,FireAndForget,Self,20,13,,true,1,1,6,0,10,Enderal SE - Gameplay Overhaul.esp,1,false
0083F6:Enderal SE - Gameplay Overhaul.esp,XionHazardCircleStamina,Circle of Protection,Light Magic,Spell,FireAndForget,Touch,90,90,0,false,0,1,20,0,30,Enderal SE - Gameplay Overhaul.esp,1,false
04E80D:Skyrim.esm,HazardCircleOfProtctionSpell,Circle of Protection,Light Magic,Spell,FireAndForget,Touch,90,90,0,false,1,1,20,0,30,Skyrim.esm,1,false
04DC91:Skyrim.esm,_05E_Schutzzirkel,Circle of Protection (Rank I),Light Magic,Spell,FireAndForget,Self,35,29,,true,1,1,8,0,15,Enderal SE - Gameplay Overhaul.esp,2,false
135735:Skyrim.esm,_10E_Schutzzirkel,Circle of Protection (Rank II),Light Magic,Spell,FireAndForget,Self,48,74,,true,1,1,14,0,20,Enderal SE - Gameplay Overhaul.esp,2,false
135734:Skyrim.esm,_20E_Schutzzirkel,Circle of Protection (Rank III),Light Magic,Spell,FireAndForget,Self,63,156,,true,1,1,22,0,25,Enderal SE - Gameplay Overhaul.esp,2,false
135733:Skyrim.esm,_30E_Schutzzirkel,Circle of Protection (Rank IV),Light Magic,Spell,FireAndForget,Self,81,287,,true,1,1,32,0,30,Enderal SE - Gameplay Overhaul.esp,2,false
0E03FC:Skyrim.esm,_00E_PriestCureDiseases,Cure Disease,Light Magic,Spell,FireAndForget,Self,316,1088,772,false,0.5,2,500,0,0,EGO SE - Priests Cure Diseases.esp,3,false
001D74:Enderal SE - Gameplay Overhaul.esp,NPCXionLifeAbsorb3,Drain Life,Light Magic,Spell,Concentration,Aimed,33,42,,true,0.5,1,21,0,1,Enderal SE - Gameplay Overhaul.esp,1,false
001D75:Enderal SE - Gameplay Overhaul.esp,NPCXionLifeAbsorb1,Drain Life,Light Magic,Spell,Concentration,Aimed,20,18,,true,0.5,1,10,0,1,Enderal SE - Gameplay Overhaul.esp,1,false
001D76:Enderal SE - Gameplay Overhaul.esp,NPCXionLifeAbsorb2,Drain Life,Light Magic,Spell,Concentration,Aimed,29,38,,true,0.5,1,19,0,1,Enderal SE - Gameplay Overhaul.esp,1,false
01FEAB:Enderal - Forgotten Stories.esm,_10E_Elixir,Elixir (Rank I),Light Magic,Spell,FireAndForget,Aimed,54,0,,true,0.75,2,20,0,210,Enderal SE - Gameplay Overhaul.esp,2,false
01FEAC:Enderal - Forgotten Stories.esm,_20E_Elixir,Elixir (Rank II),Light Magic,Spell,FireAndForget,Aimed,93,0,,true,0.75,2,30,0,240,Enderal SE - Gameplay Overhaul.esp,2,false
01FEAD:Enderal - Forgotten Stories.esm,_30E_Elixir,Elixir (Rank III),Light Magic,Spell,FireAndForget,Aimed,123,0,,true,0.75,2,45,0,270,Enderal SE - Gameplay Overhaul.esp,2,false
01FEAE:Enderal - Forgotten Stories.esm,_40E_Elixir,Elixir (Rank IV),Light Magic,Spell,FireAndForget,Aimed,160,0,,true,0.75,2,60,0,300,Enderal SE - Gameplay Overhaul.esp,2,false
02F3B8:Skyrim.esm,FastHealing,Fast Healing,Light Magic,Spell,FireAndForget,Self,73,73,0,false,0.5,2,50,0,0,Enderal SE - Gameplay Overhaul.esp,2,false
047FFF:Skyrim.esm,_55E_SpellFlashHeal_NPC,Flash Heal,Light Magic,Spell,FireAndForget,Self,170,211,,true,0.5,1,130,0,0,Skyrim.esm,1,false
00DBC7:Enderal - Forgotten Stories.esm,_07E_SpellFlashHeal_NPC,Flash Heal (Rank I),Light Magic,Spell,FireAndForget,Self,38,34,,true,0.5,1,25,0,0,Enderal - Forgotten Stories.esm,1,false
0E7677:Skyrim.esm,_07E_Blitzheilung,Flash Heal (Rank I),Light Magic,Spell,FireAndForget,Self,30,29,,true,0.2,5,18,0,0,Enderal SE - Gameplay Overhaul.esp,2,false
00DBC9:Enderal - Forgotten Stories.esm,_14E_SpellFlashHeal_NPC,Flash Heal (Rank II),Light Magic,Spell,FireAndForget,Self,64,65,,true,0.5,1,45,0,0,Enderal - Forgotten Stories.esm,1,false
0F8580:Skyrim.esm,_14E_Blitzheilung,Flash Heal (Rank II),Light Magic,Spell,FireAndForget,Self,45,47,,true,0.2,5,28,0,0,Enderal SE - Gameplay Overhaul.esp,2,false
00DBCB:Enderal - Forgotten Stories.esm,_22E_SpellFlashHeal_NPC,Flash Heal (Rank III),Light Magic,Spell,FireAndForget,Self,120,98,,true,0.5,1,65,0,0,Enderal - Forgotten Stories.esm,1,false
12E166:Skyrim.esm,_22E_Blitzheilung,Flash Heal (Rank III),Light Magic,Spell,FireAndForget,Self,67,61,,true,0.2,5,42,0,0,Enderal SE - Gameplay Overhaul.esp,2,false
00DBCD:Enderal - Forgotten Stories.esm,_32E_SpellFlashHeal_NPC,Flash Heal (Rank IV),Light Magic,Spell,FireAndForget,Self,140,141,,true,0.5,1,90,0,0,Enderal - Forgotten Stories.esm,1,false
12E167:Skyrim.esm,_32E_Blitzheilung,Flash Heal (Rank IV),Light Magic,Spell,FireAndForget,Self,93,91,,true,0.2,5,60,0,0,Enderal SE - Gameplay Overhaul.esp,2,false
12E168:Skyrim.esm,_55E_Blitzheilung,Flash Heal (Rank V),Light Magic,Spell,FireAndForget,Self,124,127,,true,0.2,5,82,0,0,Enderal SE - Gameplay Overhaul.esp,2,false
0B62EE:Skyrim.esm,GrandHealing,Grand Healing,Light Magic,Spell,FireAndForget,Self,254,254,,true,0.5,4,200,15,0,Enderal SE - Gameplay Overhaul.esp,2,false
101064:Skyrim.esm,NPCHealingLeftHand,Grand Healing,Light Magic,Spell,FireAndForget,Self,60,43,,true,0.5,1,75,0,0,Enderal SE - Gameplay Overhaul.esp,2,false
0E0CD1:Skyrim.esm,HazardGuardianCircleSpell,Guardian Circle,Light Magic,Spell,FireAndForget,Touch,169,169,0,false,1,2,35,0,30,Skyrim.esm,1,false
012FD2:Skyrim.esm,HealOther,Heal Other,Light Magic,Spell,FireAndForget,TargetActor,80,80,0,false,0.5,2,75,0,0,Skyrim.esm,1,false
027CF2:Skyrim.esm,NPCHealing05,Healing,Light Magic,Spell,Concentration,Self,5,7,,true,0,1,6,0,1,Enderal SE - Gameplay Overhaul.esp,2,false
034C38:Skyrim.esm,HealingLeftHand,Healing,Light Magic,Spell,Concentration,Self,12,12,0,false,0,1,10,0,1,Enderal SE - Gameplay Overhaul.esp,2,false
0008A3:Enderal SE - Gameplay Overhaul.esp,XionSpellHealAura1,Healing Aura (Rank I),Light Magic,Spell,FireAndForget,Self,85,6680,,true,0.75,1,100,0,300,Enderal SE - Gameplay Overhaul.esp,1,false
0008A4:Enderal SE - Gameplay Overhaul.esp,XionSpellHealAura2,Healing Aura (Rank II),Light Magic,Spell,FireAndForget,Self,125,22370,,true,0.75,1,150,0,600,Enderal SE - Gameplay Overhaul.esp,1,false
00ACA7:KataPUMBSpellPack.esp,Kata_S_LightMagic_50_HolyAura_1,Holy Aura (Rank I),Light Magic,Spell,FireAndForget,Self,96,199,,true,0.5,1,7.15,0,60,KataPUMBSpellPack.esp,1,false
00ACA9:KataPUMBSpellPack.esp,Kata_S_LightMagic_99_HolyAura_3,Holy Aura (Rank III),Light Magic,Spell,FireAndForget,Self,258,1003,,true,3,1,31,0,60,KataPUMBSpellPack.esp,1,false
00484D:KataPUMBSpellPack.esp,Kata_S_LightMagic_00_HolyCross_1,Holy Cross (Rank I),Light Magic,Spell,FireAndForget,Aimed,21,107,,true,0.6,2,15,0,0,KataPUMBSpellPack.esp,1,false
005737:KataPUMB_SpellPackage.esp,Kata_Spell_HolyCross_I,Holy Cross (Rank I),Light Magic,Spell,FireAndForget,Aimed,45,13,,true,1,2,35,0,1,KataPUMB_SpellPackage.esp,1,false
00484F:KataPUMBSpellPack.esp,Kata_S_LightMagic_25_HolyCross_2,Holy Cross (Rank II),Light Magic,Spell,FireAndForget,Aimed,35,204,,true,0.6,2,28,0,0,KataPUMBSpellPack.esp,1,false
005738:KataPUMB_SpellPackage.esp,Kata_Spell_HolyCross_II,Holy Cross (Rank II),Light Magic,Spell,FireAndForget,Aimed,65,22,,true,1,2,55,0,1,KataPUMB_SpellPackage.esp,1,false
004851:KataPUMBSpellPack.esp,Kata_S_LightMagic_50_HolyCross_3,Holy Cross (Rank III),Light Magic,Spell,FireAndForget,Aimed,43,264,,true,0.6,2,36,0,0,KataPUMBSpellPack.esp,1,false
00573A:KataPUMB_SpellPackage.esp,Kata_Spell_HolyCross_III,Holy Cross (Rank III),Light Magic,Spell,FireAndForget,Aimed,105,32,,true,1,2,75,0,1,KataPUMB_SpellPackage.esp,1,false
004853:KataPUMBSpellPack.esp,Kata_S_LightMagic_75_HolyCross_4,Holy Cross (Rank IV),Light Magic,Spell,FireAndForget,Aimed,55,312,,true,0.6,2,42,0,0,KataPUMBSpellPack.esp,1,false
004855:KataPUMBSpellPack.esp,Kata_S_LightMagic_75_HolyCross_5,Holy Cross (Rank V),Light Magic,Spell,FireAndForget,Aimed,66,378,,true,0.6,2,50,0,0,KataPUMBSpellPack.esp,1,false
004857:KataPUMBSpellPack.esp,Kata_S_LightMagic_99_HolyCross_6,Holy Cross (Rank VI),Light Magic,Spell,FireAndForget,Aimed,78,542,,true,0.6,2,68,0,0,KataPUMBSpellPack.esp,1,false
000809:EGO - KataPUMB Spell Package.esp,Holy Aura Damage,Holy Ray,Light Magic,Spell,Concentration,Aimed,20,37,,true,0,1,21.18,0,1,EGO - KataPUMB Spell Package.esp,1,false
003C94:KataPUMB_SpellPackage.esp,Kata_Spell_HolyRay_I,Holy Ray (Rank I),Light Magic,Spell,Concentration,Aimed,11,38,,true,0.3,2,6,0,1,KataPUMB_SpellPackage.esp,1,false
004842:KataPUMBSpellPack.esp,Kata_S_LightMagic_00_HolyRay_1,Holy Ray (Rank I),Light Magic,Spell,Concentration,Aimed,9,9,,true,0,2,4,0,1,KataPUMBSpellPack.esp,1,false
003C9B:KataPUMB_SpellPackage.esp,Kata_Spell_HolyRay_II,Holy Ray (Rank II),Light Magic,Spell,Concentration,Aimed,16,77,,true,0.3,2,9.15,0,1,KataPUMB_SpellPackage.esp,1,false
004843:KataPUMBSpellPack.esp,Kata_S_LightMagic_00_HolyRay_2,Holy Ray (Rank II),Light Magic,Spell,Concentration,Aimed,14,17,,true,0,2,7.15,0,1,KataPUMBSpellPack.esp,1,false
003C9C:KataPUMB_SpellPackage.esp,Kata_Spell_HolyRay_III,Holy Ray (Rank III),Light Magic,Spell,Concentration,Aimed,25,127,,true,0.3,2,14.3,0,1,KataPUMB_SpellPackage.esp,1,false
004845:KataPUMBSpellPack.esp,Kata_S_LightMagic_25_HolyRay_3,Holy Ray (Rank III),Light Magic,Spell,Concentration,Aimed,20,29,,true,0,2,11.3,0,1,KataPUMBSpellPack.esp,1,false
003C9E:KataPUMB_SpellPackage.esp,Kata_Spell_HolyRay_IV,Holy Ray (Rank IV),Light Magic,Spell,Concentration,Aimed,35,176,,true,0.3,2,21.4,0,1,KataPUMB_SpellPackage.esp,1,false
004847:KataPUMBSpellPack.esp,Kata_S_LightMagic_50_HolyRay_4,Holy Ray (Rank IV),Light Magic,Spell,Concentration,Aimed,29,50,,true,0,2,18.4,0,1,KataPUMBSpellPack.esp,1,false
003CA1:KataPUMB_SpellPackage.esp,Kata_Spell_HolyRay_V,Holy Ray (Rank V),Light Magic,Spell,Concentration,Aimed,50,324,,true,0.3,2,36,0,1,KataPUMB_SpellPackage.esp,1,false
004849:KataPUMBSpellPack.esp,Kata_S_LightMagic_75_HolyRay_5,Holy Ray (Rank V),Light Magic,Spell,Concentration,Aimed,36,67,,true,0,2,25,0,1,KataPUMBSpellPack.esp,1,false
00484B:KataPUMBSpellPack.esp,Kata_S_LightMagic_99_HolyRay_6,Holy Ray (Rank VI),Light Magic,Spell,Concentration,Aimed,40,87,,true,0,2,31,0,1,KataPUMBSpellPack.esp,1,false
00D240:KataPUMBSpellPack.esp,Kata_S_LightMagic_25_HolySmite_1,Holy Smite (Rank I),Light Magic,Spell,FireAndForget,Self,21,23,,true,0.8,2,20,25,0,KataPUMBSpellPack.esp,1,false
00D241:KataPUMBSpellPack.esp,Kata_S_LightMagic_50_HolySmite_2,Holy Smite (Rank II),Light Magic,Spell,FireAndForget,Self,32,42,,true,0.8,2,35,25,0,KataPUMBSpellPack.esp,1,false
00D243:KataPUMBSpellPack.esp,Kata_S_LightMagic_75_HolySmite_3,Holy Smite (Rank III),Light Magic,Spell,FireAndForget,Self,68,57,,true,0.8,2,45,25,0,KataPUMBSpellPack.esp,1,false
00D245:KataPUMBSpellPack.esp,Kata_S_LightMagic_99_HolySmite_4,Holy Smite (Rank IV),Light Magic,Spell,FireAndForget,Self,89,91,,true,0.8,2,68,25,0,KataPUMBSpellPack.esp,1,false
001CC9:Enderal SE - Gameplay Overhaul.esp,XionSpellLightbeam1,Holy Sun Beam (Rank I),Light Magic,Spell,FireAndForget,Aimed,27,5,,true,0.6,1,25.15,0,1,EGO - KataPUMB Spell Package.esp,2,false
001D0A:Enderal SE - Gameplay Overhaul.esp,XionSpellLightbeam2,Holy Sun Beam (Rank II),Light Magic,Spell,FireAndForget,Aimed,41,8,,true,0.6,1,38.5,0,1,EGO - KataPUMB Spell Package.esp,2,false
001E43:Enderal SE - Gameplay Overhaul.esp,XionSpellLightbeam3,Holy Sun Beam (Rank III),Light Magic,Spell,FireAndForget,Aimed,58,13,,true,0.6,1,55,0,1,EGO - KataPUMB Spell Package.esp,2,false
006AE7:Enderal SE - Gameplay Overhaul.esp,XionSpellLightbeam4,Holy Sun Beam (Rank IV),Light Magic,Spell,FireAndForget,Aimed,79,18,,true,0.6,1,75.4,0,1,EGO - KataPUMB Spell Package.esp,2,false
0054CC:KataPUMBSpellPack.esp,Kata_S_LightMagic_00_HolyBall_1,Holy Sun Burst (Rank I),Light Magic,Spell,FireAndForget,Aimed,17,23,,true,0.6,2,10,10,0,KataPUMBSpellPack.esp,1,false
0054CF:KataPUMBSpellPack.esp,Kata_S_LightMagic_50_HolyBall_3,Holy Sun Burst (Rank I),Light Magic,Spell,FireAndForget,Aimed,50,63,,true,0.8,1,37,15,0,EGO - KataPUMB Spell Package.esp,2,false
0054CD:KataPUMBSpellPack.esp,Kata_S_LightMagic_25_HolyBall_2,Holy Sun Burst (Rank II),Light Magic,Spell,FireAndForget,Aimed,27,41,,true,0.6,2,18,15,0,KataPUMBSpellPack.esp,1,false
0054D3:KataPUMBSpellPack.esp,Kata_S_LightMagic_75_HolyBall_5,Holy Sun Burst (Rank II),Light Magic,Spell,FireAndForget,Aimed,71,98,,true,0.8,1,55.2,15,0,EGO - KataPUMB Spell Package.esp,2,false
0054D5:KataPUMBSpellPack.esp,Kata_S_LightMagic_99_HolyBall_6,Holy Sun Burst (Rank III),Light Magic,Spell,FireAndForget,Aimed,94,142,,true,0.8,1,76.9,15,0,EGO - KataPUMB Spell Package.esp,2,false
0054D1:KataPUMBSpellPack.esp,Kata_S_LightMagic_75_HolyBall_4,Holy Sun Burst (Rank IV),Light Magic,Spell,FireAndForget,Aimed,45,89,,true,0.6,2,36,15,0,KataPUMBSpellPack.esp,1,false
00ACA8:KataPUMBSpellPack.esp,Kata_S_LightMagic_75_HolyAura_2,Holy Veil,Light Magic,Spell,FireAndForget,Self,134,353,,true,0.75,1,12,0,60,EGO - KataPUMB Spell Package.esp,2,false
046AF4:Skyrim.esm,NPCLifeAbsorbtion,Life Absorbtion,Light Magic,Spell,Concentration,Aimed,7,5,,true,0.5,1,3,0,1,Enderal SE - Gameplay Overhaul.esp,2,false
112DEE:Skyrim.esm,_01E_Lebensabsorbtion,Life Absorption (Rank I),Light Magic,Spell,Concentration,Aimed,7,3,,true,0.9,1,2.2,0,1,Enderal SE - Gameplay Overhaul.esp,2,false
00DC09:Enderal - Forgotten Stories.esm,_10E_SpellLifeAbsorption_NPC,Life Absorption (Rank II),Light Magic,Spell,Concentration,Aimed,14,10,,true,0.5,2,6,0,1,Enderal - Forgotten Stories.esm,1,false
12E172:Skyrim.esm,_16E_Lebensabsorbtion,Life Absorption (Rank II),Light Magic,Spell,Concentration,Aimed,16,9,,true,0.9,1,5.25,0,1,Enderal SE - Gameplay Overhaul.esp,2,false
00DC0B:Enderal - Forgotten Stories.esm,_16E_SpellLifeAbsorption_NPC,Life Absorption (Rank III),Light Magic,Spell,Concentration,Aimed,21,18,,true,0.5,2,10,0,1,Enderal - Forgotten Stories.esm,1,false
048039:Skyrim.esm,_16E_SpellLifeAbsorption_NPCLeftHand,Life Absorption (Rank III),Light Magic,Spell,Concentration,Aimed,21,18,,true,0.5,2,10,0,1,Skyrim.esm,1,false
12E173:Skyrim.esm,_22E_Lebensabsorbtion,Life Absorption (Rank III),Light Magic,Spell,Concentration,Aimed,31,19,,true,0.9,1,10.5,0,1,Enderal SE - Gameplay Overhaul.esp,2,false
00DC0D:Enderal - Forgotten Stories.esm,_22E_SpellLifeAbsorption_NPC,Life Absorption (Rank IV),Light Magic,Spell,Concentration,Aimed,29,27,,true,0.5,2,14,0,1,Enderal - Forgotten Stories.esm,1,false
00DC0F:Enderal - Forgotten Stories.esm,_31E_SpellLifeAbsorption_NPC,Life Absorption (Rank V),Light Magic,Spell,Concentration,Aimed,36,36,,true,0.5,2,18,0,1,Enderal - Forgotten Stories.esm,1,false
00DC11:Enderal - Forgotten Stories.esm,_40E_SpellLifeAbsorption_NPC,Life Absorption (Rank VI),Light Magic,Spell,Concentration,Aimed,40,49,,true,0.5,2,24,0,1,Enderal - Forgotten Stories.esm,1,false
001F7E:Enderal SE - Gameplay Overhaul.esp,_60E_XionSpellUndeadBane,Lightblade (Mystical),Light Magic,Spell,FireAndForget,Aimed,165,35,,true,0.01,1,135,0,1,Enderal SE - Gameplay Overhaul.esp,1,false
00B682:KataPUMBAffinities.esp,Kata_V2_Aux_MonkKnockout,Monk: Knockout,Light Magic,Spell,FireAndForget,Touch,0,18969,,true,0,1,0,0,300,EGO SE - KataPUMB New Affinities.esp,2,false
01EC3A:Enderal - Forgotten Stories.esm,_60E_FS_Mystical_Panacea,Panacea (Mystical),Light Magic,Spell,FireAndForget,Self,165,9538,,true,3,4,80,0,120,Enderal SE - Gameplay Overhaul.esp,2,false
002238:KataPUMB_SpellPackage.esp,Kata_Spell_RecitalOfErodan,Recital of Erodan,Light Magic,Spell,FireAndForget,Self,100,100,,true,3,1,0,0,0,KataPUMB_SpellPackage.esp,1,false
23C962:ImmersiveInteractions.esp,AR_ReduceStressSpell,Reduce Stress Spell,Light Magic,Spell,FireAndForget,Self,210,210,0,false,0,1,0.2,0,300,ImmersiveInteractions.esp,1,false
0008A8:Enderal SE - Gameplay Overhaul.esp,XionSpellPoisonResistance1,Resistance against Poison (Rank I),Light Magic,Spell,FireAndForget,Self,66,1776,,true,0.75,1,30,0,300,Enderal SE - Gameplay Overhaul.esp,1,false
0008A9:Enderal SE - Gameplay Overhaul.esp,XionSpellPoisonResistance2,Resistance against Poison (Rank II),Light Magic,Spell,FireAndForget,Self,105,3116,,true,0.75,1,50,0,300,Enderal SE - Gameplay Overhaul.esp,1,false
011AA7:Enderal - Forgotten Stories.esm,_07E_SecondBreath_NPC,Second Breath (Rank I),Light Magic,Spell,FireAndForget,TargetActor,24,24,,true,0.5,1,25,0,0,Enderal - Forgotten Stories.esm,1,false
01F0D3:Enderal - Forgotten Stories.esm,_07E_SecondBreath,Second Breath (Rank I),Light Magic,Spell,FireAndForget,TargetActor,30,19,,true,0.5,5,20.7,0,0,Enderal SE - Gameplay Overhaul.esp,2,false
011AA9:Enderal - Forgotten Stories.esm,_14E_SecondBreath_NPC,Second Breath (Rank II),Light Magic,Spell,FireAndForget,TargetActor,46,46,,true,0.5,1,45,0,0,Enderal - Forgotten Stories.esm,1,false
01F0D5:Enderal - Forgotten Stories.esm,_14E_SecondBreath,Second Breath (Rank II),Light Magic,Spell,FireAndForget,TargetActor,45,31,,true,0.5,5,31.5,0,0,Enderal SE - Gameplay Overhaul.esp,2,false
011AAB:Enderal - Forgotten Stories.esm,_22E_SecondBreath_NPC,Second Breath (Rank III),Light Magic,Spell,FireAndForget,TargetActor,65,65,,true,0.5,1,62,0,0,Enderal - Forgotten Stories.esm,1,false
01F0D4:Enderal - Forgotten Stories.esm,_22E_SecondBreath,Second Breath (Rank III),Light Magic,Spell,FireAndForget,TargetActor,67,50,,true,0.5,5,48.6,0,0,Enderal SE - Gameplay Overhaul.esp,2,false
011AAD:Enderal - Forgotten Stories.esm,_32E_SecondBreath_NPC,Second Breath (Rank IV),Light Magic,Spell,FireAndForget,TargetActor,98,98,,true,0.5,1,90,0,0,Enderal - Forgotten Stories.esm,1,false
01F0D6:Enderal - Forgotten Stories.esm,_32E_SecondBreath,Second Breath (Rank IV),Light Magic,Spell,FireAndForget,TargetActor,93,74,,true,0.5,5,69.3,0,0,Enderal SE - Gameplay Overhaul.esp,2,false
011AAF:Enderal - Forgotten Stories.esm,_55E_SecondBreath_NPC,Second Breath (Rank V),Light Magic,Spell,FireAndForget,TargetActor,148,148,,true,0.5,1,130,0,0,Enderal - Forgotten Stories.esm,1,false
01F0D2:Enderal - Forgotten Stories.esm,_55E_SecondBreath,Second Breath (Rank V),Light Magic,Spell,FireAndForget,TargetActor,124,103,,true,0.5,5,93.6,0,0,Enderal SE - Gameplay Overhaul.esp,2,false
0E489B:Skyrim.esm,_00E_MC_CaliaHealSpell,Spark of Light,Light Magic,Spell,Concentration,TargetActor,4,8,,true,3,1,10,0,5,Enderal SE - Gameplay Overhaul.esp,2,false
02A064:Enderal - Forgotten Stories.esm,_FS_NQR05_SC17_TharaelTrapSP,Tharael Trap,Light Magic,Spell,FireAndForget,Self,988,988,0,false,1,1,30,80,30,Enderal - Forgotten Stories.esm,1,false
011AB1:Enderal - Forgotten Stories.esm,_05E_SpellTurnUndead_NPCRightHand,Turn Undead (Rank I),Light Magic,Spell,FireAndForget,Aimed,30,99,,true,0.5,2,7,0,30,Enderal - Forgotten Stories.esm,1,false
135732:Skyrim.esm,_05E_SpellTurnUndead,Turn Undead (Rank I),Light Magic,Spell,FireAndForget,Aimed,27,46,,true,0.5,2,7,0,15,Enderal SE - Gameplay Overhaul.esp,2,false
011AB3:Enderal - Forgotten Stories.esm,_15E_SpellTurnUndead_NPCRightHand,Turn Undead (Rank II),Light Magic,Spell,FireAndForget,Aimed,45,253,,true,0.5,2,14,0,35,Enderal - Forgotten Stories.esm,1,false
135731:Skyrim.esm,_15E_SpellTurnUndead,Turn Undead (Rank II),Light Magic,Spell,FireAndForget,Aimed,46,115,,true,0.5,2,16,0,15,Enderal SE - Gameplay Overhaul.esp,2,false
011AB5:Enderal - Forgotten Stories.esm,_25E_SpellTurnUndead_NPCRightHand,Turn Undead (Rank III),Light Magic,Spell,FireAndForget,Aimed,55,478,,true,0.5,2,25,0,35,Enderal - Forgotten Stories.esm,1,false
13572F:Skyrim.esm,_25E_SpellTurnUndead,Turn Undead (Rank III),Light Magic,Spell,FireAndForget,Aimed,69,175,,true,0.5,2,27,0,15,Enderal SE - Gameplay Overhaul.esp,2,false
011AB7:Enderal - Forgotten Stories.esm,_35E_SpellTurnUndead_NPCRightHand,Turn Undead (Rank IV),Light Magic,Spell,FireAndForget,Aimed,65,693,,true,0.5,2,35,0,35,Enderal - Forgotten Stories.esm,1,false
13572E:Skyrim.esm,_35E_SpellTurnUndead,Turn Undead (Rank IV),Light Magic,Spell,FireAndForget,Aimed,98,253,,true,0.5,2,40,0,15,Enderal SE - Gameplay Overhaul.esp,2,false
048745:EAM SE - Enderal Apothecarii Monastery.esp,_00E_MQ05CaliaSpell_EAMmystic,Undead Bane (Mystical),Light Magic,Spell,FireAndForget,Self,140,1170,,true,3,3,0.05,80,0,EAM SE - Enderal Apothecarii Monastery.esp,1,false
000803:Bow Rapid Combo Balance.esp,Sprint Attack Cost,Sprint Attack Cost,MarksmanModifier,Spell,FireAndForget,Self,0,0,0,false,0,1,0,0,0,Bow Rapid Combo Balance.esp,1,true
014F6E:KataPUMBSpellPack.esp,Kata_Aux_BlinkExtraSummonAB,Blink AB,Mentalism,Ability,ConstantEffect,Self,0,0,0,false,0.5,1,1,0,0,KataPUMBSpellPack.esp,1,false
146676:Skyrim.esm,CandlelightLong,Candlelight,Mentalism,Ability,ConstantEffect,Self,79,79,0,false,0.5,1,100,0,0,Skyrim.esm,1,false
02EA8B:Enderal - Forgotten Stories.esm,_00E_Theriantrophist_DetectLifeBaseSP,Detect Life,Mentalism,Ability,ConstantEffect,Self,25,25,0,false,0,1,0,200,0,Enderal - Forgotten Stories.esm,1,false
0AF668:Skyrim.esm,PerkFence,Fence,Mentalism,Ability,ConstantEffect,Self,0,0,0,false,0,1,1,0,0,Skyrim.esm,1,false
0020FB:KataPUMBSpellPack.esp,Kata_aux_PetrifiedAB,Petrified AB,Mentalism,Ability,ConstantEffect,Self,0,0,,true,0,1,1,0,0,KataPUMBSpellPack.esp,1,false
00574A:KataPUMB_SpellPackage.esp,Kata_AB_RecitalAB_I,Recital,Mentalism,Ability,ConstantEffect,Self,0,0,,true,0,1,0,0,0,KataPUMB_SpellPackage.esp,1,false
00574B:KataPUMB_SpellPackage.esp,Kata_AB_RecitalAB_II,Recital,Mentalism,Ability,ConstantEffect,Self,0,0,,true,0,1,0,0,0,KataPUMB_SpellPackage.esp,1,false
00645E:KataPUMB_SpellPackage.esp,Kata_AB_RecitalAB_III,Recital,Mentalism,Ability,ConstantEffect,Self,0,0,,true,0,1,0,0,0,KataPUMB_SpellPackage.esp,1,false
02F1A5:Enderal - Forgotten Stories.esm,_00E_FS_Affinity_Soulcaller_ApparationWolfBoostSP,Wolf Form (Apparition),Mentalism,Ability,ConstantEffect,Self,40,200,,true,0,2,0,0,0,Enderal - Forgotten Stories.esm,1,false
006BDA:KataPUMBAffinities.esp,Kata_Aux_RechargeStaff,Enchanter: Recharge Staff,Mentalism,Power,FireAndForget,Self,0,13,,true,2,1,1,0,1,EGO SE - KataPUMB New Affinities.esp,2,false
01EC39:Enderal - Forgotten Stories.esm,_60E_FS_Mystical_Accerlate,Acceleration (Mystical),Mentalism,Spell,FireAndForget,Self,150,217122,,true,3,1,50,0,50,Enderal SE - Gameplay Overhaul.esp,2,false
002E23:KataPUMBSpellPack.esp,Kata_S_Mentalism_00_Flesh_Aquamarine_1,Aquamarine Body (Rank I),Mentalism,Spell,FireAndForget,Self,24,266,,true,0.5,1,20,0,240,KataPUMBSpellPack.esp,1,false
002E25:KataPUMBSpellPack.esp,Kata_S_Mentalism_25_Flesh_Aquamarine_2,Aquamarine Body (Rank II),Mentalism,Spell,FireAndForget,Self,40,631,,true,0.5,1,35,0,300,KataPUMBSpellPack.esp,1,false
002E29:KataPUMBSpellPack.esp,Kata_S_Mentalism_75_Flesh_Aquamarine_4,Aquamarine Body (Rank IV),Mentalism,Spell,FireAndForget,Self,99,1353,,true,0.5,1,70,0,300,KataPUMBSpellPack.esp,1,false
002E2B:KataPUMBSpellPack.esp,Kata_S_Mentalism_99_Flesh_Aquamarine_5,Aquamarine Body (Rank V),Mentalism,Spell,FireAndForget,Self,120,2720,,true,0.5,1,110,0,360,KataPUMBSpellPack.esp,1,false
002E27:KataPUMBSpellPack.esp,Kata_S_Mentalism_50_Flesh_Aquamarine_3,Aquamarine body (Rank III),Mentalism,Spell,FireAndForget,Self,70,935,,true,0.5,1,50,0,300,KataPUMBSpellPack.esp,1,false
002E1A:KataPUMBSpellPack.esp,Kata_S_Mentalism_00_Flesh_Beryl_1,Beryl Body (Rank I),Mentalism,Spell,FireAndForget,Self,24,266,,true,0.5,1,20,0,240,KataPUMBSpellPack.esp,1,false
002E1B:KataPUMBSpellPack.esp,Kata_S_Mentalism_25_Flesh_Beryl_2,Beryl Body (Rank II),Mentalism,Spell,FireAndForget,Self,40,631,,true,0.5,1,35,0,300,KataPUMBSpellPack.esp,1,false
002E1F:KataPUMBSpellPack.esp,Kata_S_Mentalism_75_Flesh_Beryl_4,Beryl Body (Rank IV),Mentalism,Spell,FireAndForget,Self,99,1353,,true,0.5,1,70,0,300,KataPUMBSpellPack.esp,1,false
002E21:KataPUMBSpellPack.esp,Kata_S_Mentalism_99_Flesh_Beryl_5,Beryl Body (Rank V),Mentalism,Spell,FireAndForget,Self,120,2720,,true,0.5,1,110,0,360,KataPUMBSpellPack.esp,1,false
002E1D:KataPUMBSpellPack.esp,Kata_S_Mentalism_50_Flesh_Beryl_3,Beryl body (Rank III),Mentalism,Spell,FireAndForget,Self,70,935,,true,0.5,1,50,0,300,KataPUMBSpellPack.esp,1,false
005744:KataPUMB_SpellPackage.esp,Kata_Spell_Teleport,Blink,Mentalism,Spell,FireAndForget,Aimed,70,70,,true,0.5,1,0,0,0,KataPUMB_SpellPackage.esp,1,false
00210F:KataPUMBSpellPack.esp,Kata_S_Mentalism_00_Blink_1,Blink (Rank I),Mentalism,Spell,FireAndForget,TargetLocation,21,0,,true,0.5,1,0,0,1,KataPUMBSpellPack.esp,1,false
002112:KataPUMBSpellPack.esp,Kata_S_Mentalism_50_Blink_3,Blink (Rank I),Mentalism,Spell,FireAndForget,Aimed,70,0,,true,0.1,1,1,0,0,EGO - KataPUMB Spell Package.esp,2,false
002110:KataPUMBSpellPack.esp,Kata_S_Mentalism_25_Blink_2,Blink (Rank II),Mentalism,Spell,FireAndForget,TargetLocation,35,0,,true,0.5,1,0,0,1,KataPUMBSpellPack.esp,1,false
002114:KataPUMBSpellPack.esp,Kata_S_Mentalism_75_Blink_4,Blink (Rank II),Mentalism,Spell,FireAndForget,Aimed,90,0,,true,0.1,1,1,0,0,EGO - KataPUMB Spell Package.esp,2,false
002116:KataPUMBSpellPack.esp,Kata_S_Mentalism_99_Blink_5,Blink (Rank III),Mentalism,Spell,FireAndForget,Aimed,110,0,,true,0.1,1,1,0,0,EGO - KataPUMB Spell Package.esp,2,false
04DC90:Skyrim.esm,_01E_Magierlicht,Candlelight (Rank I),Mentalism,Spell,FireAndForget,Self,20,77,,true,0.75,1,10,0,120,Enderal SE - Gameplay Overhaul.esp,2,false
085656:Skyrim.esm,_15E_Magierlicht,Candlelight (Rank II),Mentalism,Spell,FireAndForget,Self,40,121,,true,0.75,1,10,0,180,Enderal SE - Gameplay Overhaul.esp,2,false
0F858A:Skyrim.esm,_30E_Magierlicht,Candlelight (Rank III),Mentalism,Spell,FireAndForget,Self,61,166,,true,0.75,1,10,0,240,Enderal SE - Gameplay Overhaul.esp,2,false
0F858B:Skyrim.esm,_40E_Magierlicht,Candlelight (Rank IV),Mentalism,Spell,FireAndForget,Self,85,259,,true,0.75,1,10,0,360,Enderal SE - Gameplay Overhaul.esp,2,false
106710:Skyrim.esm,_00E_MQ07a_TeleportPyreanSP,Conjure Pyrean,Mentalism,Spell,FireAndForget,Self,50,25,,true,3,1,0,0,0,Enderal SE - Gameplay Overhaul.esp,2,false
04831E:Skyrim.esm,_00E_SpellDetectDead,Detect Dead,Mentalism,Spell,Concentration,Self,11,120,,true,0.5,4,0,75,0,Enderal SE - Gameplay Overhaul.esp,3,false
04D004:Skyrim.esm,_00E_SpellDetectLife,Detect Life,Mentalism,Spell,Concentration,Self,11,100,,true,0.5,4,0,75,0,Enderal SE - Gameplay Overhaul.esp,3,false
002DF8:KataPUMBSpellPack.esp,Kata_S_Mentalism_75_DimensionalPocket,Dimensional Pocket,Mentalism,Spell,FireAndForget,Self,55,0,,true,0.6,1,1,0,1,KataPUMBSpellPack.esp,1,false
048028:Skyrim.esm,_35E_SpellDivineShield_NPCLeftHand,Divine Shield,Mentalism,Spell,FireAndForget,Self,110,1306,,true,0,1,100,0,240,Skyrim.esm,1,false
03F74E:Skyrim.esm,_01E_Goetterschild,Divine Shield (Rank I),Mentalism,Spell,FireAndForget,Self,55,643,,true,0.75,1,60,0,210,Enderal SE - Gameplay Overhaul.esp,2,false
048009:Skyrim.esm,_01E_SpellDivineShield_NPC,Divine Shield (Rank I),Mentalism,Spell,FireAndForget,Self,24,347,,true,0.5,1,30,0,240,Skyrim.esm,1,false
048018:Skyrim.esm,_12E_SpellDivineShield_NPCLeftHand,Divine Shield (Rank II),Mentalism,Spell,FireAndForget,Self,40,609,,true,0.5,1,50,0,240,Skyrim.esm,1,false
048019:Skyrim.esm,_12E_SpellDivineShield_NPC,Divine Shield (Rank II),Mentalism,Spell,FireAndForget,Self,40,609,,true,0.5,1,50,0,240,Skyrim.esm,1,false
085653:Skyrim.esm,_12E_Goetterschild,Divine Shield (Rank II),Mentalism,Spell,FireAndForget,Self,70,1142,,true,0.75,1,75,0,240,Enderal SE - Gameplay Overhaul.esp,2,false
00DB9A:Enderal - Forgotten Stories.esm,_20E_SpellDivineShield_NPC,Divine Shield (Rank III),Mentalism,Spell,FireAndForget,Self,70,882,,true,0.5,1,70,0,240,Enderal - Forgotten Stories.esm,1,false
0F8586:Skyrim.esm,_20E_Goetterschild,Divine Shield (Rank III),Mentalism,Spell,FireAndForget,Self,87,1687,,true,0.75,1,95,0,270,Enderal SE - Gameplay Overhaul.esp,2,false
00DB9C:Enderal - Forgotten Stories.esm,_30E_SpellDivineShield_NPC,Divine Shield (Rank IV),Mentalism,Spell,FireAndForget,Self,99,1163,,true,0.5,1,90,0,240,Enderal - Forgotten Stories.esm,1,false
0F8585:Skyrim.esm,_30E_Goetterschild,Divine Shield (Rank IV),Mentalism,Spell,FireAndForget,Self,107,2449,,true,0.75,1,120,0,300,Enderal SE - Gameplay Overhaul.esp,2,false
00DB9E:Enderal - Forgotten Stories.esm,_40E_SpellDivineShield_NPC,Divine Shield (Rank V),Mentalism,Spell,FireAndForget,Self,120,1451,,true,0.5,1,110,0,240,Enderal - Forgotten Stories.esm,1,false
0F8584:Skyrim.esm,_40E_Goetterschild,Divine Shield (Rank V),Mentalism,Spell,FireAndForget,Self,132,3349,,true,0.75,1,145,0,330,Enderal SE - Gameplay Overhaul.esp,2,false
00DBA0:Enderal - Forgotten Stories.esm,_50E_SpellDivineShield_NPC,Divine Shield (Rank VI),Mentalism,Spell,FireAndForget,Self,150,1743,,true,0.5,1,130,0,240,Enderal - Forgotten Stories.esm,1,false
0F8583:Skyrim.esm,_50E_Goetterschild,Divine Shield (Rank VI),Mentalism,Spell,FireAndForget,Self,160,4533,,true,0.75,1,175,0,360,Enderal SE - Gameplay Overhaul.esp,2,false
001F3F:Enderal SE - Gameplay Overhaul.esp,_00E_Ability_StaggerSelfSpell2,Dizzy,Mentalism,Spell,FireAndForget,Self,0,0,0,false,0,3,0.5,0,0,Enderal SE - Gameplay Overhaul.esp,1,false
001F40:Enderal SE - Gameplay Overhaul.esp,_00E_Ability_StaggerSelfSpell3,Dizzy,Mentalism,Spell,FireAndForget,Self,0,0,0,false,0,3,2,0,0,Enderal SE - Gameplay Overhaul.esp,1,false
03A44A:Skyrim.esm,_00E_Ability_StaggerSelfSpell,Dizzy,Mentalism,Spell,FireAndForget,Self,0,0,0,false,0,3,0.01,0,0,Enderal SE - Gameplay Overhaul.esp,2,false
05AD5E:Skyrim.esm,NPCMageArmor4,Ebonyflesh,Mentalism,Spell,FireAndForget,Self,60,1982,,true,0.3,1,165,0,180,Enderal SE - Gameplay Overhaul.esp,2,false
002126:KataPUMBSpellPack.esp,Kata_S_Mentalism_00_Shield_Fire_1,Elemental shield: Fire (Rank I),Mentalism,Spell,FireAndForget,Self,22,22,,true,0.6,1,10,0,60,KataPUMBSpellPack.esp,1,false
002128:KataPUMBSpellPack.esp,Kata_S_Mentalism_25_Shield_Fire_2,Elemental shield: Fire (Rank II),Mentalism,Spell,FireAndForget,Self,28,48,,true,0.6,1,20,0,60,KataPUMBSpellPack.esp,1,false
00212A:KataPUMBSpellPack.esp,Kata_S_Mentalism_50_Shield_Fire_3,Elemental shield: Fire (Rank III),Mentalism,Spell,FireAndForget,Self,38,75,,true,0.6,1,30,0,60,KataPUMBSpellPack.esp,1,false
00212C:KataPUMBSpellPack.esp,Kata_S_Mentalism_75_Shield_Fire_4,Elemental shield: Fire (Rank IV),Mentalism,Spell,FireAndForget,Self,46,132,,true,0.6,1,50,0,60,KataPUMBSpellPack.esp,1,false
00212E:KataPUMBSpellPack.esp,Kata_S_Mentalism_75_Shield_Fire_5,Elemental shield: Fire (Rank V),Mentalism,Spell,FireAndForget,Self,55,207,,true,0.6,1,75,0,60,KataPUMBSpellPack.esp,1,false
002130:KataPUMBSpellPack.esp,Kata_S_Mentalism_99_Shield_Fire_6,Elemental shield: Fire (Rank VI),Mentalism,Spell,FireAndForget,Self,78,284,,true,0.6,1,100,0,60,KataPUMBSpellPack.esp,1,false
002132:KataPUMBSpellPack.esp,Kata_S_Mentalism_00_Shield_Frost_1,Elemental shield: Frost (Rank I),Mentalism,Spell,FireAndForget,Self,22,22,,true,0.6,1,10,0,60,KataPUMBSpellPack.esp,1,false
002134:KataPUMBSpellPack.esp,Kata_S_Mentalism_25_Shield_Frost_2,Elemental shield: Frost (Rank II),Mentalism,Spell,FireAndForget,Self,28,48,,true,0.6,1,20,0,60,KataPUMBSpellPack.esp,1,false
002136:KataPUMBSpellPack.esp,Kata_S_Mentalism_50_Shield_Frost_3,Elemental shield: Frost (Rank III),Mentalism,Spell,FireAndForget,Self,38,75,,true,0.6,1,30,0,60,KataPUMBSpellPack.esp,1,false
002138:KataPUMBSpellPack.esp,Kata_S_Mentalism_75_Shield_Frost_4,Elemental shield: Frost (Rank IV),Mentalism,Spell,FireAndForget,Self,46,132,,true,0.6,1,50,0,60,KataPUMBSpellPack.esp,1,false
00213A:KataPUMBSpellPack.esp,Kata_S_Mentalism_75_Shield_Frost_5,Elemental shield: Frost (Rank V),Mentalism,Spell,FireAndForget,Self,55,207,,true,0.6,1,75,0,60,KataPUMBSpellPack.esp,1,false
00213C:KataPUMBSpellPack.esp,Kata_S_Mentalism_99_Shield_Frost_6,Elemental shield: Frost (Rank VI),Mentalism,Spell,FireAndForget,Self,78,284,,true,0.6,1,100,0,60,KataPUMBSpellPack.esp,1,false
00213E:KataPUMBSpellPack.esp,Kata_S_Mentalism_00_Shield_Shock_1,Elemental shield: Shock (Rank I),Mentalism,Spell,FireAndForget,Self,22,22,,true,0.6,1,10,0,60,KataPUMBSpellPack.esp,1,false
002140:KataPUMBSpellPack.esp,Kata_S_Mentalism_25_Shield_Shock_2,Elemental shield: Shock (Rank II),Mentalism,Spell,FireAndForget,Self,28,48,,true,0.6,1,20,0,60,KataPUMBSpellPack.esp,1,false
002142:KataPUMBSpellPack.esp,Kata_S_Mentalism_50_Shield_Shock_3,Elemental shield: Shock (Rank III),Mentalism,Spell,FireAndForget,Self,38,75,,true,0.6,1,30,0,60,KataPUMBSpellPack.esp,1,false
002144:KataPUMBSpellPack.esp,Kata_S_Mentalism_75_Shield_Shock_4,Elemental shield: Shock (Rank IV),Mentalism,Spell,FireAndForget,Self,46,132,,true,0.6,1,50,0,60,KataPUMBSpellPack.esp,1,false
002146:KataPUMBSpellPack.esp,Kata_S_Mentalism_75_Shield_Shock_5,Elemental shield: Shock (Rank V),Mentalism,Spell,FireAndForget,Self,55,207,,true,0.6,1,75,0,60,KataPUMBSpellPack.esp,1,false
002148:KataPUMBSpellPack.esp,Kata_S_Mentalism_99_Shield_Shock_6,Elemental shield: Shock (Rank VI),Mentalism,Spell,FireAndForget,Self,78,284,,true,0.6,1,100,0,60,KataPUMBSpellPack.esp,1,false
002DD4:KataPUMBSpellPack.esp,Kata_S_Mentalism_25_MaximizeMagic_2,Empower Magic (Rank I),Mentalism,Spell,FireAndForget,Self,35,67,,true,1.6,1,0,0,90,EGO - KataPUMB Spell Package.esp,2,false
002DD6:KataPUMBSpellPack.esp,Kata_S_Mentalism_50_MaximizeMagic_3,Empower Magic (Rank II),Mentalism,Spell,FireAndForget,Self,50,67,,true,1.6,1,0,0,90,EGO - KataPUMB Spell Package.esp,2,false
002DDA:KataPUMBSpellPack.esp,Kata_S_Mentalism_75_MaximizeMagic_5,Empower Magic (Rank III),Mentalism,Spell,FireAndForget,Self,70,67,,true,1.6,1,0,0,90,EGO - KataPUMB Spell Package.esp,2,false
002DDC:KataPUMBSpellPack.esp,Kata_S_Mentalism_99_MaximizeMagic_6,Empower Magic (Rank IV),Mentalism,Spell,FireAndForget,Self,95,67,,true,1.6,1,0,0,90,EGO - KataPUMB Spell Package.esp,2,false
03F74C:Skyrim.esm,_05E_SpellEquilibrium,Equilibrium (Rank I),Mentalism,Spell,Concentration,Self,1,38,,true,0,2,15,0,0,Enderal SE - Gameplay Overhaul.esp,2,false
0F8589:Skyrim.esm,_14E_Equilibirum,Equilibrium (Rank II),Mentalism,Spell,Concentration,Self,1,60,,true,0,2,20,0,0,Enderal SE - Gameplay Overhaul.esp,2,false
0F8588:Skyrim.esm,_28E_Equilibirum,Equilibrium (Rank III),Mentalism,Spell,Concentration,Self,1,99,,true,0,2,30,0,0,Enderal SE - Gameplay Overhaul.esp,2,false
01FEB6:Enderal - Forgotten Stories.esm,_05E_FS_EssenceGift,Essence Gift (Rank I),Mentalism,Spell,FireAndForget,Self,18,2,,true,0.3,2,20,0,1,Enderal SE - Gameplay Overhaul.esp,2,false
01FEB7:Enderal - Forgotten Stories.esm,_15E_FS_EssenceGift,Essence Gift (Rank II),Mentalism,Spell,FireAndForget,Self,32,3,,true,0.3,2,35,0,1,Enderal SE - Gameplay Overhaul.esp,2,false
01FEB8:Enderal - Forgotten Stories.esm,_25E_FS_EssenceGift,Essence Gift (Rank III),Mentalism,Spell,FireAndForget,Self,50,6,,true,0.3,2,55,0,1,Enderal SE - Gameplay Overhaul.esp,2,false
01FEB9:Enderal - Forgotten Stories.esm,_45E_FS_EssenceGift,Essence Gift (Rank IV),Mentalism,Spell,FireAndForget,Self,72,9,,true,0.3,2,80,0,1,Enderal SE - Gameplay Overhaul.esp,2,false
0049E1:KataPUMB_SpellPackage.esp,Kata_Spell_FireShield_I,Fire Shield (Rank I),Mentalism,Spell,FireAndForget,Self,22,81,,true,0.5,1,8,0,240,KataPUMB_SpellPackage.esp,1,false
0049E4:KataPUMB_SpellPackage.esp,Kata_Spell_FireShield_II,Fire Shield (Rank II),Mentalism,Spell,FireAndForget,Self,38,150,,true,0.5,1,14,0,240,KataPUMB_SpellPackage.esp,1,false
0049E2:KataPUMB_SpellPackage.esp,Kata_Spell_FireShield_III,Fire Shield (Rank III),Mentalism,Spell,FireAndForget,Self,55,222,,true,0.5,1,20,0,240,KataPUMB_SpellPackage.esp,1,false
0049E3:KataPUMB_SpellPackage.esp,Kata_Spell_FireShield_IV,Fire Shield (Rank IV),Mentalism,Spell,FireAndForget,Self,68,411,,true,0.5,1,35,0,240,KataPUMB_SpellPackage.esp,1,false
0049E8:KataPUMB_SpellPackage.esp,Kata_Spell_FireShield_V,Fire Shield (Rank V),Mentalism,Spell,FireAndForget,Self,168,609,,true,0.5,1,50,0,240,KataPUMB_SpellPackage.esp,1,false
0F64AA:Skyrim.esm,_00E_A1_FlashpowderWidgetSP,Flash Powder,Mentalism,Spell,FireAndForget,Self,8,13,,true,0.5,1,25,0,15,Skyrim.esm,1,false
00C097:KataPUMB_SpellPackage.esp,Kata_Spell_MasterTelekinesis,Force Grab,Mentalism,Spell,Concentration,Self,100,170,,true,0.5,1,1,0,0,KataPUMB_SpellPackage.esp,1,false
0049EA:KataPUMB_SpellPackage.esp,Kata_Spell_FrostShield_I,Frost Shield (Rank I),Mentalism,Spell,FireAndForget,Self,22,81,,true,0.5,1,8,0,240,KataPUMB_SpellPackage.esp,1,false
0049EC:KataPUMB_SpellPackage.esp,Kata_Spell_FrostShield_II,Frost Shield (Rank II),Mentalism,Spell,FireAndForget,Self,38,150,,true,0.5,1,14,0,240,KataPUMB_SpellPackage.esp,1,false
0049EE:KataPUMB_SpellPackage.esp,Kata_Spell_FrostShield_III,Frost Shield (Rank III),Mentalism,Spell,FireAndForget,Self,55,222,,true,0.5,1,20,0,240,KataPUMB_SpellPackage.esp,1,false
0049F0:KataPUMB_SpellPackage.esp,Kata_Spell_FrostShield_IV,Frost Shield (Rank IV),Mentalism,Spell,FireAndForget,Self,68,411,,true,0.5,1,35,0,240,KataPUMB_SpellPackage.esp,1,false
0049F2:KataPUMB_SpellPackage.esp,Kata_Spell_FrostShield_V,Frost Shield (Rank V),Mentalism,Spell,FireAndForget,Self,168,609,,true,0.5,1,50,0,240,KataPUMB_SpellPackage.esp,1,false
002E2D:KataPUMBSpellPack.esp,Kata_S_Mentalism_00_Flesh_Heliodor_1,Heliodor Body (Rank I),Mentalism,Spell,FireAndForget,Self,24,266,,true,0.5,1,20,0,240,KataPUMBSpellPack.esp,1,false
002E2F:KataPUMBSpellPack.esp,Kata_S_Mentalism_25_Flesh_Heliodor_2,Heliodor Body (Rank II),Mentalism,Spell,FireAndForget,Self,40,631,,true,0.5,1,35,0,300,KataPUMBSpellPack.esp,1,false
002E33:KataPUMBSpellPack.esp,Kata_S_Mentalism_75_Flesh_Heliodor_4,Heliodor Body (Rank IV),Mentalism,Spell,FireAndForget,Self,99,1353,,true,0.5,1,70,0,300,KataPUMBSpellPack.esp,1,false
002E35:KataPUMBSpellPack.esp,Kata_S_Mentalism_99_Flesh_Heliodor_5,Heliodor Body (Rank V),Mentalism,Spell,FireAndForget,Self,120,2720,,true,0.5,1,110,0,360,KataPUMBSpellPack.esp,1,false
002E31:KataPUMBSpellPack.esp,Kata_S_Mentalism_50_Flesh_Heliodor_3,Heliodor body (Rank III),Mentalism,Spell,FireAndForget,Self,70,935,,true,0.5,1,50,0,300,KataPUMBSpellPack.esp,1,false
02EA8E:Enderal - Forgotten Stories.esm,_00E_Theriantrophist_DetectLife,Instinct,Mentalism,Spell,FireAndForget,Self,46540,46540,0,false,0,2,1000,300,5,Enderal - Forgotten Stories.esm,1,false
051B16:Skyrim.esm,NPCMageArmor3,Ironflesh,Mentalism,Spell,FireAndForget,Self,47,1460,,true,0.3,1,125,0,180,Enderal SE - Gameplay Overhaul.esp,1,false
001EAB:Enderal SE - Gameplay Overhaul.esp,XionSpellKineticBlast,Kinetic Blast,Mentalism,Spell,FireAndForget,Aimed,105,13,,true,0.75,2,1,0,0,Enderal SE - Gameplay Overhaul.esp,1,false
00086E:Enderal SE - Gameplay Overhaul.esp,_60E_XionSpellKineticNova,Kinetic Nova (Mystical),Mentalism,Spell,FireAndForget,Self,150,0,,true,0.5,4,0,13,0,Enderal SE - Gameplay Overhaul.esp,1,false
0FCC61:Skyrim.esm,ShieldLesserUNUSED,Lesser Shield,Mentalism,Spell,Concentration,Self,13,49,,true,0,2,55,0,0,Enderal SE - Gameplay Overhaul.esp,2,false
002124:KataPUMBSpellPack.esp,Kata_S_Mentalism_75_LightbornRecital_3,Lightborn Recital (Mystical),Mentalism,Spell,FireAndForget,Self,135,0,,true,1,1,1,0,0,EGO - KataPUMB Spell Package.esp,2,false
001518:KataPUMB_SpellPackage.esp,Kata_Spell_LightBornRecital_I,Lightborn Recital (Rank I),Mentalism,Spell,FireAndForget,Self,80,80,,true,2.5,1,0,0,0,KataPUMB_SpellPackage.esp,1,false
002120:KataPUMBSpellPack.esp,Kata_S_Mentalism_25_LightbornRecital_1,Lightborn Recital (Rank I),Mentalism,Spell,FireAndForget,Self,31,0,,true,1.6,1,1,0,0,KataPUMBSpellPack.esp,1,false
001519:KataPUMB_SpellPackage.esp,Kata_Spell_LightBornRecital_II,Lightborn Recital (Rank II),Mentalism,Spell,FireAndForget,Self,110,110,,true,2,1,0,0,0,KataPUMB_SpellPackage.esp,1,false
002122:KataPUMBSpellPack.esp,Kata_S_Mentalism_50_LightbornRecital_2,Lightborn Recital (Rank II),Mentalism,Spell,FireAndForget,Self,44,0,,true,1.6,1,1,0,0,KataPUMBSpellPack.esp,1,false
00222C:KataPUMB_SpellPackage.esp,Kata_Spell_LightBornRecital_III,Lightborn Recital (Rank III),Mentalism,Spell,FireAndForget,Self,180,180,,true,1.5,1,0,0,0,KataPUMB_SpellPackage.esp,1,false
000861:Enderal SE - Gameplay Overhaul.esp,XionSpellRealMagelight1,Magelight (Rank I),Mentalism,Spell,FireAndForget,Aimed,25,141,,true,0.5,1,10,0,90,Enderal SE - Gameplay Overhaul.esp,1,false
000862:Enderal SE - Gameplay Overhaul.esp,XionSpellRealMagelight2,Magelight (Rank II),Mentalism,Spell,FireAndForget,Aimed,50,247,,true,0.5,1,10,0,150,Enderal SE - Gameplay Overhaul.esp,1,false
001D67:Enderal SE - Gameplay Overhaul.esp,XionSpellRealMagelight3,Magelight (Rank III),Mentalism,Spell,FireAndForget,Aimed,76,358,,true,0.5,1,10,0,210,Enderal SE - Gameplay Overhaul.esp,1,false
001E40:Enderal SE - Gameplay Overhaul.esp,XionSpellRealMagelight4,Magelight (Rank IV),Mentalism,Spell,FireAndForget,Aimed,106,589,,true,0.5,1,10,0,330,Enderal SE - Gameplay Overhaul.esp,1,false
002DDE:KataPUMBSpellPack.esp,Kata_S_Mentalism_50_Unlock_1,Magic Key (Rank I),Mentalism,Spell,FireAndForget,Aimed,100,0,,true,0.5,1,0,0,0,EGO - KataPUMB Spell Package.esp,2,false
002DE0:KataPUMBSpellPack.esp,Kata_S_Mentalism_75_Unlock_2,Magic Key (Rank II),Mentalism,Spell,FireAndForget,Aimed,145,0,,true,0.5,1,0,0,0,EGO - KataPUMB Spell Package.esp,2,false
002DE2:KataPUMBSpellPack.esp,Kata_S_Mentalism_99_Unlock_3,Magic Key (Rank III),Mentalism,Spell,FireAndForget,Aimed,200,0,,true,0.5,1,0,0,0,EGO - KataPUMB Spell Package.esp,2,false
002DD3:KataPUMBSpellPack.esp,Kata_S_Mentalism_00_MaximizeMagic_1,Maximize Magic (Rank I),Mentalism,Spell,FireAndForget,Self,25,542,,true,1.6,1,10,0,60,KataPUMBSpellPack.esp,1,false
002DD8:KataPUMBSpellPack.esp,Kata_S_Mentalism_75_MaximizeMagic_4,Maximize Magic (Rank IV),Mentalism,Spell,FireAndForget,Self,75,3184,,true,1.6,1,50,0,60,KataPUMBSpellPack.esp,1,false
01268F:KataPUMBAffinities.esp,Kata_V2_Aux_MonkKnockoutLISTENER,Monk: Knockout listener,Mentalism,Spell,Concentration,Aimed,0,0,,true,0,1,1,0,5,KataPUMBAffinities.esp,1,false
05AD5C:Skyrim.esm,NPCMageArmor1,Oakflesh,Mentalism,Spell,FireAndForget,Self,25,542,,true,0.3,1,60,0,180,Enderal SE - Gameplay Overhaul.esp,2,false
000800:xxOpenSpells.esp,xx_OpenLockAdept,Ondusi's Key (Adept),Mentalism,Spell,FireAndForget,Aimed,40,0,,true,1,1,15,0,0,xxOpenSpells.esp,1,false
000801:xxOpenSpells.esp,xx_OpenLockApprentice,Ondusi's Key (Apprentice),Mentalism,Spell,FireAndForget,Aimed,24,0,,true,1,1,15,0,0,xxOpenSpells.esp,1,false
000802:xxOpenSpells.esp,xx_OpenLockExpert,Ondusi's Key (Expert),Mentalism,Spell,FireAndForget,Aimed,70,0,,true,1,1,15,0,0,xxOpenSpells.esp,1,false
000803:xxOpenSpells.esp,xx_OpenLockMaster,Ondusi's Key (Master),Mentalism,Spell,FireAndForget,Aimed,99,0,,true,1,1,15,0,0,xxOpenSpells.esp,1,false
02A00A:Skyrim.esm,NPC08Paralysis,Paralysis,Mentalism,Spell,FireAndForget,Aimed,25,35,,true,0.5,2,0,0,1,Enderal SE - Gameplay Overhaul.esp,2,false
001F85:Enderal SE - Gameplay Overhaul.esp,XionParalyzeEffect,Paralyze,Mentalism,Spell,FireAndForget,Self,0,15,15,false,0,1,0,0,1,Enderal SE - Gameplay Overhaul.esp,1,false
0F8587:Skyrim.esm,_00E_MQ09ParaSpell,Paralyze,Mentalism,Spell,FireAndForget,Aimed,10,34,,true,0.5,1,0,0,2,Skyrim.esm,1,false
012726:Enderal - Forgotten Stories.esm,_18E_SpellParalyze_NPC,Paralyze (Rank I),Mentalism,Spell,FireAndForget,Aimed,105,76,,true,0.5,2,0,0,2,Enderal - Forgotten Stories.esm,1,false
1377A3:Skyrim.esm,_18E_Paralysieren,Paralyze (Rank I),Mentalism,Spell,FireAndForget,Aimed,105,35,,true,0.75,2,0,0,1,Enderal SE - Gameplay Overhaul.esp,2,false
012728:Enderal - Forgotten Stories.esm,_30E_SpellParalyze_NPC,Paralyze (Rank II),Mentalism,Spell,FireAndForget,Aimed,180,256,,true,0.5,2,0,0,6,Enderal - Forgotten Stories.esm,1,false
1377A4:Skyrim.esm,_30E_Paralysieren,Paralyze (Rank II),Mentalism,Spell,FireAndForget,Aimed,180,164,,true,0.75,2,0,0,4,Enderal SE - Gameplay Overhaul.esp,2,false
002118:KataPUMBSpellPack.esp,Kata_S_Mentalism_25_Petrify_1,Petrifying Touch (Rank I),Mentalism,Spell,FireAndForget,TargetActor,50,0,,true,0.5,1,1,0,5,EGO - KataPUMB Spell Package.esp,2,false
00211A:KataPUMBSpellPack.esp,Kata_S_Mentalism_50_Petrify_2,Petrifying Touch (Rank II),Mentalism,Spell,FireAndForget,TargetActor,75,0,,true,0.5,1,1,0,5,EGO - KataPUMB Spell Package.esp,2,false
00211C:KataPUMBSpellPack.esp,Kata_S_Mentalism_75_Petrify_3,Petrifying Touch (Rank III),Mentalism,Spell,FireAndForget,TargetActor,110,0,,true,0.5,1,1,0,5,EGO - KataPUMB Spell Package.esp,2,false
00211E:KataPUMBSpellPack.esp,Kata_S_Mentalism_99_Petrify_4,Petrifying Touch (Rank IV),Mentalism,Spell,FireAndForget,TargetActor,155,0,,true,0.5,1,1,0,5,EGO - KataPUMB Spell Package.esp,2,false
001F2F:Enderal SE - Gameplay Overhaul.esp,NPCXionMagProt,Protection from Magic,Mentalism,Spell,FireAndForget,Self,40,472,,true,0.3,1,15,0,180,Enderal SE - Gameplay Overhaul.esp,1,false
001F30:Enderal SE - Gameplay Overhaul.esp,NPCXionMagProt2,Protection from Magic,Mentalism,Spell,FireAndForget,Self,55,828,,true,0.3,1,25,0,180,Enderal SE - Gameplay Overhaul.esp,1,false
085610:Skyrim.esm,_08E_Magieschutz,Protection from Magic (Rank I),Mentalism,Spell,FireAndForget,Self,80,415,,true,0.75,1,10,0,240,Enderal SE - Gameplay Overhaul.esp,2,false
135737:Skyrim.esm,_19E_Magieschutz,Protection from Magic (Rank II),Mentalism,Spell,FireAndForget,Self,125,951,,true,0.75,1,17,0,300,Enderal SE - Gameplay Overhaul.esp,3,false
135736:Skyrim.esm,_30E_Magieschutz,Protection from Magic (Rank III),Mentalism,Spell,FireAndForget,Self,176,1776,,true,0.75,1,25,0,360,Enderal SE - Gameplay Overhaul.esp,3,false
002150:KataPUMBSpellPack.esp,Kata_S_Mentalism_25_QuickMarch_1,Quick March (Rank I),Mentalism,Spell,FireAndForget,Self,23,716,,true,0.5,1,5,0,60,KataPUMBSpellPack.esp,1,false
002151:KataPUMBSpellPack.esp,Kata_S_Mentalism_50_QuickMarch_2,Quick March (Rank II),Mentalism,Spell,FireAndForget,Self,41,1536,,true,0.5,1,10,0,60,KataPUMBSpellPack.esp,1,false
002153:KataPUMBSpellPack.esp,Kata_S_Mentalism_75_QuickMarch_3,Quick March (Rank III),Mentalism,Spell,FireAndForget,Self,75,3292,,true,0.5,1,20,0,60,KataPUMBSpellPack.esp,1,false
002155:KataPUMBSpellPack.esp,Kata_S_Mentalism_99_QuickMarch_4,Quick March (Rank IV),Mentalism,Spell,FireAndForget,Self,98,9021,,true,0.5,1,50,0,60,KataPUMBSpellPack.esp,1,false
002232:KataPUMB_SpellPackage.esp,Kata_Spell_RecitalOfMana,Recital of Mana (Rank I),Mentalism,Spell,FireAndForget,Self,90,90,,true,2,1,30,0,60,KataPUMB_SpellPackage.esp,1,false
00214D:KataPUMBSpellPack.esp,Kata_S_Mentalism_50_RecitalOfMana,Recital of mana (Rank I),Mentalism,Spell,FireAndForget,Self,50,0,,true,1.6,1,50,0,60,KataPUMBSpellPack.esp,1,false
001E39:Enderal SE - Gameplay Overhaul.esp,XionSpellFeatherfall,Safe Fall,Mentalism,Spell,FireAndForget,Self,80,33,,true,0.75,1,0,0,30,Enderal SE - Gameplay Overhaul.esp,1,false
01EFCC:Enderal - Forgotten Stories.esm,_05E_FS_SaldrinsTouch,Saldrin's Touch,Mentalism,Spell,FireAndForget,Aimed,92,11,,true,1.5,1,1,0,1,Enderal SE - Gameplay Overhaul.esp,2,false
0049F4:KataPUMB_SpellPackage.esp,Kata_Spell_ShockShield_I,Shock Shield (Rank I),Mentalism,Spell,FireAndForget,Self,22,81,,true,0.5,1,8,0,240,KataPUMB_SpellPackage.esp,1,false
0049F6:KataPUMB_SpellPackage.esp,Kata_Spell_ShockShield_II,Shock Shield (Rank II),Mentalism,Spell,FireAndForget,Self,38,150,,true,0.5,1,14,0,240,KataPUMB_SpellPackage.esp,1,false
0049FB:KataPUMB_SpellPackage.esp,Kata_Spell_ShockShield_III,Shock Shield (Rank III),Mentalism,Spell,FireAndForget,Self,55,222,,true,0.5,1,20,0,240,KataPUMB_SpellPackage.esp,1,false
0049F8:KataPUMB_SpellPackage.esp,Kata_Spell_ShockShield_IV,Shock Shield (Rank IV),Mentalism,Spell,FireAndForget,Self,68,411,,true,0.5,1,35,0,240,KataPUMB_SpellPackage.esp,1,false
00570C:KataPUMB_SpellPackage.esp,Kata_Spell_ShockShield_V,Shock Shield (Rank V),Mentalism,Spell,FireAndForget,Self,168,609,,true,0.5,1,50,0,240,KataPUMB_SpellPackage.esp,1,false
14334B:Skyrim.esm,_00E_Affinity_AbSpectralArrowSP,Spectral Arrow,Mentalism,Spell,FireAndForget,Aimed,76,76,0,false,0,1,0,0,2,Enderal SE - Gameplay Overhaul.esp,2,false
01EFD2:Enderal - Forgotten Stories.esm,_10E_FS_SpectralChestSP,Spectral Chest (Rank I),Mentalism,Spell,FireAndForget,Self,75,234,,true,1,1,15,0,1,Enderal SE - Gameplay Overhaul.esp,2,false
01EFD4:Enderal - Forgotten Stories.esm,_30E_FS_SpectralChestSP,Spectral Chest (Rank II),Mentalism,Spell,FireAndForget,Self,110,502,,true,1,1,30,0,1,Enderal SE - Gameplay Overhaul.esp,2,false
01EFD5:Enderal - Forgotten Stories.esm,_45E_FS_SpectralChestSP,Spectral Chest (Rank III),Mentalism,Spell,FireAndForget,Self,162,978,,true,1,1,55,0,1,Enderal SE - Gameplay Overhaul.esp,2,false
048013:Skyrim.esm,_01E_SpellSpellWard_NPC,Spell Ward (Rank I),Mentalism,Spell,Concentration,Self,9,29,,true,0,2,35,0,0,Skyrim.esm,1,false
085607:Skyrim.esm,_01E_SpellSpellWard,Spell Ward (Rank I),Mentalism,Spell,Concentration,Self,6,117,,true,0,4,40,0,0,Enderal SE - Gameplay Overhaul.esp,2,false
047FF5:Skyrim.esm,_10E_SpellSpellWard_NPC,Spell Ward (Rank II),Mentalism,Spell,Concentration,Self,16,47,,true,0,2,53,0,0,Skyrim.esm,1,false
085654:Skyrim.esm,_10E_SpellSpellWard,Spell Ward (Rank II),Mentalism,Spell,Concentration,Self,11,172,,true,0,4,55,0,0,Enderal SE - Gameplay Overhaul.esp,2,false
085655:Skyrim.esm,_20E_SpellSpellWard,Spell Ward (Rank III),Mentalism,Spell,Concentration,Self,17,247,,true,0,4,75,0,0,Enderal SE - Gameplay Overhaul.esp,2,false
00F4F9:Enderal - Forgotten Stories.esm,_30E_SpellSpellWard_NPC,Spell Ward (Rank IV),Mentalism,Spell,Concentration,Self,40,105,,true,0,2,110,0,0,Enderal - Forgotten Stories.esm,1,false
0F858C:Skyrim.esm,_30E_SpellSpellWard,Spell Ward (Rank IV),Mentalism,Spell,Concentration,Self,24,362,,true,0,4,105,0,0,Enderal SE - Gameplay Overhaul.esp,2,false
00F4FA:Enderal - Forgotten Stories.esm,_40E_SpellSpellWard_NPC,Spell Ward (Rank V),Mentalism,Spell,Concentration,Self,58,137,,true,0,2,140,0,0,Enderal - Forgotten Stories.esm,1,false
0F858E:Skyrim.esm,_40E_SpellSpellWard,Spell Ward (Rank V),Mentalism,Spell,Concentration,Self,32,496,,true,0,4,140,0,0,Enderal SE - Gameplay Overhaul.esp,2,false
00F4FD:Enderal - Forgotten Stories.esm,_50E_SpellSpellWard_NPC,Spell Ward (Rank VI),Mentalism,Spell,Concentration,Self,80,181,,true,0,2,180,0,0,Enderal - Forgotten Stories.esm,1,false
0F858D:Skyrim.esm,_50E_SpellSpellWard,Spell Ward (Rank VI),Mentalism,Spell,Concentration,Self,41,654,,true,0,4,180,0,0,Enderal SE - Gameplay Overhaul.esp,2,false
0083E6:Enderal SE - Gameplay Overhaul.esp,XionSpellDuration,Stable Spellwork (Rank I),Mentalism,Spell,FireAndForget,Self,60,903,,true,0.75,1,0,0,600,Enderal SE - Gameplay Overhaul.esp,1,false
0083EB:Enderal SE - Gameplay Overhaul.esp,XionSpellDuration2,Stable Spellwork (Rank II),Mentalism,Spell,FireAndForget,Self,100,1411,,true,0.75,1,0,0,900,Enderal SE - Gameplay Overhaul.esp,1,false
0083F9:Enderal SE - Gameplay Overhaul.esp,XionSpellDuration3,Stable Spellwork (Rank III),Mentalism,Spell,FireAndForget,Self,145,1936,,true,0.75,1,0,0,1200,Enderal SE - Gameplay Overhaul.esp,1,false
03C612:Skyrim.esm,_00E_StaggerSelf,Staggering,Mentalism,Spell,FireAndForget,Self,0,0,0,false,0,1,1,0,0,Skyrim.esm,1,false
07231A:Skyrim.esm,WardSteadfastLeftHandUNUSED,Steadfast Ward,Mentalism,Spell,Concentration,Self,16,54,,true,0,2,60,0,0,Enderal SE - Gameplay Overhaul.esp,2,false
05AD5D:Skyrim.esm,NPCMageArmor2,Stoneflesh,Mentalism,Spell,FireAndForget,Self,35,1017,,true,0.3,1,90,0,180,Enderal SE - Gameplay Overhaul.esp,1,false
01A4CC:Skyrim.esm,_10E_SpellTelekinesis,Telekinesis,Mentalism,Spell,Concentration,Self,10,170,,true,0,1,1,0,0,Skyrim.esm,1,false
0EA7E8:Skyrim.esm,_00E_MQ11a_SC12_Telekinesis,Telekinesis,Mentalism,Spell,Concentration,Self,8,170,,true,0,1,1,0,0,Skyrim.esm,1,false
013018:Skyrim.esm,NPCWard1,Ward,Mentalism,Spell,Concentration,Self,6,69,,true,0,2,75,0,0,Enderal SE - Gameplay Overhaul.esp,2,false
0211F0:Skyrim.esm,NPCWard3,Ward,Mentalism,Spell,Concentration,Self,15,148,,true,0,2,130,0,0,Enderal SE - Gameplay Overhaul.esp,2,false
072319:Skyrim.esm,NPCWard2,Ward,Mentalism,Spell,Concentration,Self,10,95,,true,0,2,100,0,0,Enderal SE - Gameplay Overhaul.esp,2,false
07231B:Skyrim.esm,NPCWard4,Ward,Mentalism,Spell,Concentration,Self,21,198,,true,0,2,170,0,0,Enderal SE - Gameplay Overhaul.esp,1,false
08560B:Skyrim.esm,_10E_Wasseratmung,Water Breathing (Rank I),Mentalism,Spell,FireAndForget,Self,55,103,,true,0.75,1,0,0,30,Enderal SE - Gameplay Overhaul.esp,2,false
08560C:Skyrim.esm,_20E_Wasseratmung,Water Breathing (Rank II),Mentalism,Spell,FireAndForget,Self,87,6226,,true,0.75,2,0,0,60,Enderal SE - Gameplay Overhaul.esp,2,false
0083F1:Enderal SE - Gameplay Overhaul.esp,_30E_Wasseratmung,Water Breathing (Rank III),Mentalism,Spell,FireAndForget,Self,87,20451,,true,0.75,2,0,0,90,Enderal SE - Gameplay Overhaul.esp,1,false
001CCA:Enderal SE - Gameplay Overhaul.esp,XionSpellWaterwalk,Waterwalking,Mentalism,Spell,Concentration,Self,6,10,,true,0.1,1,0,0,1,Enderal SE - Gameplay Overhaul.esp,1,false
02F1A4:Enderal - Forgotten Stories.esm,_00E_FS_Affinity_Soulcaller_ApparationWolfFormSP,Wolf Form (Apparation),Mentalism,Spell,FireAndForget,Self,40,334,,true,0,1,0,0,30,Enderal SE - Gameplay Overhaul.esp,2,false
02F19E:Enderal - Forgotten Stories.esm,_00E_FS_Affinity_ScourgeOfTheWilds_TitanSP,Colossus,Mentalism,Voice,FireAndForget,Self,40,214,,true,0,1,0,0,20,Enderal SE - Gameplay Overhaul.esp,2,false
02F390:Enderal - Forgotten Stories.esm,_00E_FS_Affinity_Ravager_EldritchFeastSP,Feast,Mentalism,Voice,FireAndForget,Self,40,1258,,true,0,1,5,0,20,Enderal SE - Gameplay Overhaul.esp,2,false
02F1A9:Enderal - Forgotten Stories.esm,_00E_FS_Affinity_Soulcaller_TransformApparationSP,United Souls,Mentalism,Voice,FireAndForget,Self,40,100,,true,0,1,0,0,0,Enderal - Forgotten Stories.esm,1,false
08FAB6:Skyrim.esm,_00E_MQ11c_ChaosohrSpell,Sharpen Senses,Psionics,LesserPower,FireAndForget,Self,0,0,0,false,0,1,0,0,60,Skyrim.esm,1,false
0C4DE1:Skyrim.esm,VampireHuntersSight,Vampire's Sight,Psionics,LesserPower,FireAndForget,Self,0,0,0,false,0,1,0,0,60,Skyrim.esm,1,false
12E17D:Skyrim.esm,_05E_FS_Overstrain,>Counter (Rank I),Psionics,Spell,FireAndForget,Aimed,999,301,,true,0.5,3,7,0,4,Enderal SE - Gameplay Overhaul.esp,3,false
06FF1D:Skyrim.esm,_15E_FS_Overstrain,>Counter (Rank II),Psionics,Spell,FireAndForget,Aimed,999,345,,true,0.5,3,8,0,5,Enderal SE - Gameplay Overhaul.esp,3,false
06FF27:Skyrim.esm,_24E_FS_Overstrainunused,>Counter (Rank III),Psionics,Spell,FireAndForget,Aimed,999,407,,true,0.5,3,8,0,7,Enderal SE - Gameplay Overhaul.esp,3,false
119BD6:Skyrim.esm,_05E_Panikunused,>Panic (Rank II),Psionics,Spell,FireAndForget,Aimed,999,51,,true,0.46,2,10,0,10,Enderal SE - Gameplay Overhaul.esp,2,false
13744F:Skyrim.esm,_18E_Panikunused,>Panic (Rank III),Psionics,Spell,FireAndForget,Aimed,999,109,,true,0.38,2,18,0,11,Enderal SE - Gameplay Overhaul.esp,2,false
06FF25:Skyrim.esm,_05E_FS_PsionicPush,>Psionic Push (Rank I),Psionics,Spell,FireAndForget,Aimed,999,52,,true,1,2,11,0,0,Enderal SE - Gameplay Overhaul.esp,3,false
06FF23:Skyrim.esm,_15E_FS_PsionicPush,>Psionic Push (Rank II),Psionics,Spell,FireAndForget,Aimed,999,104,,true,1,2,22,0,0,Enderal SE - Gameplay Overhaul.esp,3,false
06FF24:Skyrim.esm,_24E_FS_PsionicPush,>Psionic Push (Rank III),Psionics,Spell,FireAndForget,Aimed,999,158,,true,1,2,33,0,0,Enderal SE - Gameplay Overhaul.esp,3,false
14334C:Skyrim.esm,_00E_Affinity_AbBattlemageFocusSP,Adamant Concentration,Psionics,Spell,FireAndForget,Self,156,156,0,false,0,1,0,0,15,Skyrim.esm,1,false
0083FB:Enderal SE - Gameplay Overhaul.esp,XionSpellBlindness,Blindness,Psionics,Spell,FireAndForget,Aimed,80,3753,,true,0.75,1,100,0,60,Enderal SE - Gameplay Overhaul.esp,1,false
0047EA:KataPUMBSpellPack.esp,Kata_Aux_ChaoticAuraEff_1,Chaotic Aura (Rank I),Psionics,Spell,Concentration,Aimed,0,43,,true,0,2,12,0,5,KataPUMBSpellPack.esp,1,false
0047EF:KataPUMBSpellPack.esp,Kata_S_Psionics_75_ChaoticAura_1,Chaotic Aura (Rank I),Psionics,Spell,FireAndForget,Self,96,794,,true,0.5,1,10,0,120,KataPUMBSpellPack.esp,1,false
0047EB:KataPUMBSpellPack.esp,Kata_Aux_ChaoticAuraEff_2,Chaotic Aura (Rank II),Psionics,Spell,Concentration,Aimed,0,75,,true,0,2,20,0,5,KataPUMBSpellPack.esp,1,false
0047F0:KataPUMBSpellPack.esp,Kata_S_Psionics_99_ChaoticAura_2,Chaotic Aura (Rank II),Psionics,Spell,FireAndForget,Self,210,4663,,true,1.5,1,20,0,300,KataPUMBSpellPack.esp,1,false
118051:Skyrim.esm,_00E_SpellClairvoyance,Clairvoyance,Psionics,Spell,Concentration,Self,15,25,,true,0,1,0,0,1,Skyrim.esm,1,false
06FF28:Skyrim.esm,_30E_FS_Overstrain,Counter (Rank I),Psionics,Spell,FireAndForget,Aimed,45,31,,true,0.5,3,0,0,6,Enderal SE - Gameplay Overhaul.esp,3,false
06FF1B:Skyrim.esm,_48E_FS_Overstrain,Counter (Rank II),Psionics,Spell,FireAndForget,Aimed,65,37,,true,0.5,3,0,0,8,Enderal SE - Gameplay Overhaul.esp,3,false
06FF1C:Skyrim.esm,_54E_FS_Overstrain,Counter (Rank III),Psionics,Spell,FireAndForget,Aimed,88,45,,true,0.5,3,0,0,10,Enderal SE - Gameplay Overhaul.esp,3,false
001CCE:Enderal SE - Gameplay Overhaul.esp,XionSpellSummonIllu,Create Illusion,Psionics,Spell,FireAndForget,TargetLocation,53,50,,true,0.5,1,0,0,30,Enderal SE - Gameplay Overhaul.esp,1,false
024B63:Enderal - Forgotten Stories.esm,_00E_FS_NQ07_LightSpell,Cuthbert's Visions,Psionics,Spell,Concentration,Self,1,1,,true,0.5,1,0,0,1,Enderal - Forgotten Stories.esm,1,false
143346:Skyrim.esm,_00E_Affinity_AbShadowdancerCloakSP,Death Cloak,Psionics,Spell,FireAndForget,Self,100,100,0,false,0.5,1,0,0,10,Skyrim.esm,1,false
0047A7:KataPUMBSpellPack.esp,Kata_S_Psionics_75_DeathMantle_1,Death Mantle (Rank I),Psionics,Spell,FireAndForget,Self,96,794,,true,0.5,1,10,0,120,KataPUMBSpellPack.esp,1,false
0098D3:KataPUMB_SpellPackage.esp,Kata_Spell_FearCloak_I,Death Mantle (Rank I),Psionics,Spell,FireAndForget,Self,80,353,,true,0.5,2,12,0,60,KataPUMB_SpellPackage.esp,1,false
0047A8:KataPUMBSpellPack.esp,Kata_S_Psionics_99_DeathMantle_2,Death Mantle (Rank II),Psionics,Spell,FireAndForget,Self,210,4663,,true,1.5,1,20,0,300,KataPUMBSpellPack.esp,1,false
0098D4:KataPUMB_SpellPackage.esp,Kata_Spell_FearCloak_II,Death Mantle (Rank II),Psionics,Spell,FireAndForget,Self,196,968,,true,0.5,2,30,0,60,KataPUMB_SpellPackage.esp,1,false
00479F:KataPUMBSpellPack.esp,Kata_Aux_DeathMantleFear_1,Death Mantle Fear (Rank I),Psionics,Spell,Concentration,Aimed,0,80,,true,0,2,15,0,5,KataPUMBSpellPack.esp,1,false
0047A1:KataPUMBSpellPack.esp,Kata_Aux_DeathMantleFear_2,Death Mantle Fear (Rank II),Psionics,Spell,Concentration,Aimed,0,172,,true,0,2,30,0,5,KataPUMBSpellPack.esp,1,false
0047D0:KataPUMBSpellPack.esp,Kata_S_Psionics_00_Diversion_1,Diversion (Rank I),Psionics,Spell,FireAndForget,Aimed,31,23578,,true,0,4,9999,0,8,KataPUMBSpellPack.esp,1,false
0047D1:KataPUMBSpellPack.esp,Kata_S_Psionics_25_Diversion_2,Diversion (Rank II),Psionics,Spell,FireAndForget,Aimed,44,47078,,true,0,4,9999,0,15,KataPUMBSpellPack.esp,1,false
0047D3:KataPUMBSpellPack.esp,Kata_S_Psionics_50_Diversion_3,Diversion (Rank III),Psionics,Spell,FireAndForget,Aimed,76,82578,,true,0,4,9999,0,25,KataPUMBSpellPack.esp,1,false
0047D5:KataPUMBSpellPack.esp,Kata_S_Psionics_75_Diversion_4,Diversion (Rank IV),Psionics,Spell,FireAndForget,Aimed,115,138482,,true,0,4,9999,0,40,KataPUMBSpellPack.esp,1,false
0047D7:KataPUMBSpellPack.esp,Kata_S_Psionics_99_Diversion_5,Diversion (Rank V),Psionics,Spell,FireAndForget,Aimed,218,216320,,true,0,4,9999,0,60,KataPUMBSpellPack.esp,1,false
02E3BF:Enderal - Forgotten Stories.esm,_00E_FS_FatherDreameater,Dreameater,Psionics,Spell,FireAndForget,Aimed,10,99,,true,1,2,55,0,1,Enderal SE - Gameplay Overhaul.esp,2,false
00DBA2:Enderal - Forgotten Stories.esm,_07E_FS_Dreameater_NPC,Dreameater (Rank I),Psionics,Spell,FireAndForget,Aimed,21,14,,true,0.5,2,9,0,1,Enderal - Forgotten Stories.esm,1,false
01FE0C:Enderal - Forgotten Stories.esm,_07E_FS_Dreameater,Dreameater (Rank I),Psionics,Spell,FireAndForget,Aimed,21,32,,true,0.6,4,10,0,1,Enderal SE - Gameplay Overhaul.esp,2,false
00DBA4:Enderal - Forgotten Stories.esm,_14E_FS_Dreameater_NPC,Dreameater (Rank II),Psionics,Spell,FireAndForget,Aimed,35,27,,true,0.5,2,17,0,1,Enderal - Forgotten Stories.esm,1,false
01FE16:Enderal - Forgotten Stories.esm,_14E_FS_Dreameater,Dreameater (Rank II),Psionics,Spell,FireAndForget,Aimed,34,54,,true,0.6,4,16.6,0,1,Enderal SE - Gameplay Overhaul.esp,2,false
01FE17:Enderal - Forgotten Stories.esm,_24E_FS_Dreameater,Dreameater (Rank III),Psionics,Spell,FireAndForget,Aimed,47,78,,true,0.6,4,23.5,0,1,Enderal SE - Gameplay Overhaul.esp,2,false
02F573:Enderal - Forgotten Stories.esm,_24E_FS_Dreameater_NPC,Dreameater (Rank III),Psionics,Spell,FireAndForget,Aimed,42,38,,true,0.5,2,23,0,1,Enderal - Forgotten Stories.esm,1,false
00DBA6:Enderal - Forgotten Stories.esm,_34E_FS_Dreameater_NPC,Dreameater (Rank IV),Psionics,Spell,FireAndForget,Aimed,55,50,,true,0.5,2,29,0,1,Enderal - Forgotten Stories.esm,1,false
01FE18:Enderal - Forgotten Stories.esm,_34E_FS_Dreameater,Dreameater (Rank IV),Psionics,Spell,FireAndForget,Aimed,61,106,,true,0.6,4,31.3,0,1,Enderal SE - Gameplay Overhaul.esp,2,false
00DBA8:Enderal - Forgotten Stories.esm,_44E_FS_Dreameater_NPC,Dreameater (Rank V),Psionics,Spell,FireAndForget,Aimed,66,61,,true,0.5,2,35,0,1,Enderal - Forgotten Stories.esm,1,false
01FE19:Enderal - Forgotten Stories.esm,_44E_FS_Dreameater,Dreameater (Rank V),Psionics,Spell,FireAndForget,Aimed,76,138,,true,0.6,4,40,0,1,Enderal SE - Gameplay Overhaul.esp,2,false
00DBAA:Enderal - Forgotten Stories.esm,_54E_FS_Dreameater_NPC,Dreameater (Rank VI),Psionics,Spell,FireAndForget,Aimed,78,72,,true,0.5,2,41,0,1,Enderal - Forgotten Stories.esm,1,false
01FE1C:Enderal - Forgotten Stories.esm,_54E_FS_Dreameater,Dreameater (Rank VI),Psionics,Spell,FireAndForget,Aimed,92,176,,true,0.6,4,49.5,0,1,Enderal SE - Gameplay Overhaul.esp,2,false
024C22:Enderal - Forgotten Stories.esm,_05E_45_Unique_BloodyCleaverSP,Father's Legacy,Psionics,Spell,FireAndForget,Self,0,0,0,false,0,1,1,0,1,Enderal - Forgotten Stories.esm,1,false
0098D2:KataPUMB_SpellPackage.esp,Kata_FearCloakDMG,Fear The Reaper,Psionics,Spell,Concentration,Aimed,0,63,,true,0,1,12,0,3,KataPUMB_SpellPackage.esp,1,false
0098D7:KataPUMB_SpellPackage.esp,Kata_FearCloakDMG_II,Fear The Reaper,Psionics,Spell,Concentration,Aimed,0,172,,true,0,1,30,0,3,KataPUMB_SpellPackage.esp,1,false
001CBF:Enderal SE - Gameplay Overhaul.esp,_60E_XionSpellHysteria,Hysteria (Mystical),Psionics,Spell,FireAndForget,Self,140,866,,true,3,2,50,250,30,Enderal SE - Gameplay Overhaul.esp,1,false
0047AC:KataPUMBSpellPack.esp,Kata_Aux_Inspire_1,Inspiring Aura,Psionics,Spell,Concentration,Aimed,0,1,,true,0,1,10,0,3,EGO - KataPUMB Spell Package.esp,2,false
0047AF:KataPUMBSpellPack.esp,Kata_Aux_Inspire_2,Inspiring Aura,Psionics,Spell,Concentration,Aimed,0,2,,true,0,1,20,0,3,EGO - KataPUMB Spell Package.esp,2,false
0047B0:KataPUMBSpellPack.esp,Kata_Aux_Inspire_3,Inspiring Aura,Psionics,Spell,Concentration,Aimed,0,4,,true,0,1,30,0,3,EGO - KataPUMB Spell Package.esp,2,false
0047BA:KataPUMBSpellPack.esp,Kata_S_Psionics_50_Inspire_1,Inspiring Aura (Rank I),Psionics,Spell,FireAndForget,Self,105,2658,,true,0.5,1,30,0,120,EGO - KataPUMB Spell Package.esp,2,false
0047B8:KataPUMBSpellPack.esp,Kata_S_Psionics_75_Inspire_2,Inspiring Aura (Rank II),Psionics,Spell,FireAndForget,Self,140,4153,,true,0.5,1,30,0,180,EGO - KataPUMB Spell Package.esp,2,false
0047B7:KataPUMBSpellPack.esp,Kata_S_Psionics_99_Inspire_3,Inspiring Aura (Rank III),Psionics,Spell,FireAndForget,Self,185,5699,,true,0.5,1,30,0,240,EGO - KataPUMB Spell Package.esp,2,false
027EB6:Skyrim.esm,NPCInvisibility,Invisibility,Psionics,Spell,FireAndForget,Self,0,1538,,true,0,1,0,0,120,Enderal SE - Gameplay Overhaul.esp,2,false
000816:EGO - KataPUMB Spell Package.esp,Kata_Aux_InvokeShadowPhaseRetreat2,Invoke shadow +1,Psionics,Spell,FireAndForget,Aimed,0,0,0,false,0,1,1,0,0,EGO - KataPUMB Spell Package.esp,1,false
0047DF:KataPUMBSpellPack.esp,Kata_Aux_InvokeShadowPhaseRetreat,Invoke shadow +1,Psionics,Spell,FireAndForget,Aimed,0,0,0,false,0,1,1,0,0,KataPUMBSpellPack.esp,1,false
00B341:KataPUMB_SpellPackage.esp,Kata_Spell_Mantra_II_Concealment,Mantra of Concealment,Psionics,Spell,FireAndForget,Self,50,2653,,true,3,1,10,0,300,KataPUMB_SpellPackage.esp,1,false
00B343:KataPUMB_SpellPackage.esp,Kata_Spell_Mantra_IV_Concentration,Mantra of Concentration,Psionics,Spell,FireAndForget,Self,180,1237,,true,3,1,5,0,300,KataPUMB_SpellPackage.esp,1,false
00B340:KataPUMB_SpellPackage.esp,Kata_Spell_Mantra_I_Distraction,Mantra of Distraction,Psionics,Spell,FireAndForget,Self,35,2653,,true,3,1,10,0,300,KataPUMB_SpellPackage.esp,1,false
00B347:KataPUMB_SpellPackage.esp,Kata_Spell_Mantra_III_Pain_I,Mantra of Pain (One Handed),Psionics,Spell,FireAndForget,Self,80,2653,,true,3,1,10,0,300,KataPUMB_SpellPackage.esp,1,false
00B345:KataPUMB_SpellPackage.esp,Kata_Spell_Mantra_III_Pain_II,Mantra of Pain (Two Handed),Psionics,Spell,FireAndForget,Self,80,2653,,true,3,1,10,0,300,KataPUMB_SpellPackage.esp,1,false
00B349:KataPUMB_SpellPackage.esp,Kata_Spell_Mantra_IV_Resolve,Mantra of Resolve,Psionics,Spell,FireAndForget,Self,180,1237,,true,3,1,5,0,300,KataPUMB_SpellPackage.esp,1,false
01EFDD:Enderal - Forgotten Stories.esm,_25E_FS_Mesmerize,Mesmerize,Psionics,Spell,FireAndForget,Aimed,110,395,,true,0.75,1,5,0,180,Enderal SE - Gameplay Overhaul.esp,2,false
01EFDA:Enderal - Forgotten Stories.esm,_10E_FS_Mesmerize,Mesmerize (Rank I),Psionics,Spell,FireAndForget,Aimed,75,309,,true,0.75,1,6,0,120,Enderal SE - Gameplay Overhaul.esp,2,false
01EFDE:Enderal - Forgotten Stories.esm,_40E_FS_Mesmerize,Mesmerize (Rank III),Psionics,Spell,FireAndForget,Aimed,165,1162,,true,0.75,1,10,0,240,Enderal SE - Gameplay Overhaul.esp,2,false
00A613:KataPUMB_SpellPackage.esp,Kata_Spell_MindWrack_I,Mind Wrack (Rank I),Psionics,Spell,FireAndForget,Aimed,35,12,,true,0.5,3,5,0,10,KataPUMB_SpellPackage.esp,1,false
00A614:KataPUMB_SpellPackage.esp,Kata_Spell_MindWrack_II,Mind Wrack (Rank II),Psionics,Spell,FireAndForget,Aimed,35,23,,true,0.5,3,5,0,15,KataPUMB_SpellPackage.esp,1,false
00A620:KataPUMB_SpellPackage.esp,Kata_Spell_MindWrack_III,Mind Wrack (Rank III),Psionics,Spell,FireAndForget,Aimed,75,43,,true,0.5,3,10,0,10,KataPUMB_SpellPackage.esp,1,false
00A61D:KataPUMB_SpellPackage.esp,Kata_Spell_MindWrack_IV,Mind Wrack (Rank IV),Psionics,Spell,FireAndForget,Aimed,100,68,,true,0.5,3,10,0,15,KataPUMB_SpellPackage.esp,1,false
00A61A:KataPUMB_SpellPackage.esp,Kata_Spell_MindWrack_V,Mind Wrack (Rank V),Psionics,Spell,FireAndForget,Aimed,130,79,,true,0.5,3,15,0,10,KataPUMB_SpellPackage.esp,1,false
00A624:KataPUMB_SpellPackage.esp,Kata_Spell_MindWrack_VI,Mind Wrack (Rank VI),Psionics,Spell,FireAndForget,Aimed,150,119,,true,0.5,3,15,0,15,KataPUMB_SpellPackage.esp,1,false
00A61F:KataPUMB_SpellPackage.esp,Kata_Spell_MindWrack_VII,Mind Wrack (Rank VII),Psionics,Spell,FireAndForget,Aimed,200,154,,true,0.5,3,20,0,15,KataPUMB_SpellPackage.esp,1,false
0047BF:KataPUMBSpellPack.esp,Kata_S_Psionics_00_Shatter_1,Mind wrack (Rank I),Psionics,Spell,FireAndForget,Aimed,16,0,,true,0.5,4,6,0,1,KataPUMBSpellPack.esp,1,false
0047C2:KataPUMBSpellPack.esp,Kata_S_Psionics_25_Shatter_2,Mind wrack (Rank II),Psionics,Spell,FireAndForget,Aimed,25,0,,true,0.5,4,10,0,1,KataPUMBSpellPack.esp,1,false
0047C3:KataPUMBSpellPack.esp,Kata_S_Psionics_50_Shatter_3,Mind wrack (Rank III),Psionics,Spell,FireAndForget,Aimed,34,0,,true,0.5,4,16,0,1,KataPUMBSpellPack.esp,1,false
0047C4:KataPUMBSpellPack.esp,Kata_S_Psionics_75_Shatter_4,Mind wrack (Rank IV),Psionics,Spell,FireAndForget,Aimed,42,0,,true,0.5,4,28,0,1,KataPUMBSpellPack.esp,1,false
0047C6:KataPUMBSpellPack.esp,Kata_S_Psionics_75_Shatter_5,Mind wrack (Rank V),Psionics,Spell,FireAndForget,Aimed,58,0,,true,0.5,4,34,0,1,KataPUMBSpellPack.esp,1,false
0047C7:KataPUMBSpellPack.esp,Kata_S_Psionics_99_Shatter_6,Mind wrack (Rank VI),Psionics,Spell,FireAndForget,Aimed,76,0,,true,0.5,4,46,0,1,KataPUMBSpellPack.esp,1,false
00087C:Enderal SE - Gameplay Overhaul.esp,_60E_XionSpellMindstorm,Mindstorm (Mystical),Psionics,Spell,FireAndForget,Aimed,135,3693,,true,0.5,13,50,0,10,Enderal SE - Gameplay Overhaul.esp,1,false
000875:Enderal SE - Gameplay Overhaul.esp,XionSpellNightEye,Night Eye,Psionics,Spell,FireAndForget,Self,59,15,,true,0.5,1,0,0,120,Enderal SE - Gameplay Overhaul.esp,1,false
000878:Enderal SE - Gameplay Overhaul.esp,XionSpellNightmare,Nightmare,Psionics,Spell,FireAndForget,TargetActor,73,1116,,true,0.5,1,500,0,0,Enderal SE - Gameplay Overhaul.esp,1,false
119BD7:Skyrim.esm,_00E_Panik,Panic (Rank I),Psionics,Spell,FireAndForget,Aimed,26,26,,true,0.5,2,6,0,9,Enderal SE - Gameplay Overhaul.esp,2,false
13744E:Skyrim.esm,_13E_Panik,Panic (Rank II),Psionics,Spell,FireAndForget,Aimed,42,63,,true,0.5,2,12,0,10,Enderal SE - Gameplay Overhaul.esp,2,false
137450:Skyrim.esm,_25E_Panik,Panic (Rank III),Psionics,Spell,FireAndForget,Aimed,62,116,,true,0.5,2,19,0,11,Enderal SE - Gameplay Overhaul.esp,2,false
137451:Skyrim.esm,_30E_Panik,Panic (Rank IV),Psionics,Spell,FireAndForget,Aimed,83,188,,true,0.5,2,27,0,12,Enderal SE - Gameplay Overhaul.esp,2,false
137452:Skyrim.esm,_37E_Panik,Panic (Rank V),Psionics,Spell,FireAndForget,Aimed,105,273,,true,0.5,2,35,0,13,Enderal SE - Gameplay Overhaul.esp,2,false
137453:Skyrim.esm,_42E_Panik,Panic (Rank VI),Psionics,Spell,FireAndForget,Aimed,127,371,,true,0.5,2,43,0,14,Enderal SE - Gameplay Overhaul.esp,2,false
001CCD:Enderal SE - Gameplay Overhaul.esp,XionSpellRuneFear,Panic Rune,Psionics,Spell,FireAndForget,TargetLocation,100,0,,true,1.1,1,1,0,1,Enderal SE - Gameplay Overhaul.esp,1,false
0047E0:KataPUMBSpellPack.esp,Kata_S_Psionics_50_PhaseRetreat_1,Phase Retreat (Rank I),Psionics,Spell,FireAndForget,Self,66,156,,true,0.8,1,0,0,15,KataPUMBSpellPack.esp,1,false
0047E2:KataPUMBSpellPack.esp,Kata_S_Psionics_75_PhaseRetreat_2,Phase Retreat (Rank I),Psionics,Spell,FireAndForget,Self,125,46,,true,0.5,1,0,0,5,EGO - KataPUMB Spell Package.esp,2,false
0047E4:KataPUMBSpellPack.esp,Kata_S_Psionics_99_PhaseRetreat_3,Phase Retreat (Rank II),Psionics,Spell,FireAndForget,Self,175,100,,true,0.5,1,0,0,10,EGO - KataPUMB Spell Package.esp,2,false
01E8EB:Enderal - Forgotten Stories.esm,_00E_FS_OverstrainDMGSP,Psionic Damage,Psionics,Spell,FireAndForget,Self,17,64,,true,0.5,1,15,0,0,Enderal - Forgotten Stories.esm,1,false
010E22:Enderal - Forgotten Stories.esm,_05E_FS_PsionicPush_NPC,Psionic Push (Rank I),Psionics,Spell,FireAndForget,Aimed,18,12,,true,1,2,3,0,0,Enderal - Forgotten Stories.esm,1,false
06FF26:Skyrim.esm,_30E_FS_PsionicPush,Psionic Push (Rank I),Psionics,Spell,FireAndForget,Aimed,48,204,,true,0.75,3,21.6,0,0,Enderal SE - Gameplay Overhaul.esp,3,false
010E24:Enderal - Forgotten Stories.esm,_15E_FS_PsionicPush_NPC,Psionic Push (Rank II),Psionics,Spell,FireAndForget,Aimed,26,16,,true,1,2,4,0,0,Enderal - Forgotten Stories.esm,1,false
06FF1E:Skyrim.esm,_48E_FS_PsionicPush,Psionic Push (Rank II),Psionics,Spell,FireAndForget,Aimed,68,329,,true,0.75,3,33.3,0,0,Enderal SE - Gameplay Overhaul.esp,3,false
010E26:Enderal - Forgotten Stories.esm,_24E_FS_PsionicPush_NPC,Psionic Push (Rank III),Psionics,Spell,FireAndForget,Aimed,34,32,,true,1,2,8,0,0,Enderal - Forgotten Stories.esm,1,false
01E8DE:Enderal - Forgotten Stories.esm,_54E_FS_PsionicPush,Psionic Push (Rank III),Psionics,Spell,FireAndForget,Aimed,90,489,,true,0.75,3,47.7,0,0,Enderal SE - Gameplay Overhaul.esp,2,false
010E28:Enderal - Forgotten Stories.esm,_30E_FS_PsionicPush_NPC,Psionic Push (Rank IV),Psionics,Spell,FireAndForget,Aimed,50,51,,true,1,2,12,0,0,Enderal - Forgotten Stories.esm,1,false
010E2A:Enderal - Forgotten Stories.esm,_48E_FS_PsionicPush_NPC,Psionic Push (Rank V),Psionics,Spell,FireAndForget,Aimed,61,69,,true,1,2,16,0,0,Enderal - Forgotten Stories.esm,1,false
010E2C:Enderal - Forgotten Stories.esm,_54E_FS_PsionicPush_NPC,Psionic Push (Rank VI),Psionics,Spell,FireAndForget,Aimed,70,88,,true,1,2,20,0,0,Enderal - Forgotten Stories.esm,1,false
001E25:Enderal SE - Gameplay Overhaul.esp,NPCXionPsychosis,Psychosis,Psionics,Spell,FireAndForget,Aimed,30,10,,true,0.5,1,2.4,0,12,Enderal SE - Gameplay Overhaul.esp,1,false
001E27:Enderal SE - Gameplay Overhaul.esp,NPCXionPsychosis2,Psychosis,Psionics,Spell,FireAndForget,Aimed,41,15,,true,0.5,1,2.9,0,14,Enderal SE - Gameplay Overhaul.esp,1,false
010E2E:Enderal - Forgotten Stories.esm,_05E_FS_Psychose_NPC,Psychosis (Rank I),Psionics,Spell,FireAndForget,Aimed,19,5,,true,0.4,1,2,0,8,Enderal - Forgotten Stories.esm,1,false
01E8C9:Enderal - Forgotten Stories.esm,_05E_FS_Psychose,Psychosis (Rank I),Psionics,Spell,FireAndForget,Aimed,17,12,,true,0.3,2,1.5,0,12,Enderal SE - Gameplay Overhaul.esp,2,false
010E30:Enderal - Forgotten Stories.esm,_15E_FS_Psychose_NPC,Psychosis (Rank II),Psionics,Spell,FireAndForget,Aimed,25,8,,true,0.4,1,2.5,0,9,Enderal - Forgotten Stories.esm,1,false
01E8D4:Enderal - Forgotten Stories.esm,_15E_FS_Psychose,Psychosis (Rank II),Psionics,Spell,FireAndForget,Aimed,26,18,,true,0.3,2,1.9,0,14,Enderal SE - Gameplay Overhaul.esp,2,false
010E32:Enderal - Forgotten Stories.esm,_24E_FS_Psychose_NPC,Psychosis (Rank III),Psionics,Spell,FireAndForget,Aimed,30,11,,true,0.4,1,3,0,10,Enderal - Forgotten Stories.esm,1,false
01E8D5:Enderal - Forgotten Stories.esm,_24E_FS_Psychose,Psychosis (Rank III),Psionics,Spell,FireAndForget,Aimed,36,26,,true,0.3,2,2.3,0,16,Enderal SE - Gameplay Overhaul.esp,2,false
010E34:Enderal - Forgotten Stories.esm,_30E_FS_Psychose_NPC,Psychosis (Rank IV),Psionics,Spell,FireAndForget,Aimed,40,15,,true,0.4,1,4,0,10,Enderal - Forgotten Stories.esm,1,false
01E8D6:Enderal - Forgotten Stories.esm,_30E_FS_Psychose,Psychosis (Rank IV),Psionics,Spell,FireAndForget,Aimed,46,36,,true,0.3,2,2.7,0,18,Enderal SE - Gameplay Overhaul.esp,2,false
02F572:Enderal - Forgotten Stories.esm,_30E_FS_Psychose_NPCLeftHand,Psychosis (Rank IV),Psionics,Spell,FireAndForget,Aimed,40,15,,true,0.4,1,4,0,10,Enderal - Forgotten Stories.esm,1,false
010E36:Enderal - Forgotten Stories.esm,_48E_FS_Psychose_NPC,Psychosis (Rank V),Psionics,Spell,FireAndForget,Aimed,55,21,,true,0.4,1,5,0,11,Enderal - Forgotten Stories.esm,1,false
01E8D7:Enderal - Forgotten Stories.esm,_48E_FS_Psychose,Psychosis (Rank V),Psionics,Spell,FireAndForget,Aimed,57,48,,true,0.3,2,3.1,0,20,Enderal SE - Gameplay Overhaul.esp,2,false
010E38:Enderal - Forgotten Stories.esm,_54E_FS_Psychose_NPC,Psychosis (Rank VI),Psionics,Spell,FireAndForget,Aimed,65,28,,true,0.4,1,6,0,12,Enderal - Forgotten Stories.esm,1,false
01E8D8:Enderal - Forgotten Stories.esm,_54E_FS_Psychose,Psychosis (Rank VI),Psionics,Spell,FireAndForget,Aimed,68,62,,true,0.3,2,3.5,0,22,Enderal SE - Gameplay Overhaul.esp,2,false
01EC45:Enderal - Forgotten Stories.esm,_60E_FS_Mystical_ThoughtImplosion,Purge (Mystical),Psionics,Spell,FireAndForget,Self,165,44,,true,3,1,100,130,1,Enderal SE - Gameplay Overhaul.esp,2,false
026D79:Skyrim.esm,PerkShadowWarriorInvisibility,Shadow Veil,Psionics,Spell,FireAndForget,Touch,3,3,0,false,0,1,0,0,1,Skyrim.esm,1,false
137787:Skyrim.esm,_15E_Lautlos,Silence (Rank I),Psionics,Spell,FireAndForget,Self,58,20,,true,0.75,1,1,0,30,Enderal SE - Gameplay Overhaul.esp,2,false
137793:Skyrim.esm,_30E_Lautlos,Silence (Rank II),Psionics,Spell,FireAndForget,Self,94,309,,true,0.75,1,1,0,360,Enderal SE - Gameplay Overhaul.esp,2,false
006026:KataHiddenPowers.esp,Kata_P04_Aux_Invisibility_1,Smoke curtain,Psionics,Spell,FireAndForget,Self,67,67,0,false,0.5,1,0,0,7,KataHiddenPowers.esp,1,false
00602C:KataHiddenPowers.esp,Kata_P04_Aux_Invisibility_2,Smoke curtain,Psionics,Spell,FireAndForget,Self,100,100,0,false,0.5,1,0,0,10,KataHiddenPowers.esp,1,false
00602E:KataHiddenPowers.esp,Kata_P04_Aux_Invisibility_3,Smoke curtain,Psionics,Spell,FireAndForget,Self,167,167,0,false,0.5,1,0,0,16,KataHiddenPowers.esp,1,false
137796:Skyrim.esm,_05E_Erzeurnen,Soothe (Rank I),Psionics,Spell,FireAndForget,Aimed,28,24,,true,0.5,2,6,0,12,Enderal SE - Gameplay Overhaul.esp,2,false
137797:Skyrim.esm,_10E_Erzeurnen,Soothe (Rank II),Psionics,Spell,FireAndForget,Aimed,46,62,,true,0.5,2,12,0,14,Enderal SE - Gameplay Overhaul.esp,2,false
137798:Skyrim.esm,_17E_Erzeurnen,Soothe (Rank III),Psionics,Spell,FireAndForget,Aimed,68,119,,true,0.5,2,19,0,16,Enderal SE - Gameplay Overhaul.esp,2,false
137799:Skyrim.esm,_25E_Erzeurnen,Soothe (Rank IV),Psionics,Spell,FireAndForget,Aimed,91,200,,true,0.5,2,27,0,18,Enderal SE - Gameplay Overhaul.esp,2,false
13779A:Skyrim.esm,_30E_Erzeurnen,Soothe (Rank V),Psionics,Spell,FireAndForget,Aimed,115,299,,true,0.5,2,35,0,20,Enderal SE - Gameplay Overhaul.esp,2,false
13779B:Skyrim.esm,_37E_Erzeurnen,Soothe (Rank VI),Psionics,Spell,FireAndForget,Aimed,139,417,,true,0.5,2,43,0,22,Enderal SE - Gameplay Overhaul.esp,2,false
001CCC:Enderal SE - Gameplay Overhaul.esp,XionSpellRuneCalm,Soothing Rune,Psionics,Spell,FireAndForget,TargetLocation,105,0,,true,1.1,1,1,0,1,Enderal SE - Gameplay Overhaul.esp,1,false
02F199:Enderal - Forgotten Stories.esm,_00E_FS_Affinity_AbNightwolf_InvisibilitySP,Spectral Veil,Psionics,Spell,FireAndForget,Self,57,57,0,false,0,1,0,0,6,Enderal - Forgotten Stories.esm,1,false
09FCC3:Skyrim.esm,_00E_Ab_InvisibilityPermanentSp,Spectral Void (Permanent),Psionics,Spell,ConstantEffect,Self,15848,15848,0,false,0.5,1,100,0,0,Skyrim.esm,1,false
0CB12D:Skyrim.esm,crSprigganCallCreatures,Spriggan Call of the Wild,Psionics,Spell,FireAndForget,Self,20,107,,true,0,3,0,6000,60,Enderal SE - Gameplay Overhaul.esp,2,false
01E8E7:Enderal - Forgotten Stories.esm,_00E_FS_PsionicPushStaggerSP,Stagger,Psionics,Spell,FireAndForget,Self,0,0,0,false,0,1,0.01,0,0,Enderal - Forgotten Stories.esm,1,false
02A4E2:Enderal - Forgotten Stories.esm,_00E_FS_PsionicPushPushSP,Stagger,Psionics,Spell,FireAndForget,Self,0,0,0,false,0,1,0.01,0,10,Enderal - Forgotten Stories.esm,1,false
002E88:KataPUMBSpellPack.esp,Kata_S_Psionics_25_Summon_Spirit_3_,Summon Spirit (Rank II): Pus Beetle,Psionics,Spell,FireAndForget,TargetLocation,79,360,,true,0.5,1,0,0,180,KataPUMBSpellPack.esp,1,false
002E8A:KataPUMBSpellPack.esp,Kata_S_Psionics_50_Summon_Spirit_4,Summon Spirit (Rank III): Leopard,Psionics,Spell,FireAndForget,TargetLocation,96,360,,true,0.5,1,0,0,180,KataPUMBSpellPack.esp,1,false
002E8C:KataPUMBSpellPack.esp,Kata_S_Psionics_50_Summon_Spirit_5,Summon Spirit (Rank III): Lion,Psionics,Spell,FireAndForget,TargetLocation,106,360,,true,0.5,1,0,0,180,KataPUMBSpellPack.esp,1,false
002E8E:KataPUMBSpellPack.esp,Kata_S_Psionics_75_Summon_Spirit_6_,Summon Spirit (Rank IV): Troll,Psionics,Spell,FireAndForget,TargetLocation,118,360,,true,0.5,1,0,0,180,KataPUMBSpellPack.esp,1,false
002E92:KataPUMBSpellPack.esp,Kata_S_Psionics_99_Summon_Spirit_8,Summon Spirit (Rank V): Mammoth,Psionics,Spell,FireAndForget,TargetLocation,168,360,,true,0.5,1,0,0,180,KataPUMBSpellPack.esp,1,false
002E94:KataPUMBSpellPack.esp,Kata_S_Psionics_99_Summon_Spirit_9,Summon Spirit (Rank VI): Colossus,Psionics,Spell,FireAndForget,TargetLocation,210,360,,true,0.5,1,0,0,180,KataPUMBSpellPack.esp,1,false
090C9E:Skyrim.esm,NPC30ErdelementarStro,Telekinetic Push,Psionics,Spell,FireAndForget,Aimed,0,3,,true,0.5,1,1,0,0,Enderal SE - Gameplay Overhaul.esp,2,false
000811:EGO - KataPUMB Spell Package.esp,Kata_Aux_DieIllusion2,Time,Psionics,Spell,FireAndForget,Self,0,0,0,false,0,1,1,0,20,EGO - KataPUMB Spell Package.esp,1,false
007AD6:KataPUMBSpellPack.esp,Kata_Aux_DieIllusion,Time,Psionics,Spell,FireAndForget,Self,0,0,0,false,0,1,1,0,10,EGO - KataPUMB Spell Package.esp,2,false
001CCB:Enderal SE - Gameplay Overhaul.esp,XionSpellSilenceUNUSED,Unstable Thoughts,Psionics,Spell,FireAndForget,Aimed,63,0,,true,0.5,2,100,0,7,Enderal SE - Gameplay Overhaul.esp,1,false
01EB90:Enderal - Forgotten Stories.esm,_40E_FS_NQR04_VoiceOfTheLostOnesSP,Voice of the Forgotten,Psionics,Spell,FireAndForget,Self,0,0,0,false,0,1,1,0,0,Enderal - Forgotten Stories.esm,1,false
044799:Skyrim.esm,_00E_FS_A3_Mage_PsionicDartSP,,Psionics,Voice,FireAndForget,Aimed,277,405,128,false,0.5,3,15,0,7,Enderal SE - Gameplay Overhaul.esp,3,false
07FB48:Skyrim.esm,_00E_A0_FocusSP,Focus,Psionics,Voice,FireAndForget,Self,825,1007,182,false,0,3,0,0,20,Enderal SE - Gameplay Overhaul.esp,2,false
01E976:Enderal - Forgotten Stories.esm,_00E_Phasmalist_A0_TapestryOfSoulsSP,Net of Souls,Psionics,Voice,FireAndForget,Self,410,410,0,false,0,3,2,0,20,Enderal - Forgotten Stories.esm,1,false
03345A:Skyrim.esm,_00E_A1_Onslaught_SP_Short,Onslaught,Psionics,Voice,FireAndForget,Self,0,0,0,false,0,1,10,1,1,Enderal SE - Gameplay Overhaul.esp,2,false
03729A:Skyrim.esm,_00E_FS_A3_Warrior_Onslaught_SP_Medium,Onslaught,Psionics,Voice,FireAndForget,Self,0,0,0,false,0,1,15,1,2,Skyrim.esm,1,false
03729B:Skyrim.esm,_00E_FS_A3_Warrior_Onslaught_SP_Long,Onslaught,Psionics,Voice,FireAndForget,Self,0,0,0,false,0,1,20,1,3,Skyrim.esm,1,false
03C6BE:Skyrim.esm,_00E_A1_InvisibilitySP,Spectral Veil,Psionics,Voice,FireAndForget,Self,213,505,292,false,0,3,0,0,10,Enderal SE - Gameplay Overhaul.esp,2,false
07FB46:Skyrim.esm,_00E_A0_SteelTempestSP,Tempest,Psionics,Voice,FireAndForget,Self,334,400,66,false,0,3,0,0,10,Enderal SE - Gameplay Overhaul.esp,2,false
000805:TrueDirectionalMovement.esp,TDM_TargetLockSpell,,,Ability,ConstantEffect,Self,0,0,0,false,0,1,0,0,0,TrueDirectionalMovement.esp,1,false
0008D1:Enderal SE - Gameplay Overhaul.esp,XionZZZMovementHeavyArmorSlow,,,Ability,ConstantEffect,Self,0,113,,true,0,6,3,0,0,Enderal SE - Gameplay Overhaul.esp,1,false
001CAC:Enderal SE - Gameplay Overhaul.esp,XionZZZStaminaBowShieldSwim,,,Ability,ConstantEffect,Self,0,0,,true,0,4,2.5,0,1,Enderal SE - Gameplay Overhaul.esp,1,false
001D3E:Enderal SE - Gameplay Overhaul.esp,XionGeisterfluchMagres50,,,Ability,ConstantEffect,Self,210,369,159,false,0,1,50,0,0,Enderal SE - Gameplay Overhaul.esp,1,false
001D89:Enderal SE - Gameplay Overhaul.esp,XionZZZStaminaAttack,,,Ability,ConstantEffect,Self,0,0,,true,0,2,0.3,0,1,Enderal SE - Gameplay Overhaul.esp,1,false
001DC5:Enderal SE - Gameplay Overhaul.esp,XionZZZMovementRobeBonusSpeed,,,Ability,ConstantEffect,Self,0,13,,true,0,5,1.7,0,0,Enderal SE - Gameplay Overhaul.esp,1,false
001DD4:Enderal SE - Gameplay Overhaul.esp,XionZZZLightArmorScaling,,,Ability,ConstantEffect,Self,0,158,,true,0,20,0.25,0,0,Enderal SE - Gameplay Overhaul.esp,1,false
001E09:Enderal SE - Gameplay Overhaul.esp,XionZZZStaminaAttackUnarmed,,,Ability,ConstantEffect,Self,0,0,,true,0,1,0.2,0,1,Enderal SE - Gameplay Overhaul.esp,1,false
001E75:Enderal SE - Gameplay Overhaul.esp,XionApparitionRegeneration,,,Ability,ConstantEffect,Self,1488,16,-1472,false,0.5,1,2.9,0,0,EGO SE - Apparition Regeneration.esp,2,false
001E79:Enderal SE - Gameplay Overhaul.esp,XionAbDiseasePoisonEisernerWille,,,Ability,ConstantEffect,Self,49,0,-49,false,0,2,8,0,0,Enderal SE - Gameplay Overhaul.esp,1,false
001EC4:Enderal SE - Gameplay Overhaul.esp,XionZZZAnathemaCurse,,,Ability,ConstantEffect,Self,447,172,-275,false,0,1,25,0,0,Enderal SE - Gameplay Overhaul.esp,1,false
001F34:Enderal SE - Gameplay Overhaul.esp,XionTutorialElemental,,,Ability,ConstantEffect,Self,1488,5,-1483,false,0.5,1,0.039,0,0,Enderal SE - Gameplay Overhaul.esp,1,false
001F3A:Enderal SE - Gameplay Overhaul.esp,XionSummonManaRegen,,,Ability,ConstantEffect,Self,210,13,-197,false,0,1,2.5,0,0,Enderal SE - Gameplay Overhaul.esp,1,false
00390E:Enderal SE - Gameplay Overhaul.esp,XionNPCHumanoidManaRegen,,,Ability,ConstantEffect,Self,1488,249,-1239,false,0.5,1,35,0,0,Enderal SE - Gameplay Overhaul.esp,1,false
01DA25:Skyrim.esm,_00E_Game_AbHealRateDamageFull,,,Ability,ConstantEffect,Self,1488,1488,0,false,0.5,2,99,0,0,Skyrim.esm,1,false
0225AE:Skyrim.esm,AbIllusionMassRedCastBodyFX,,,Ability,ConstantEffect,Self,0,0,0,false,0,1,100,0,0,Skyrim.esm,1,false
0225BF:Skyrim.esm,AbIllusionMassGreenCastBodyFX,,,Ability,ConstantEffect,Self,0,0,0,false,0,1,100,0,0,Skyrim.esm,1,false
02E2BD:Enderal - Forgotten Stories.esm,_00E_FS_NQR05_SlowMotionSP,,,Ability,ConstantEffect,Self,0,0,,true,0,1,0.03,0,0,Enderal - Forgotten Stories.esm,1,false
02E539:Enderal - Forgotten Stories.esm,_00E_FS_NQR05_SlowMotionLessSP,,,Ability,ConstantEffect,Self,0,0,,true,0,1,0.04,0,0,Enderal - Forgotten Stories.esm,1,false
03104A:Skyrim.esm,AbParalyzeMassCastBodyFX,,,Ability,ConstantEffect,Self,0,0,0,false,0,1,100,0,0,Skyrim.esm,1,false
03300B:dD - Enhanced Blood Main.esp,zBleedingSpellNPC,,,Ability,ConstantEffect,Self,0,0,,true,0,4,0,0,0,dD - Enhanced Blood Main.esp,1,false
03B82B:Skyrim.esm,_00E_PerkManaregen01,,,Ability,ConstantEffect,Self,0,0,,true,0,1,0,0,0,Enderal SE - Gameplay Overhaul.esp,2,false
044F59:Skyrim.esm,AbSummonMassCastBodyFX,,,Ability,ConstantEffect,Self,0,0,0,false,0,1,100,0,0,Skyrim.esm,1,false
046F0A:Skyrim.esm,BardPlayTrackerSP,,,Ability,ConstantEffect,Self,0,0,0,false,0,1,0,0,0,Skyrim.esm,1,false
0592D8:Skyrim.esm,AbLightningStormCastBodyFX,,,Ability,ConstantEffect,Self,0,0,0,false,0,1,100,0,0,Skyrim.esm,1,false
06A184:Skyrim.esm,_00E_ABEldritchDrainSelfWithFX,,,Ability,ConstantEffect,Self,0,0,0,false,0,1,0,0,0,Skyrim.esm,1,false
080E34:Skyrim.esm,AbFireStormCastBodyFX,,,Ability,ConstantEffect,Self,0,0,0,false,0,1,100,0,0,Skyrim.esm,1,false
0824AF:Skyrim.esm,_00E_Vision_UpdateAb,,,Ability,ConstantEffect,Self,21,21,0,false,0,1,1,0,0,Skyrim.esm,1,false
0824B1:Skyrim.esm,_00E_Vision_TimeSpell,,,Ability,ConstantEffect,Self,0,0,,true,0,1,0.04,0,0,Skyrim.esm,1,false
085640:Skyrim.esm,_00E_PerkManaregen03,,,Ability,ConstantEffect,Self,9,0,,true,0,1,8,0,0,Enderal SE - Gameplay Overhaul.esp,2,false
08D95F:Skyrim.esm,_00E_Vision_NoTimeSpell,,,Ability,ConstantEffect,Self,0,0,0,false,0,1,0.01,0,0,Skyrim.esm,1,false
08D966:Skyrim.esm,_00E_Vision_NoTimeSubtleSpell,,,Ability,ConstantEffect,Self,0,0,0,false,0,1,0.01,0,0,Skyrim.esm,1,false
0B92CE:Skyrim.esm,AbBlizzardCastBodyFX,,,Ability,ConstantEffect,Self,0,0,0,false,0,1,100,0,0,Skyrim.esm,1,false
0C0883:Skyrim.esm,_00E_PerkRougeEffect,,,Ability,ConstantEffect,Self,10,0,-10,false,0,1,0,0,0,Enderal SE - Gameplay Overhaul.esp,2,false
0E755C:Skyrim.esm,AbBaneUndeadCastBodyFX,,,Ability,ConstantEffect,Self,0,0,0,false,0,1,100,0,0,Skyrim.esm,1,false
10C042:Skyrim.esm,AbAnimalResistFrost,,,Ability,ConstantEffect,Self,0,0,0,false,0,1,15,0,0,Enderal SE - Gameplay Overhaul.esp,2,false
10C1BD:Skyrim.esm,DA16SkullofCorruptionDestructionBodyFXSpell,,,Ability,ConstantEffect,Self,0,0,0,false,0,1,100,0,0,Skyrim.esm,1,false
10CDCD:Skyrim.esm,AbRitualHealCastBodyFX,,,Ability,ConstantEffect,Self,0,0,0,false,0,1,100,0,0,Skyrim.esm,1,false
10E3D1:Skyrim.esm,AbShieldMassCastBodyFX,,,Ability,ConstantEffect,Self,0,0,0,false,0,1,100,0,0,Skyrim.esm,1,false
10F7A3:Skyrim.esm,AbRitualReatimateCastBodyFX,,,Ability,ConstantEffect,Self,0,0,0,false,0,1,100,0,0,Skyrim.esm,1,false
13CB1A:Skyrim.esm,_00E_AbMagieres20,,,Ability,ConstantEffect,Self,134,5,-129,false,0,1,0,0,0,Enderal SE - Gameplay Overhaul.esp,2,false
13CB1B:Skyrim.esm,_00E_AbMagieres30,,,Ability,ConstantEffect,Self,210,5,-205,false,0,1,0,0,0,Enderal SE - Gameplay Overhaul.esp,2,false
13CB1C:Skyrim.esm,_00E_AbMagieres40,,,Ability,ConstantEffect,Self,210,5,-205,false,0,1,0,0,0,Enderal SE - Gameplay Overhaul.esp,2,false
13CB1D:Skyrim.esm,_00E_AbMagieres10,,,Ability,ConstantEffect,Self,49,62,13,false,0,1,10,0,0,Enderal SE - Gameplay Overhaul.esp,2,false
13CE8D:Skyrim.esm,_00E_Perk_lifeanddeath_P01_Spell1,,,Ability,ConstantEffect,Self,0,0,0,false,0,1,0,0,0,Skyrim.esm,1,false
13CE8E:Skyrim.esm,_00E_Perk_lifeanddeath_P01_Spell2,,,Ability,ConstantEffect,Self,0,0,0,false,0,1,0,0,0,Skyrim.esm,1,false
13FB3C:Skyrim.esm,_00E_Game_SlowTime,,,Ability,ConstantEffect,Self,0,0,0,false,0,1,0.01,0,0,Skyrim.esm,1,false
13FB40:Skyrim.esm,_00E_Game_abSlowTime,,,Ability,ConstantEffect,Self,0,0,0,false,0,1,0.7,0,0,Skyrim.esm,1,false
153B34:Skyrim.esm,_00E_AbPlayerFortifySneak,,,Ability,ConstantEffect,Self,22,22,0,false,0.5,1,4,0,0,Skyrim.esm,1,false
00092E:SCSI-ACTbfco-Main.esp,bfco_Ab_2022ACThotkey,//ã€Ab-BFCO-HotKeyã€‘//,,Ability,ConstantEffect,Self,0,2,2,false,0,2,0,0,0,SCSI-ACTbfco-Main.esp,1,false
008405:Enderal SE - Gameplay Overhaul.esp,Xion10%PoisonRes,10% Gift Resistenz,,Ability,ConstantEffect,Self,0,0,0,false,0.5,1,10,0,0,Enderal SE - Gameplay Overhaul.esp,1,false
001DEA:Enderal SE - Gameplay Overhaul.esp,Xion100%PoisonRes,100% Gift Resistenz,,Ability,ConstantEffect,Self,0,0,0,false,0.5,1,100,0,0,Enderal SE - Gameplay Overhaul.esp,1,false
000893:Enderal SE - Gameplay Overhaul.esp,Xion20%PoisonRes,20% Gift Resistenz,,Ability,ConstantEffect,Self,0,0,0,false,0.5,1,20,0,0,Enderal SE - Gameplay Overhaul.esp,1,false
001EF0:Enderal SE - Gameplay Overhaul.esp,Xion30%PoisonRes,30% Gift Resistenz,,Ability,ConstantEffect,Self,0,0,0,false,0.5,1,30,0,0,Enderal SE - Gameplay Overhaul.esp,1,false
00089D:Enderal SE - Gameplay Overhaul.esp,Xion50%PoisonRes,50% Gift Resistenz,,Ability,ConstantEffect,Self,0,0,0,false,0.5,1,50,0,0,Enderal SE - Gameplay Overhaul.esp,1,false
000810:Enderal SE - Gameplay Overhaul.esp,Xion75%PoisonRes,75% Gift Resistenz,,Ability,ConstantEffect,Self,0,0,0,false,0.5,1,75,0,0,Enderal SE - Gameplay Overhaul.esp,1,false
01364A:KataPUMBSpellPack.esp,Kata_Aux_AbAbisalHorror,Abysal Horror abilities,,Ability,ConstantEffect,Self,98,98,0,false,0.5,3,15,0,0,KataPUMBSpellPack.esp,1,false
001492:KataPUMBAffinities.esp,Kata_Affinity_AbAcrobat,Affinity: Acrobat,,Ability,ConstantEffect,Self,124,126,2,false,0,4,7,0,0,EGO SE - KataPUMB New Affinities.esp,2,false
143349:Skyrim.esm,_00E_Affinity_AbArcaneArcher,Affinity: Arcane Archer,,Ability,ConstantEffect,Self,2071,2071,0,false,0,4,15,0,0,Enderal SE - Gameplay Overhaul.esp,2,false
14334D:Skyrim.esm,_00E_Affinity_AbAssassin,Affinity: Assassin,,Ability,ConstantEffect,Self,158,184,26,false,0,3,0,0,0,Enderal SE - Gameplay Overhaul.esp,2,false
005F60:KataPUMBAffinities.esp,Kata_Affinity_AbBard,Affinity: Bard,,Ability,ConstantEffect,Self,396,319,-77,false,0,5,25,0,0,EGO SE - KataPUMB New Affinities.esp,2,false
143347:Skyrim.esm,_00E_Affinity_AbBattlemage,Affinity: Battlemage,,Ability,ConstantEffect,Self,371,389,18,false,0,5,6,0,0,Enderal SE - Gameplay Overhaul.esp,2,false
001486:KataPUMBAffinities.esp,Kata_Affinity_AbBerserker,Affinity: Berserker,,Ability,ConstantEffect,Self,320,294,-26,false,0,5,8,0,0,EGO SE - KataPUMB New Affinities.esp,2,false
143341:Skyrim.esm,_00E_Affinity_AbBlackMage,Affinity: Black Mage,,Ability,ConstantEffect,Self,741,741,0,false,0,4,50,0,0,Skyrim.esm,1,false
143343:Skyrim.esm,_00E_Affinity_AbBladebreaker,Affinity: Blade Breaker,,Ability,ConstantEffect,Self,941,909,-32,false,0,5,0,0,0,Enderal SE - Gameplay Overhaul.esp,2,false
143348:Skyrim.esm,_00E_Affinity_AbFencer,Affinity: Blade Master,,Ability,ConstantEffect,Self,652,652,0,false,0,5,30,0,0,Enderal SE - Gameplay Overhaul.esp,2,false
02F0E4:Enderal - Forgotten Stories.esm,_00E_FS_Affinity_AbBrute,Affinity: Brute,,Ability,ConstantEffect,Self,227,268,,true,0.5,2,0,0,0,Enderal SE - Gameplay Overhaul.esp,2,false
0014A2:KataPUMBAffinities.esp,Kata_Affinity_AbKnight,Affinity: Champion,,Ability,ConstantEffect,Self,186,105,-81,false,0,5,30,0,0,EGO SE - KataPUMB New Affinities.esp,2,false
143340:Skyrim.esm,_00E_Affinity_AbDarkKeeper,Affinity: Dark Keeper,,Ability,ConstantEffect,Self,435,386,-49,false,0.5,4,0,0,0,Enderal SE - Gameplay Overhaul.esp,3,false
00149E:KataPUMBAffinities.esp,Kata_Affinity_AbDragonHunter,Affinity: Dragon Hunter,,Ability,ConstantEffect,Self,222,232,10,false,0,4,8,0,0,EGO SE - KataPUMB New Affinities.esp,2,false
02F0E5:Enderal - Forgotten Stories.esm,_00E_FS_Affinity_AbDrifter,Affinity: Drifter,,Ability,ConstantEffect,Self,100,100,0,false,0.5,1,0,0,0,Enderal - Forgotten Stories.esm,1,false
02F0E6:Enderal - Forgotten Stories.esm,_00E_FS_Affinity_AbDruid,Affinity: Druid,,Ability,ConstantEffect,Self,100,100,0,false,0.5,1,0,0,0,Enderal - Forgotten Stories.esm,1,false
001489:KataPUMBAffinities.esp,Kata_Affinity_AbDuelist,Affinity: Duelist,,Ability,ConstantEffect,Self,334,98,-236,false,0,3,8,0,0,EGO SE - KataPUMB New Affinities.esp,2,false
005F69:KataPUMBAffinities.esp,Kata_Affinity_AbEnchanter,Affinity: Enchanter,,Ability,ConstantEffect,Self,186,120,-66,false,0,4,15,0,0,EGO SE - KataPUMB New Affinities.esp,2,false
02A045:Enderal - Forgotten Stories.esm,_00E_FS_Affinity_AbGhostblade,Affinity: Ghostblade,,Ability,ConstantEffect,Self,205,205,0,false,0,4,0,0,0,Enderal SE - Gameplay Overhaul.esp,2,false
00B693:KataPUMBAffinities.esp,Kata_V2_Affinity_AbHighlander,Affinity: Highlander,,Ability,ConstantEffect,Self,124,98,-26,false,0,3,30,0,0,EGO SE - KataPUMB New Affinities.esp,2,false
00C30A:KataPUMBAffinities.esp,Kata_V2_Affinity_AbLunatic,Affinity: Lunatic,,Ability,ConstantEffect,Self,466,63,-403,false,0,3,40,0,0,EGO SE - KataPUMB New Affinities.esp,2,false
00C321:KataPUMBAffinities.esp,Kata_V2_Affinity_AbMercenary,Affinity: Mercenary,,Ability,ConstantEffect,Self,124,224,100,false,0,5,20,0,0,EGO SE - KataPUMB New Affinities.esp,2,false
00AA11:KataPUMBAffinities.esp,Kata_V2_Affinity_AbMonk,Affinity: Monk,,Ability,ConstantEffect,Self,578,544,-34,false,0,8,10,0,0,EGO SE - KataPUMB New Affinities.esp,2,false
00C305:KataPUMBAffinities.esp,Kata_V2_Affinity_AbPackLeader,Affinity: Pack Leader,,Ability,ConstantEffect,Self,80,80,0,false,0,4,20,0,0,EGO SE - KataPUMB New Affinities.esp,2,false
00AA10:KataPUMBAffinities.esp,Kata_V2_Affinity_AbPoisoner,Affinity: Poisoner,,Ability,ConstantEffect,Self,142,80,-62,false,0,4,25,0,0,EGO SE - KataPUMB New Affinities.esp,2,false
02F0E8:Enderal - Forgotten Stories.esm,_00E_FS_Affinity_AbRavager,Affinity: Ravager,,Ability,ConstantEffect,Self,100,100,0,false,0,2,7,0,0,Enderal - Forgotten Stories.esm,1,false
0014A5:KataPUMBAffinities.esp,Kata_Affinity_AbRiftMage,Affinity: Rift Mage,,Ability,ConstantEffect,Self,186,0,-186,false,0,1,0,0,0,EGO SE - KataPUMB New Affinities.esp,2,false
02F0E9:Enderal - Forgotten Stories.esm,_00E_FS_Affinity_AbScourge,Affinity: Scourge of the Woods,,Ability,ConstantEffect,Self,100,100,0,false,0.5,1,0,0,0,Enderal - Forgotten Stories.esm,1,false
143345:Skyrim.esm,_00E_Affinity_AbCleric,Affinity: Seraph,,Ability,ConstantEffect,Self,0,749,,true,0,5,7,0,0,Enderal SE - Gameplay Overhaul.esp,2,false
00784D:KataPUMBAffinities.esp,Kata_Affinity_AbShadowCaster,Affinity: Shadow Caster,,Ability,ConstantEffect,Self,451,98,-353,false,0,3,20,0,0,EGO SE - KataPUMB New Affinities.esp,2,false
143344:Skyrim.esm,_00E_Affinity_AbShadowdancer,Affinity: Shadow Dancer,,Ability,ConstantEffect,Self,0,226,,true,0,4,7,0,0,Enderal SE - Gameplay Overhaul.esp,3,false
002138:KataPUMBAffinities.esp,Kata_Affinity_AbSlayer,Affinity: Slayer,,Ability,ConstantEffect,Self,334,270,-64,false,0,4,8,0,0,EGO SE - KataPUMB New Affinities.esp,2,false
00AA07:KataPUMBAffinities.esp,Kata_V2_Affinity_AbSoulReaper,Affinity: Soul Reaper,,Ability,ConstantEffect,Self,222,160,-62,false,0,4,10,0,0,EGO SE - KataPUMB New Affinities.esp,2,false
02F0EA:Enderal - Forgotten Stories.esm,_00E_FS_Affinity_AbSoulcaller,Affinity: Soulcaller,,Ability,ConstantEffect,Self,100,145,45,false,0.5,3,0,0,0,Enderal SE - Gameplay Overhaul.esp,2,false
029A39:Enderal - Forgotten Stories.esm,_00E_FS_Affinity_AbSpectralWarrior,Affinity: Spectral Warrior,,Ability,ConstantEffect,Self,212,226,14,false,0,4,0,0,0,Enderal SE - Gameplay Overhaul.esp,2,false
029A36:Enderal - Forgotten Stories.esm,_00E_FS_Affinity_AbSpectralist,Affinity: Spektralist,,Ability,ConstantEffect,Self,358,358,0,false,0,4,20,0,0,Enderal - Forgotten Stories.esm,1,false
003A16:KataPUMBAffinities.esp,Kata_Affinity_AbSpellSword,Affinity: Spell Sword,,Ability,ConstantEffect,Self,98,98,0,false,0,2,15,0,0,EGO SE - KataPUMB New Affinities.esp,2,false
00C315:KataPUMBAffinities.esp,Kata_V2_Affinity_AbCustodio,Affinity: Spirit Guardian,,Ability,ConstantEffect,Self,334,232,-102,false,0,4,20,0,0,EGO SE - KataPUMB New Affinities.esp,2,false
14334A:Skyrim.esm,_00E_Affinity_AbWayfarer,Affinity: Swashbuckler,,Ability,ConstantEffect,Self,331,345,14,false,0,4,20,0,0,Enderal SE - Gameplay Overhaul.esp,2,false
001482:KataPUMBAffinities.esp,Kata_Affinity_AbThief,Affinity: Thief,,Ability,ConstantEffect,Self,402,357,-45,false,0,4,6,0,0,EGO SE - KataPUMB New Affinities.esp,2,false
02F0E7:Enderal - Forgotten Stories.esm,_00E_FS_Affinity_AbNightwolf,Affinity: Throat Ripper,,Ability,ConstantEffect,Self,100,100,0,false,0.5,1,0,0,0,Enderal - Forgotten Stories.esm,1,false
00148E:KataPUMBAffinities.esp,Kata_Affinity_AbWanderer,Affinity: Wanderer,,Ability,ConstantEffect,Self,1507,618,-889,false,0,7,25,0,0,EGO SE - KataPUMB New Affinities.esp,2,false
00146F:KataPUMBAffinities.esp,Kata_Affinity_AbWhiteMage,Affinity: White Mage,,Ability,ConstantEffect,Self,186,120,-66,false,0,4,20,0,0,EGO SE - KataPUMB New Affinities.esp,2,false
00C31A:KataPUMBAffinities.esp,Kata_V2_Affinity_AbWitcher,Affinity: Witcher,,Ability,ConstantEffect,Self,80,80,0,false,0,4,30,0,0,EGO SE - KataPUMB New Affinities.esp,2,false
00B68B:KataPUMBAffinities.esp,Kata_V2_Affinity_AbWolfHunter,Affinity: Wolf Hunter,,Ability,ConstantEffect,Self,80,63,-17,false,0,3,30,0,0,EGO SE - KataPUMB New Affinities.esp,2,false
000851:Immersive Death Cycle.esp,AfterDeath_Bears,AfterDeath Bears,,Ability,ConstantEffect,Self,0,0,0,false,0,2,0,0,0,Immersive Death Cycle.esp,1,false
0008A9:Immersive Death Cycle.esp,AfterDeath_Deer,AfterDeath Deer,,Ability,ConstantEffect,Self,0,0,0,false,0,1,0,0,0,Immersive Death Cycle.esp,1,false
0008E3:Immersive Death Cycle.esp,AfterDeath_Falmer,AfterDeath Falmer,,Ability,ConstantEffect,Self,0,0,0,false,0,1,0,0,0,Immersive Death Cycle.esp,1,false
0008AA:Immersive Death Cycle.esp,AfterDeath_Fox,AfterDeath Fox,,Ability,ConstantEffect,Self,0,0,0,false,0,1,0,0,0,Immersive Death Cycle.esp,1,false
0008E1:Immersive Death Cycle.esp,AfterDeath_Giant,AfterDeath Giant,,Ability,ConstantEffect,Self,0,0,0,false,0,1,0,0,0,Immersive Death Cycle.esp,1,false
000884:Immersive Death Cycle.esp,AfterDeath_Goat,AfterDeath Goats,,Ability,ConstantEffect,Self,0,0,0,false,0,2,0,0,0,Immersive Death Cycle.esp,1,false
000881:Immersive Death Cycle.esp,AfterDeath_Horker,AfterDeath Horker,,Ability,ConstantEffect,Self,0,0,0,false,0,2,0,0,0,Immersive Death Cycle.esp,1,false
000882:Immersive Death Cycle.esp,AfterDeath_Rabbits,AfterDeath Rabbits,,Ability,ConstantEffect,Self,0,0,0,false,0,2,0,0,0,Immersive Death Cycle.esp,1,false
000853:Immersive Death Cycle.esp,AfterDeath_Sabrecats,AfterDeath Sabrecats,,Ability,ConstantEffect,Self,0,0,0,false,0,2,0,0,0,Immersive Death Cycle.esp,1,false
000883:Immersive Death Cycle.esp,AfterDeath_Skeever,AfterDeath Skeevers,,Ability,ConstantEffect,Self,0,0,0,false,0,2,0,0,0,Immersive Death Cycle.esp,1,false
000852:Immersive Death Cycle.esp,AfterDeath_Trolls,AfterDeath Trolls,,Ability,ConstantEffect,Self,0,0,0,false,0,2,0,0,0,Immersive Death Cycle.esp,1,false
000854:Immersive Death Cycle.esp,AfterDeath_Wolves,AfterDeath Wolves,,Ability,ConstantEffect,Self,0,0,0,false,0,2,0,0,0,Immersive Death Cycle.esp,1,false
005F18:Enderal - Forgotten Stories.esm,_00E_AbPhasmalistApparition,Apparition Abilities,,Ability,ConstantEffect,Self,0,0,0,false,0,4,0,0,0,Enderal - Forgotten Stories.esm,1,false
14A99A:Skyrim.esm,_40E_LSet_2Pieces,Armor of the Ash Warrior: Set Bonus (I),,Ability,ConstantEffect,Self,156,156,0,false,0,1,9,0,0,Skyrim.esm,1,false
14A99B:Skyrim.esm,_40E_LSet_3Pieces,Armor of the Ash Warrior: Set Bonus (II),,Ability,ConstantEffect,Self,503,226,-277,false,0,1,10,0,0,Skyrim.esm,1,false
14A999:Skyrim.esm,_40E_LSet_4Pieces,Armor of the Ash Warrior: Set Bonus (III),,Ability,ConstantEffect,Self,368,330,-38,false,0,2,10,0,0,Skyrim.esm,1,false
14A995:Skyrim.esm,_40E_HSet_2Pieces,Armor of the Skaragg: Set Bonus (I),,Ability,ConstantEffect,Self,156,141,-15,false,0,1,9,0,0,Skyrim.esm,1,false
14A996:Skyrim.esm,_40E_HSet_3Pieces,Armor of the Skaragg: Set Bonus (II),,Ability,ConstantEffect,Self,202,202,0,false,0,1,20,0,0,Skyrim.esm,1,false
14A993:Skyrim.esm,_40E_HSet_4Pieces,Armor of the Skaragg: Set Bonus (III),,Ability,ConstantEffect,Self,0,0,0,false,0,1,8,0,0,Enderal SE - Gameplay Overhaul.esp,2,false
13F4EE:Skyrim.esm,_25E_LSet_2Pieces,Armor of the Tracker: Set Bonus (I),,Ability,ConstantEffect,Self,119,119,0,false,0,1,7,0,0,Skyrim.esm,1,false
13F4EF:Skyrim.esm,_25E_LSet_3Pieces,Armor of the Tracker: Set Bonus (II),,Ability,ConstantEffect,Self,393,177,-216,false,0,1,8,0,0,Skyrim.esm,1,false
13F4F0:Skyrim.esm,_25E_LSet_4Pieces,Armor of the Tracker: Set Bonus (III),,Ability,ConstantEffect,Self,222,197,-25,false,0,2,7,0,0,Skyrim.esm,1,false
001E7D:Enderal SE - Gameplay Overhaul.esp,AbArmoredColossus,Armored Colossus abilities,,Ability,ConstantEffect,Self,0,7601,7601,false,0,2,300,0,0,Enderal SE - Gameplay Overhaul.esp,1,false
005E75:Enderal SE - Gameplay Overhaul.esp,XionAttackSpeedFix,Attack Speed Fix,,Ability,ConstantEffect,Self,0,0,0,false,0,1,1,0,0,Enderal SE - Gameplay Overhaul.esp,1,false
000829:Keytrace.esp,AttackCritiSP,AttackCritiSP,,Ability,ConstantEffect,Self,0,0,0,false,0,1,0,0,0,Keytrace.esp,1,false
000808:Keytrace.esp,BackwardSP,BackwardSP,,Ability,ConstantEffect,Self,0,0,0,false,0,1,0,0,0,Keytrace.esp,1,false
005723:KataPUMB_SpellPackage.esp,Kata_BlackMageSet_2Pieces,Black Mage: Set Bonus (I),,Ability,ConstantEffect,Self,88,88,0,false,0,1,10,0,0,KataPUMB_SpellPackage.esp,1,false
005724:KataPUMB_SpellPackage.esp,Kata_BlackMageSet_3Pieces,Black Mage: Set Bonus (II),,Ability,ConstantEffect,Self,694,600,-94,false,0,5,5,0,0,KataPUMB_SpellPackage.esp,1,false
005725:KataPUMB_SpellPackage.esp,Kata_BlackMageSet_4Pieces,Black Mage: Set Bonus (III),,Ability,ConstantEffect,Self,25,25,0,false,0,1,10,0,0,KataPUMB_SpellPackage.esp,1,false
067209:Skyrim.esm,_00E_A2_DanceOfBladesMonitorAb,Blade Dance: Victim,,Ability,ConstantEffect,Self,0,0,0,false,0,1,0,0,0,Skyrim.esm,1,false
0F862A:Skyrim.esm,_00E_AbBleedoutSP,Bleed Dry,,Ability,ConstantEffect,Self,0,0,0,false,0,1,0,0,0,Skyrim.esm,1,false
14CF42:Skyrim.esm,_00E_Ab_BenevolentTrait,Blessing of Generosity (Permanent),,Ability,ConstantEffect,Self,263,29,-234,false,0,1,5,0,0,Enderal SE - Gameplay Overhaul.esp,2,false
14FFA4:Skyrim.esm,_00E_Ab_BlessingOfTheWiseOne_01,Blessing of the Wise One (Rank I),,Ability,ConstantEffect,Self,60,60,0,false,0,13,1,0,0,Skyrim.esm,1,false
14FFA5:Skyrim.esm,_00E_Ab_BlessingOfTheWiseOne_02,Blessing of the Wise One (Rank II),,Ability,ConstantEffect,Self,120,120,0,false,0,13,2,0,0,Skyrim.esm,1,false
14FFA6:Skyrim.esm,_00E_Ab_BlessingOfTheWiseOne_03,Blessing of the Wise One (Rank III),,Ability,ConstantEffect,Self,128,197,,true,0,13,3,0,0,Skyrim.esm,1,false
01C6C0:Enderal - Forgotten Stories.esm,_00E_Ab_BlessingOfTheWiseOne_04,Blessing of the Wise One (Rank IV),,Ability,ConstantEffect,Self,128,269,,true,0,13,4,0,0,Enderal - Forgotten Stories.esm,1,false
001D6E:Enderal SE - Gameplay Overhaul.esp,AbBlindDUPLICATE001,Blinder Schürfer Abilities,,Ability,ConstantEffect,Self,0,0,0,false,0,1,100,0,0,Enderal SE - Gameplay Overhaul.esp,1,false
0EEE86:Skyrim.esm,_00E_Game_AbBlockWaiting,Block Waiting,,Ability,ConstantEffect,Self,0,0,0,false,0,1,0.05,0,0,Skyrim.esm,1,false
0389EE:dD - Enhanced Blood Main.esp,zBloodCloakAbility,Blood Spell Cloak Ability,,Ability,ConstantEffect,Self,0,0,0,false,0,1,192,0,0,dD - Enhanced Blood Main.esp,1,false
01EC69:Enderal - Forgotten Stories.esm,_00E_FS_Ab_RacialAb_Aeterna,Blood of the First Ones (Cultural Bonus),,Ability,ConstantEffect,Self,104,61,-43,false,0,4,3,0,0,Enderal SE - Gameplay Overhaul.esp,2,false
0855CA:Skyrim.esm,PerkBlutsrunst1,Bloodlust (I),,Ability,ConstantEffect,Self,0,0,0,false,0,1,1.11,0,0,Enderal SE - Gameplay Overhaul.esp,2,false
000804:Enderal SE - Bug Fixes.esp,PerkBlutsrunst1QyranFix,Bloodlust (I) QyranFix,,Ability,ConstantEffect,Self,0,0,0,false,0,1,0.13,0,0,Enderal SE - Bug Fixes.esp,1,false
001D57:Enderal SE - Gameplay Overhaul.esp,PerkBlutsrunst1QyranFix,Bloodlust (I) QyranFix,,Ability,ConstantEffect,Self,0,0,0,false,0,1,0.1,0,0,Enderal SE - Gameplay Overhaul.esp,1,false
0855CB:Skyrim.esm,PerkBlutsrunst2,Bloodlust (II),,Ability,ConstantEffect,Self,0,0,0,false,0,1,1.2,0,0,Enderal SE - Gameplay Overhaul.esp,2,false
000805:Enderal SE - Bug Fixes.esp,PerkBlutsrunst2QyranFix,Bloodlust (II) QyranFix,,Ability,ConstantEffect,Self,0,0,0,false,0,1,0.23,0,0,Enderal SE - Bug Fixes.esp,1,false
001D58:Enderal SE - Gameplay Overhaul.esp,PerkBlutsrunst2QyranFix,Bloodlust (II) QyranFix,,Ability,ConstantEffect,Self,0,0,0,false,0,1,0.19,0,0,Enderal SE - Gameplay Overhaul.esp,1,false
02F299:Enderal - Forgotten Stories.esm,_00E_FS_BoneSpirit_MonitorSP,Bone Spirit (Monitor Spell),,Ability,ConstantEffect,Self,0,0,0,false,0,1,1,0,1,Enderal - Forgotten Stories.esm,1,false
01F2BB:Enderal - Forgotten Stories.esm,_00E_AbBoneripper,Boneripper Abilities,,Ability,ConstantEffect,Self,0,0,0,false,0,2,33,0,0,Enderal - Forgotten Stories.esm,1,false
001D00:Enderal SE - Gameplay Overhaul.esp,AbBoneshredder,Boneshredder abilities,,Ability,ConstantEffect,Self,0,134,134,false,0,4,0,0,0,Enderal SE - Gameplay Overhaul.esp,1,false
000832:BowRapidCombo.esp,BowAddSpell,BowAddSpell,,Ability,ConstantEffect,Self,0,0,0,false,0,1,0,0,0,BowRapidCombo.esp,1,false
00081B:Bow Charge Plus.esp,AAABowCharge1Spell,BowCharge1Spell,,Ability,ConstantEffect,Self,0,0,0,false,0,1,0,0,0,Bow Charge Plus.esp,1,false
00081D:Bow Charge Plus.esp,AAABowCharge2Spell,BowCharge2Spell,,Ability,ConstantEffect,Self,0,0,0,false,0,1,0,0,0,Bow Charge Plus.esp,1,false
00081F:Bow Charge Plus.esp,AAABowCharge3Spell,BowCharge3Spell,,Ability,ConstantEffect,Self,0,0,0,false,0,1,0,0,0,Bow Charge Plus.esp,1,false
00081C:Bow Charge Plus.esp,AAABowChargeAttack1Spell,BowChargeAttack1Spell,,Ability,ConstantEffect,Self,0,0,0,false,0,1,0,0,0,Bow Charge Plus.esp,1,false
00081E:Bow Charge Plus.esp,AAABowChargeAttack2Spell,BowChargeAttack2Spell,,Ability,ConstantEffect,Self,0,0,0,false,0,1,0,0,0,Bow Charge Plus.esp,1,false
000820:Bow Charge Plus.esp,AAABowChargeAttack3Spell,BowChargeAttack3Spell,,Ability,ConstantEffect,Self,0,0,0,false,0,1,0,0,0,Bow Charge Plus.esp,1,false
000831:BowRapidCombo.esp,BowFireMechSP,BowFireMechSP,,Ability,ConstantEffect,Self,0,0,0,false,0,1,0,0,0,BowRapidCombo.esp,1,false
000830:BowRapidCombo.esp,BowComSysSP,BowSysSP,,Ability,ConstantEffect,Self,0,0,0,false,0,1,0,0,0,BowRapidCombo.esp,1,false
01EC66:Enderal - Forgotten Stories.esm,_00E_FS_Ab_RacialAb_Qyranian,Breath of the Desert (Cultural Bonus),,Ability,ConstantEffect,Self,104,64,-40,false,0.5,5,2,0,0,EGO SE - Half Starling.esp,4,false
13F359:Skyrim.esm,_15E_LSet2pieces,Call of the North: Set Bonus (I),,Ability,ConstantEffect,Self,121,121,0,false,0,2,4,0,0,Skyrim.esm,1,false
13F35A:Skyrim.esm,_15E_LSet3pieces,Call of the North: Set Bonus (II),,Ability,ConstantEffect,Self,312,191,-121,false,0,2,4,0,0,Skyrim.esm,1,false
13F35B:Skyrim.esm,_15E_LSet4pieces,Call of the North: Set Bonus (III),,Ability,ConstantEffect,Self,236,196,-40,false,0,3,3,0,0,Skyrim.esm,1,false
01EC68:Enderal - Forgotten Stories.esm,_00E_FS_Ab_RacialAb_Arazalean,Call of the Steppe (Cultural Bonus),,Ability,ConstantEffect,Self,104,59,-45,false,0,5,2,0,0,Enderal SE - Gameplay Overhaul.esp,2,false
04803B:Skyrim.esm,AbCanSayNotInCombat,Can say if not in combat tracker,,Ability,ConstantEffect,Self,0,0,0,false,0.5,1,0,0,0,Skyrim.esm,1,false
01325C:Enderal - Forgotten Stories.esm,_00E_AbCarryFlowerBasket_New,Carry Basket,,Ability,ConstantEffect,Self,0,0,0,false,0,1,0,0,0,Enderal - Forgotten Stories.esm,1,false
0F6498:Skyrim.esm,_00E_AbCarryFlowerBasket_Old,Carry Basket,,Ability,ConstantEffect,Self,0,0,0,false,0,1,0,0,0,Skyrim.esm,1,false
0F6492:Skyrim.esm,_00E_AbCarryDrink_Old,Carry Drink,,Ability,ConstantEffect,Self,0,0,0,false,0,1,0,0,0,Skyrim.esm,1,false
0100A4:Enderal - Forgotten Stories.esm,_00E_AbCarryDrinkTray_New,Carry Tray,,Ability,ConstantEffect,Self,0,0,0,false,0,1,0,0,0,Enderal - Forgotten Stories.esm,1,false
0F649A:Skyrim.esm,_00E_AbCarryDrinkTray_Old,Carry Tray,,Ability,ConstantEffect,Self,0,0,0,false,0,1,0,0,0,Skyrim.esm,1,false
0C5A9F:Skyrim.esm,AbChaurusFX,Chaurus effects,,Ability,ConstantEffect,Self,5,4895,4890,false,0,3,0,0,0,Enderal SE - Gameplay Overhaul.esp,2,false
00080D:Regional Debuffs.esp,XionColdHazard,Cold Mountain,,Ability,ConstantEffect,Self,0,135,135,false,0,2,10,0,0,Regional Debuffs.esp,1,false
1031D3:Skyrim.esm,PCHealRateCombat,Combat Heal Rate,,Ability,ConstantEffect,Self,5,5,0,false,0.5,1,0.5,0,0,Skyrim.esm,1,false
000840:BowRapidCombo.esp,Spell_Dagger_Hip,Dagger_Hip,,Ability,ConstantEffect,Self,5,5,0,false,0,12,0,0,0,BowRapidCombo.esp,1,false
000841:BowRapidCombo.esp,Spell_Dagger_Weapon,Dagger_Weapon,,Ability,ConstantEffect,Self,668,139,-529,false,0,24,0,0,0,BowRapidCombo.esp,1,false
000808:Regional Debuffs.esp,XionDarkValley,Dark Valley,,Ability,ConstantEffect,Self,0,55,55,false,0,2,20,0,0,Regional Debuffs.esp,1,false
01361D:KataPUMBSpellPack.esp,Kata_FX_DaemonFX,Demon fx,,Ability,ConstantEffect,Self,5,5,0,false,0.5,1,0,0,0,KataPUMBSpellPack.esp,1,false
00082D:Keytrace.esp,DodgeSecondSP,DodgeAttackSP,,Ability,ConstantEffect,Self,0,0,0,false,0,1,0,0,0,Keytrace.esp,1,false
000828:Keytrace.esp,DodgeSuccessSP,DodgeSuccessSP,,Ability,ConstantEffect,Self,0,0,0,false,0,1,0,0,0,Keytrace.esp,1,false
09BCCA:Skyrim.esm,AbDragonPriest,Dragon Priest abilities,,Ability,ConstantEffect,Self,0,249,249,false,0,7,0,0,0,Enderal SE - Gameplay Overhaul.esp,2,false
057B48:Skyrim.esm,AbDragon,Dragon abilities,,Ability,ConstantEffect,Self,5,7,2,false,0,2,0,0,0,Enderal SE - Gameplay Overhaul.esp,2,false
04803A:Skyrim.esm,AbDragonPriestCombatRotationFix,Dragon priest combat rotation fix,,Ability,ConstantEffect,Self,0,0,0,false,0.5,1,0,0,0,Skyrim.esm,1,false
02431D:Skyrim.esm,AbDraugr,Draugr Abilities,,Ability,ConstantEffect,Self,5,177,172,false,0,7,50,0,0,Enderal SE - Gameplay Overhaul.esp,3,false
0F71D1:Skyrim.esm,AbDraugrMagic,Draugr Abilities,,Ability,ConstantEffect,Self,792,792,0,false,0.5,4,50,0,0,Skyrim.esm,1,false
02F1EB:Enderal - Forgotten Stories.esm,AbDraugrWithoutGlowingEyes,Draugr Abilities No Eyes,,Ability,ConstantEffect,Self,0,172,172,false,0.5,6,50,0,0,Enderal SE - Gameplay Overhaul.esp,2,false
01AA26:Enderal - Forgotten Stories.esm,_00E_Ab_DreamflowerTrait,Dreamflower Elixir (Permanent),,Ability,ConstantEffect,Self,402,326,-76,false,0,4,5,0,0,Enderal SE - Gameplay Overhaul.esp,2,false
108A3F:Skyrim.esm,PerkDualFlurry,Dual Flurry 30,,Ability,ConstantEffect,Self,0,0,0,false,0,1,1.12,0,0,Enderal SE - Gameplay Overhaul.esp,2,false
000807:Enderal SE - Bug Fixes.esp,PerkDualFlurryQyranFix,Dual Flurry 30 QyranFix,,Ability,ConstantEffect,Self,0,0,0,false,0,1,0.15,0,0,Enderal SE - Bug Fixes.esp,1,false
001D59:Enderal SE - Gameplay Overhaul.esp,PerkDualFlurryQyranFix,Dual Flurry 30 QyranFix,,Ability,ConstantEffect,Self,0,0,0,false,0,1,0.1,0,0,Enderal SE - Gameplay Overhaul.esp,1,false
04EFC1:Skyrim.esm,AbDwarvenSpiderFX,Dwarven Spider abilities,,Ability,ConstantEffect,Self,5,19,14,false,0,2,0,0,0,Enderal SE - Gameplay Overhaul.esp,2,false
030FBE:Skyrim.esm,AbDwarvenCenturionFX,Dwarven centurion abilities,,Ability,ConstantEffect,Self,5,657,652,false,0,3,0,0,0,Enderal SE - Gameplay Overhaul.esp,2,false
090357:Skyrim.esm,AbDwarvenAutomatons,Dwarven resistances,,Ability,ConstantEffect,Self,172,8974,8802,false,0,6,25,0,0,Enderal SE - Gameplay Overhaul.esp,2,false
000819:Keytrace.esp,ESP,ESP,,Ability,ConstantEffect,Self,0,0,0,false,0,1,0,0,0,Keytrace.esp,1,false
0BE85D:Skyrim.esm,_25E_HSet_FallenOne_2Pieces,Elegy of the Fallen: Set Bonus (I),,Ability,ConstantEffect,Self,119,107,-12,false,0,1,7,0,0,Skyrim.esm,1,false
0BE85B:Skyrim.esm,_25E_HSet_FallenOne_3Pieces,Elegy of the Fallen: Set Bonus (II),,Ability,ConstantEffect,Self,147,147,0,false,0,1,15,0,0,Skyrim.esm,1,false
0BE85C:Skyrim.esm,_25E_HSet_FallenOne_4Pieces,Elegy of the Fallen: Set Bonus (III),,Ability,ConstantEffect,Self,0,0,0,false,0,1,5,0,0,Skyrim.esm,1,false
000D78:ForHonorBFCO.esp,SP_EnchE_Shield,EnchE_Shield,,Ability,ConstantEffect,Self,0,0,0,false,0,1,0,0,0,ForHonorBFCO.esp,1,true
00223B:KataPUMB_SpellPackage.esp,Kata_Affinity_WhiteMage,Erodan's Recital,,Ability,ConstantEffect,Self,0,1031,,true,0,4,50,0,0,KataPUMB_SpellPackage.esp,1,false
096592:Skyrim.esm,PerkExtraPockets,Extra Pockets,,Ability,ConstantEffect,Self,369,369,0,false,0.5,1,50,0,0,Skyrim.esm,1,false
02F0A7:Enderal - Forgotten Stories.esm,_00E_FS_Theriantrophist_TransformSlow_01,Eye of the Storm,,Ability,ConstantEffect,Self,0,0,0,false,0,1,0.75,0,10,Enderal - Forgotten Stories.esm,1,false
03A477:Skyrim.esm,_00E_A2_EyeOfTheStormAb,Eye of the Storm,,Ability,ConstantEffect,Self,0,0,0,false,0,1,0.01,0,10,Skyrim.esm,1,false
0008E4:FEC.esp,FEC_DeathEffectsPCAb,FEC - Death Effects PC,,Ability,ConstantEffect,Self,0,0,0,false,0,1,0,0,0,FEC.esp,1,false
0008E7:FEC.esp,FEC_DeathEffectsNPCAb,FEC - NPC Death Effects,,Ability,ConstantEffect,Self,0,0,0,false,0,4,0,0,0,FEC.esp,1,false
0008A3:Deflection.esp,FL_AddStaggerOnHitToNPCSpell,FL_AddStaggerOnHitToNcpSpell,,Ability,ConstantEffect,Self,0,0,,true,0,2,0,0,3,Deflection.esp,1,false
0008A7:Deflection.esp,FL_FXControllerSpell,FL_FXControllerSpell,,Ability,ConstantEffect,Self,0,0,0,false,0,1,0,0,0,Deflection.esp,1,false
0008A6:Deflection.esp,FL_FXHitStopSpell,FL_FXHitStopSpell,,Ability,ConstantEffect,Self,0,0,0,false,0,2,1,0,1,Deflection.esp,1,false
00083D:Keytrace.esp,FSP,FSP,,Ability,ConstantEffect,Self,0,0,0,false,0,1,0,0,0,Keytrace.esp,1,false
052FF4:Skyrim.esm,AbFalmer,Falmer Abilities,,Ability,ConstantEffect,Self,210,29,-181,false,0,3,25,0,0,Enderal SE - Gameplay Overhaul.esp,2,false
0ED5F1:Skyrim.esm,AbFamiliarFlameCloak,Familiar Flame Cloak,,Ability,ConstantEffect,Self,0,0,0,false,0,2,100,0,0,Skyrim.esm,1,false
057B4B:Skyrim.esm,AbDragonFire,Fire Dragon abilities,,Ability,ConstantEffect,Self,0,172,172,false,0,2,50,0,0,Enderal SE - Gameplay Overhaul.esp,2,false
001E74:Enderal SE - Gameplay Overhaul.esp,AbVatyrFireVulnerability,Fire Vulnerability,,Ability,ConstantEffect,Self,0,0,0,false,0.5,1,15,0,0,Enderal SE - Gameplay Overhaul.esp,1,false
02F3B5:Skyrim.esm,AbFlameAtronach,Flame Atronach abilities,,Ability,ConstantEffect,Self,5,1793,1788,false,0,8,100,0,0,Enderal SE - Gameplay Overhaul.esp,2,false
04BB4D:Skyrim.esm,AbDwarvenSphereFX,Flame Atronach abilities,,Ability,ConstantEffect,Self,5,5,0,false,0,1,0,0,0,Skyrim.esm,1,false
0D7D56:Skyrim.esm,AbDragonBloodDamageFX,Flame Atronach abilities,,Ability,ConstantEffect,Self,0,0,0,false,0,1,0,0,0,Skyrim.esm,1,false
0D4CFF:Skyrim.esm,AbNoFlightMG07Dragon,Flightlessness,,Ability,ConstantEffect,Self,5,5,0,false,0,1,1,0,0,Enderal SE - Gameplay Overhaul.esp,2,false
001D61:Enderal SE - Gameplay Overhaul.esp,FollowerResistance,Follower Resistances,,Ability,ConstantEffect,Self,0,68,68,false,0,4,10,0,0,Enderal SE - Gameplay Overhaul.esp,1,false
000D6B:ForHonorBFCO.esp,FHBFCO_ComboBuff,For Honor - Combo Window,,Ability,3,Self,0,0,0,false,0,1,0,0,0,ForHonorBFCO.esp,1,true
000D6E:ForHonorBFCO.esp,FHBFCO_ParryArmAbility,For Honor - Parry Arm,,Ability,3,Self,0,0,0,false,0,1,0,0,0,ForHonorBFCO.esp,1,true
000D66:ForHonorBFCO.esp,FHBFCO_ParryAbility,For Honor - Parry System,,Ability,3,Self,0,0,0,false,0,1,0,0,0,ForHonorBFCO.esp,1,true
01B165:Myths and Legends VI - The Forgotten One.esp,AbForgotten,Forgotten abilities,,Ability,ConstantEffect,Self,262,134,-128,false,0,3,0,0,0,Myths and Legends VI - The Forgotten One.esp,1,false
000806:Keytrace.esp,ForwardSP,ForwardSP,,Ability,ConstantEffect,Self,0,0,0,false,0,1,0,0,0,Keytrace.esp,1,false
001D2C:Enderal SE - Gameplay Overhaul.esp,AbFrostAtronachCloak2,Frost Atronach abilities,,Ability,ConstantEffect,Self,0,0,0,false,0.5,1,11.5,0,0,Enderal SE - Gameplay Overhaul.esp,1,false
02F3B6:Skyrim.esm,AbFrostAtronach,Frost Atronach abilities,,Ability,ConstantEffect,Self,0,4890,4890,false,0,6,100,0,0,Enderal SE - Gameplay Overhaul.esp,2,false
0B556A:Skyrim.esm,AbTrollFrost,Frost Troll abilities,,Ability,ConstantEffect,Self,5,5,0,false,0,3,50,0,0,Enderal SE - Gameplay Overhaul.esp,2,false
104D4B:Skyrim.esm,AbAtronachFrostFX,Frost atronach fx,,Ability,ConstantEffect,Self,792,792,0,false,0.5,1,100,0,0,Skyrim.esm,1,false
03C82E:Skyrim.esm,_00E_A1_ArcticWindFrozenAb,Frozen,,Ability,ConstantEffect,Self,0,0,0,false,0,1,10,0,0,Skyrim.esm,1,false
001CCF:Enderal SE - Gameplay Overhaul.esp,XionGhostAbilityillusion,Ghost Ability,,Ability,ConstantEffect,Self,0,0,0,false,0,1,1,0,0,Enderal SE - Gameplay Overhaul.esp,1,false
047E9B:Skyrim.esm,GhostAbilityRedLessAlphaNew,Ghost Ability,,Ability,ConstantEffect,Self,0,0,0,false,0,1,1,0,0,Skyrim.esm,1,false
048034:Skyrim.esm,GhostAbilitySoilElemental,Ghost Ability,,Ability,ConstantEffect,Self,0,0,0,false,0,1,1,0,0,Skyrim.esm,1,false
05030B:Skyrim.esm,GhostAbility,Ghost Ability,,Ability,ConstantEffect,Self,0,0,0,false,0,1,1,0,0,Skyrim.esm,1,false
0D2056:Skyrim.esm,GhostAbilityNew,Ghost Ability,,Ability,ConstantEffect,Self,0,0,0,false,0,1,1,0,0,Skyrim.esm,1,false
0D2060:Skyrim.esm,GhostResistsAbility,Ghost Ability,,Ability,ConstantEffect,Self,0,0,0,false,0,2,100,0,0,Skyrim.esm,1,false
1484DB:Skyrim.esm,GhostAbilityRed,Ghost Ability,,Ability,ConstantEffect,Self,0,0,0,false,0,1,1,0,0,Skyrim.esm,1,false
0EEEAE:Skyrim.esm,_00E_A2_GhostwalkAbSelectionSP,Ghostwalk,,Ability,ConstantEffect,Self,0,0,0,false,0,2,0.2,0,0,Skyrim.esm,1,false
0EEF95:Skyrim.esm,_00E_A2_EldritchBloodAbSelectionSP,Ghostwalk,,Ability,ConstantEffect,Self,0,0,0,false,0,2,0.2,0,0,Skyrim.esm,1,false
053127:Skyrim.esm,PerkMagicResistance3,Greater Magic Resistance,,Ability,ConstantEffect,Self,210,210,0,false,0,1,30,0,0,Skyrim.esm,1,false
000824:Keytrace.esp,GuardCounterSP,GuardCounterSP,,Ability,ConstantEffect,Self,0,0,0,false,0,1,0,0,0,Keytrace.esp,1,false
008EBA:HotKeySkill.esp,HKS_Mech_SP,HKS_Mech_SP,,Ability,ConstantEffect,Self,0,0,0,false,0,1,0,0,0,HotKeySkill.esp,1,false
01B16A:Myths and Legends VI - The Forgotten One.esp,DLC2AbFXHMDaedraSpell,HMDaedra fx,,Ability,ConstantEffect,Self,5,5,0,false,0.5,1,0,0,0,Myths and Legends VI - The Forgotten One.esp,1,false
0008D5:Enderal SE - Gameplay Overhaul.esp,XionMovementHeavyArmorSpeedPerk,HeavyArmorSpeedPerk,,Ability,ConstantEffect,Self,0,51,,true,0,6,1.5,0,0,Enderal SE - Gameplay Overhaul.esp,1,false
005908:Stances - Dynamic Weapon Movesets SE.esp,stances_highstance_spell,High Stance,,Ability,ConstantEffect,Self,0,0,0,false,0,1,0,0,0,Stances - Dynamic Weapon Movesets SE.esp,1,false
08CACA:Skyrim.esm,AbHorker,Horker abilities,,Ability,ConstantEffect,Self,0,0,0,false,0,2,50,0,0,Enderal SE - Gameplay Overhaul.esp,1,false
10F71F:Skyrim.esm,AbHorse,Horse abilities,,Ability,ConstantEffect,Self,5,5,0,false,0.5,1,0.5,0,0,Skyrim.esm,1,false
0A26F3:Skyrim.esm,AbIceWraith,Ice Wraith abilities,,Ability,ConstantEffect,Self,0,0,0,false,0,1,0,0,0,Enderal SE - Gameplay Overhaul.esp,2,false
0CAF8A:Skyrim.esm,AbIceWraithFX,IceWraith fx abilities,,Ability,ConstantEffect,Self,0,0,0,false,0,1,0,0,0,Skyrim.esm,1,false
10375A:Skyrim.esm,_00E_Arkanistenfieber40,Increased Arcane Fever,,Ability,ConstantEffect,Self,447,312,-135,false,0.5,4,25,0,0,Enderal SE - Gameplay Overhaul.esp,3,false
02EF60:Enderal - Forgotten Stories.esm,_50E_MSet_2Pieces,Inodan's Vestment: Set Bonus (I),,Ability,ConstantEffect,Self,193,129,-64,false,0,2,8,0,0,Enderal - Forgotten Stories.esm,1,false
02EF5F:Enderal - Forgotten Stories.esm,_50E_MSet_3Pieces,Inodan's Vestment: Set Bonus (II),,Ability,ConstantEffect,Self,1005,868,-137,false,0,5,7,0,0,Enderal - Forgotten Stories.esm,1,false
02EF5E:Enderal - Forgotten Stories.esm,_50E_MSet_4Pieces,Inodan's Vestment: Set Bonus (III),,Ability,ConstantEffect,Self,499,499,0,false,0,2,25,0,0,Enderal - Forgotten Stories.esm,1,false
02EF5D:Enderal - Forgotten Stories.esm,_50E_MSet_5Pieces,Inodan's Vestment: Set Bonus (IV),,Ability,ConstantEffect,Self,3,3,0,false,0.5,1,0,0,0,Enderal - Forgotten Stories.esm,1,false
001CB7:Enderal SE - Gameplay Overhaul.esp,XionAbMagieresEisernerWille,Iron Will,,Ability,ConstantEffect,Self,49,49,0,false,0,1,8,0,0,Enderal SE - Gameplay Overhaul.esp,1,false
044858:Skyrim.esm,_00E_PerkIronWill,Iron Will,,Ability,ConstantEffect,Self,98,98,0,false,0,1,15,0,0,Skyrim.esm,1,false
001D2A:Enderal SE - Gameplay Overhaul.esp,AbCrystalEle,Kristall Elementar abilities,,Ability,ConstantEffect,Self,0,6489,6489,false,0,4,0,0,0,Enderal SE - Gameplay Overhaul.esp,1,false
00081A:Keytrace.esp,LAltSP,LAltSP,,Ability,ConstantEffect,Self,0,0,0,false,0,1,0,0,0,Keytrace.esp,1,false
000817:Keytrace.esp,LShiftSP,LShiftSP,,Ability,ConstantEffect,Self,0,0,0,false,0,1,0,0,0,Keytrace.esp,1,false
000807:Keytrace.esp,LeftSP,LeftSP,,Ability,ConstantEffect,Self,0,0,0,false,0,1,0,0,0,Keytrace.esp,1,false
002107:KataPUMBSpellPack.esp,Kata_aux_LigtbornRecital_1,Lightborn Recital,,Ability,ConstantEffect,Self,0,0,0,false,0,1,1,0,0,KataPUMBSpellPack.esp,1,false
002108:KataPUMBSpellPack.esp,Kata_aux_LigtbornRecital_2,Lightborn Recital,,Ability,ConstantEffect,Self,0,0,0,false,0,1,1,0,0,KataPUMBSpellPack.esp,1,false
00210A:KataPUMBSpellPack.esp,Kata_aux_LigtbornRecital_3,Lightborn Recital,,Ability,ConstantEffect,Self,0,0,0,false,0,1,1,0,0,KataPUMBSpellPack.esp,1,false
000800:Enderal SE - Half Starling.esp,_00E_FS_Ab_RacialAb_Starling,Longing for the Stars (Cultural Bonus),,Ability,ConstantEffect,Self,104,64,-40,false,0.5,5,4,0,0,EGO SE - Half Starling.esp,2,false
00590C:Stances - Dynamic Weapon Movesets SE.esp,stances_lowstance_spell,Low Stance,,Ability,ConstantEffect,Self,0,0,0,false,0,1,0,0,0,Stances - Dynamic Weapon Movesets SE.esp,1,false
0B556B:Skyrim.esm,AbMammoth,Mammoth abilities,,Ability,ConstantEffect,Self,0,0,0,false,0,1,50,0,0,Enderal SE - Gameplay Overhaul.esp,2,false
005909:Stances - Dynamic Weapon Movesets SE.esp,stances_midstance_spell,Mid Stance,,Ability,ConstantEffect,Self,0,0,0,false,0,1,0,0,0,Stances - Dynamic Weapon Movesets SE.esp,1,false
000D63:NPCs Take Cover.esp,Hide_FromArcherSpell,Monitor Spell - Hide From Archer,,Ability,ConstantEffect,Self,15,15,0,false,0.5,3,0,0,0,NPCs Take Cover.esp,1,false
08CACB:Skyrim.esm,AbMudcrab,Mudcrab abilities,,Ability,ConstantEffect,Self,0,3527,3527,false,0,4,0,0,0,Enderal SE - Gameplay Overhaul.esp,2,false
09379D:Skyrim.esm,PerkMuffledMovement,Muffled Movement,,Ability,ConstantEffect,Self,6,6,0,false,0,1,0.5,0,0,Skyrim.esm,1,false
000802:(SGC) NASC.esl,NASC_Spell,NASC Spell,,Ability,ConstantEffect,Self,0,0,0,false,0,1,0,0,0,(SGC) NASC.esl,1,false
00080A:Smart_NPC_Potions.esp,NPCpotions_SpellMage,NPC Drink Potions Spell,,Ability,FireAndForget,Self,0,0,0,false,0,1,0,0,0,Smart_NPC_Potions.esp,1,true
00080B:Smart_NPC_Potions.esp,NPCpotions_SpellAssassin,NPC Drink Potions Spell,,Ability,FireAndForget,Self,0,0,0,false,0,1,0,0,0,Smart_NPC_Potions.esp,1,true
000D62:Smart_NPC_Potions.esp,NPCpotions_Spell,NPC Drink Potions Spell,,Ability,FireAndForget,Self,0,0,0,false,0,1,0,0,0,Smart_NPC_Potions.esp,1,true
001D7E:Enderal SE - Gameplay Overhaul.esp,XionMovementNPCHeavyArmorSlow,NPCHeavyArmorSlow,,Ability,ConstantEffect,Self,0,156,,true,0,6,4,0,0,Enderal SE - Gameplay Overhaul.esp,1,false
0EB86F:Skyrim.esm,AbSkeletonNecro,Necro Skeleton Ability,,Ability,ConstantEffect,Self,5,5,0,false,0.5,1,0,0,0,Skyrim.esm,1,false
0EBEA9:Skyrim.esm,AbSkeletonNecroPriest,Necro Skeleton Ability,,Ability,ConstantEffect,Self,5,5,0,false,0,1,0,0,0,Skyrim.esm,1,false
12E18F:Skyrim.esm,_15E_MSet2pieces,Nemesis: Set Bonus (I),,Ability,ConstantEffect,Self,68,68,0,false,0,1,8,0,0,Skyrim.esm,1,false
12E190:Skyrim.esm,_15E_MSet3pieces,Nemesis: Set Bonus (II),,Ability,ConstantEffect,Self,9,6,-3,false,0,1,3,0,0,Enderal SE - Gameplay Overhaul.esp,2,false
12E191:Skyrim.esm,_15E_MSet4pieces,Nemesis: Set Bonus (III),,Ability,ConstantEffect,Self,14,11,-3,false,0,1,5,0,0,Enderal SE - Gameplay Overhaul.esp,2,false
0DABF6:Skyrim.esm,_10E_MSet_EnigmaticNomad_2Pieces,Nimbus of the Mysterious Nomad: Set Bonus (I),,Ability,ConstantEffect,Self,107,107,0,false,0,1,12,0,0,Skyrim.esm,1,false
0DABF7:Skyrim.esm,_10E_MSet_EnigmaticNomad_3Pieces,Nimbus of the Mysterious Nomad: Set Bonus (II),,Ability,ConstantEffect,Self,275,252,-23,false,0,2,5,0,0,Skyrim.esm,1,false
0DABF8:Skyrim.esm,_10E_MSet_EnigmaticNomad_4Pieces,Nimbus of the Mysterious Nomad: Set Bonus (III),,Ability,ConstantEffect,Self,284,213,-71,false,0,2,5,0,0,Skyrim.esm,1,false
04288D:Skyrim.esm,_00E_NQ29_TotemAb,Old Ban Totem,,Ability,ConstantEffect,Self,0,94,,true,0,3,3,0,0,Skyrim.esm,1,false
001D1A:Enderal SE - Gameplay Overhaul.esp,AbOorbaya,Oorbaya abilities,,Ability,ConstantEffect,Self,0,249,249,false,0,2,35,0,0,Enderal SE - Gameplay Overhaul.esp,1,false
09520E:Skyrim.esm,_00E_AbOorbayaFX,Oorbâya fx,,Ability,ConstantEffect,Self,5,5,0,false,0,1,0,0,0,Skyrim.esm,1,false
04831D:Skyrim.esm,AbBeDrunk,Play drunk animation,,Ability,ConstantEffect,Self,0,0,0,false,0,2,0,0,0,Skyrim.esm,1,false
105F2D:Skyrim.esm,PerkSnakeblood,Poison Resistance,,Ability,ConstantEffect,Self,0,0,0,false,0,1,50,0,0,Enderal SE - Gameplay Overhaul.esp,2,false
086703:Skyrim.esm,_00E_AbPosessed,Posession,,Ability,ConstantEffect,Self,0,0,0,false,0.5,1,100,0,0,Skyrim.esm,1,false
0EEEA7:Skyrim.esm,_00E_A2_GhostwalkAbMarkedSP,Posession,,Ability,ConstantEffect,Self,0,0,0,false,0,1,0,0,0,Skyrim.esm,1,false
0EEFA5:Skyrim.esm,_00E_A2_EldritchBloodAbMarkedVictimSP,Posession,,Ability,ConstantEffect,Self,0,0,0,false,0,1,0,0,0,Skyrim.esm,1,false
0EEFA6:Skyrim.esm,_00E_A2_EldritchBloodAbMarkedVictimTargetSP,Posession,,Ability,ConstantEffect,Self,0,0,0,false,0,1,0,0,0,Skyrim.esm,1,false
000803:Regional Debuffs.esp,XionDesertHazard,Powder Desert,,Ability,ConstantEffect,Self,0,431,431,false,0,2,30,0,0,Regional Debuffs.esp,1,false
06C0F4:Skyrim.esm,PerkPowerShot,Power Shot,,Ability,ConstantEffect,Self,0,5,,true,0.5,1,0.01,0,0,Enderal SE - Gameplay Overhaul.esp,2,false
000818:Keytrace.esp,QSP,QSP,,Ability,ConstantEffect,Self,0,0,0,false,0,1,0,0,0,Keytrace.esp,1,false
0012C7:QuickLight.esp,aaaQLQuickLightSpell,QuickLight,,Ability,FireAndForget,Self,0,0,0,false,0.5,1,5,0,0,QuickLight.esp,1,false
00434B:QuickLight.esp,aaaQLQuickLightSpellBright,QuickLight,,Ability,FireAndForget,Self,0,0,0,false,0.5,1,5,0,0,QuickLight.esp,1,false
00434D:QuickLight.esp,aaaQLQuickLightSpellWide,QuickLight,,Ability,FireAndForget,Self,0,0,0,false,0.5,1,5,0,0,QuickLight.esp,1,false
005E3B:QuickLight.esp,aaaQLQuickLightSpellSlightlyBright,QuickLight,,Ability,FireAndForget,Self,0,0,0,false,0.5,1,5,0,0,QuickLight.esp,1,false
106642:Skyrim.esm,PerkAbQuickShot,QuickShot,,Ability,ConstantEffect,Self,0,0,0,false,0,1,1.2,0,0,Enderal SE - Gameplay Overhaul.esp,2,false
046267:Skyrim.esm,_00E_A1_QyraiStanceDisplay01,Qyranian Stance,,Ability,FireAndForget,Self,0,0,0,false,0,1,0,0,0,Enderal SE - Gameplay Overhaul.esp,2,false
046268:Skyrim.esm,_00E_A1_QyraiStanceDisplay02,Qyranian Stance,,Ability,FireAndForget,Self,0,0,0,false,0,1,0,0,0,Enderal SE - Gameplay Overhaul.esp,2,false
046269:Skyrim.esm,_00E_A1_QyraiStanceDisplay03,Qyranian Stance,,Ability,FireAndForget,Self,0,0,0,false,0,1,0,0,0,Enderal SE - Gameplay Overhaul.esp,2,false
06720A:Skyrim.esm,_00E_A1_QyraiStanceAb,Qyranian Stance,,Ability,ConstantEffect,Self,0,0,0,false,0,2,10,0,0,Skyrim.esm,1,false
00083C:Keytrace.esp,RSP,RSP,,Ability,ConstantEffect,Self,0,0,0,false,0,1,0,0,0,Keytrace.esp,1,false
0DABFB:Skyrim.esm,_10E_MSet_Bonejudge_2Pieces,Ratcatcher: Set Bonus (I),,Ability,ConstantEffect,Self,84,84,0,false,0,1,9,0,0,Skyrim.esm,1,false
0DABFC:Skyrim.esm,_10E_MSet_Bonejudge_3Pieces,Ratcatcher: Set Bonus (II),,Ability,ConstantEffect,Self,222,202,-20,false,0,2,5,0,0,Skyrim.esm,1,false
0DABFD:Skyrim.esm,_10E_MSet_Bonejudge_4Pieces,Ratcatcher: Set Bonus (III),,Ability,ConstantEffect,Self,211,183,-28,false,0,2,5,0,0,Skyrim.esm,1,false
00083C:BowRapidCombo.esp,Spell_Effect2,Red Wind,,Ability,ConstantEffect,Self,0,0,0,false,0,1,0,0,0,BowRapidCombo.esp,1,false
0807E7:Skyrim.esm,PerkAbReflectBlowslevel2,Reflect Blows,,Ability,ConstantEffect,Self,0,0,0,false,0,1,100,0,0,Enderal SE - Gameplay Overhaul.esp,2,false
108A42:Skyrim.esm,PerkAbReflectBlows,Reflect Blows,,Ability,ConstantEffect,Self,0,0,0,false,0,1,100,0,0,Enderal SE - Gameplay Overhaul.esp,2,false
13F4F5:Skyrim.esm,_25E_mSet_2Pieces,Regalia of the Tribunal: Set Bonus (I),,Ability,ConstantEffect,Self,0,0,0,false,0,1,6,0,0,Enderal SE - Gameplay Overhaul.esp,2,false
13F4F6:Skyrim.esm,_25E_mSet_3Pieces,Regalia of the Tribunal: Set Bonus (II),,Ability,ConstantEffect,Self,284,196,-88,false,0,2,4,0,0,Skyrim.esm,1,false
13F4F7:Skyrim.esm,_25E_mSet_4Pieces,Regalia of the Tribunal: Set Bonus (III),,Ability,ConstantEffect,Self,188,188,0,false,0,1,20,0,0,Skyrim.esm,1,false
148A56:Skyrim.esm,_40E_mSet_2Pieces,Regalia of the Wandering Mages: Set Bonus (I),,Ability,ConstantEffect,Self,483,368,-115,false,0,3,5,0,0,Skyrim.esm,1,false
148A57:Skyrim.esm,_40E_mSet_3Pieces,Regalia of the Wandering Mages: Set Bonus (II),,Ability,ConstantEffect,Self,205,146,-59,false,0,2,4,0,0,Skyrim.esm,1,false
148A54:Skyrim.esm,_40E_mSet_4Pieces,Regalia of the Wandering Mages: Set Bonus (III),,Ability,ConstantEffect,Self,270,270,0,false,0,2,20,0,0,Skyrim.esm,1,false
0ED0A8:Skyrim.esm,VampireVampirism,Resist Disease,,Ability,ConstantEffect,Self,0,0,0,false,0,1,100,0,0,Skyrim.esm,1,false
0B5569:Skyrim.esm,AbFrostCreature,Resist Frost,,Ability,ConstantEffect,Self,294,0,-294,false,0,1,50,0,0,Enderal SE - Gameplay Overhaul.esp,1,false
10FB30:Skyrim.esm,VampirePoisonResist,Resist Poison,,Ability,ConstantEffect,Self,0,0,0,false,0,1,100,0,0,Skyrim.esm,1,false
14BF0F:Skyrim.esm,_00E_NQ29_Boss_AbSteelWatcher,Resistances,,Ability,ConstantEffect,Self,0,8402,8402,false,0,3,325,0,0,Enderal SE - Gameplay Overhaul.esp,2,false
14BF35:Skyrim.esm,_00E_NQ29_Boss_AbAshWidow,Resistances,,Ability,ConstantEffect,Self,0,62,62,false,0,2,10,0,0,Enderal SE - Gameplay Overhaul.esp,2,false
14CE30:Skyrim.esm,_00E_NQ29_Boss_AbTriceratops,Resistances,,Ability,ConstantEffect,Self,0,4966,4966,false,0,4,50,0,0,Enderal SE - Gameplay Overhaul.esp,2,false
14DA4A:Skyrim.esm,_00E_NQ29_Boss_AbArveldhiin,Resistances,,Ability,ConstantEffect,Self,0,1788,1788,false,0,4,75,0,0,Enderal SE - Gameplay Overhaul.esp,2,false
000809:Keytrace.esp,RightSP,RightSP,,Ability,ConstantEffect,Self,0,0,0,false,0,1,0,0,0,Keytrace.esp,1,false
007178:KataPUMB_SpellPackage.esp,Kata_AB_CowlOfDeath,Ritual Of The Damned,,Ability,ConstantEffect,Self,0,738,,true,0,2,50,0,0,KataPUMB_SpellPackage.esp,1,false
0B114C:EAM SE - Enderal Apothecarii Monastery.esp,RitualDebuff,Ritual Sacrifice,,Ability,ConstantEffect,Self,447,578,131,false,0,2,40,0,0,EAM SE - Enderal Apothecarii Monastery.esp,1,false
01EB3E:Enderal - Forgotten Stories.esm,_30E_LSet_ScarlettNights_3Pieces,Scarlet Night: Set Bonus (II),,Ability,ConstantEffect,Self,25,25,0,false,0.5,1,7,0,0,Enderal - Forgotten Stories.esm,1,false
01EB3F:Enderal - Forgotten Stories.esm,_30E_LSet_ScarlettNights_4Pieces,Scarlet Night: Set Bonus (III),,Ability,ConstantEffect,Self,105,105,0,false,0,1,1,0,0,Enderal - Forgotten Stories.esm,1,false
000818:Enderal SE - Gameplay Overhaul.esp,AbSchlammelementar,Schlammelementar abilities,,Ability,ConstantEffect,Self,0,294,294,false,0,4,100,0,0,Enderal SE - Gameplay Overhaul.esp,1,false
12E186:Skyrim.esm,_15E_HSet2pieces,Selna's Legacy: Set Bonus (I),,Ability,ConstantEffect,Self,115,115,0,false,0,1,12,0,0,Skyrim.esm,1,false
12E187:Skyrim.esm,_15E_HSet3pieces,Selna's Legacy: Set Bonus (II),,Ability,ConstantEffect,Self,93,93,0,false,0,1,5,0,0,Skyrim.esm,1,false
12E185:Skyrim.esm,_15E_HSet4pieces,Selna's Legacy: Set Bonus (III),,Ability,ConstantEffect,Self,82,74,-8,false,0,1,5,0,0,Skyrim.esm,1,false
12E188:Skyrim.esm,_15E_HSet5pieces,Selna's Legacy: Set Bonus (IV),,Ability,ConstantEffect,Self,0,0,0,false,0,1,5,0,0,Enderal SE - Gameplay Overhaul.esp,2,false
10375B:Skyrim.esm,_00E_Arkanistenfieber70,Severe Arcane Fever,,Ability,ConstantEffect,Self,699,406,-293,false,0.5,4,30,0,0,Enderal SE - Gameplay Overhaul.esp,3,false
001DEF:Enderal SE - Gameplay Overhaul.esp,XionShadowPlayerDUPLICATE001,Shadow Player,,Ability,ConstantEffect,Self,0,589,589,false,0,1,15,0,0,Enderal SE - Gameplay Overhaul.esp,1,false
10A7BB:Skyrim.esm,_00E_MQ07a_AbSigilStoneShard,Shard of the Sigil Stone,,Ability,ConstantEffect,Self,0,0,0,false,0,1,0,0,0,Skyrim.esm,1,false
013643:KataPUMBSpellPack.esp,Kata_AbShoggothMother,Shoggoth Mother abilities,,Ability,ConstantEffect,Self,76,76,0,false,0.5,5,4,0,0,KataPUMBSpellPack.esp,1,false
105F25:Skyrim.esm,PerkSilence,Silent Feet,,Ability,ConstantEffect,Self,6,6,0,false,0.5,1,0.6,0,0,Enderal SE - Gameplay Overhaul.esp,2,false
0469E8:Skyrim.esm,_00E_A1_SkaraggStanceDisplay01,Skaraggian Stance,,Ability,FireAndForget,Self,0,0,0,false,0,1,0,0,0,Enderal SE - Gameplay Overhaul.esp,2,false
0469E9:Skyrim.esm,_00E_A1_SkaraggStanceDisplay02,Skaraggian Stance,,Ability,FireAndForget,Self,0,0,0,false,0,1,0,0,0,Enderal SE - Gameplay Overhaul.esp,2,false
0469EA:Skyrim.esm,_00E_A1_SkaraggStanceDisplay03,Skaraggian Stance,,Ability,FireAndForget,Self,0,0,0,false,0,1,0,0,0,Enderal SE - Gameplay Overhaul.esp,2,false
0D7FBB:Skyrim.esm,AbSkeleton,Skeleton Abilities,,Ability,ConstantEffect,Self,0,8775,8775,false,0,6,40,0,0,Enderal SE - Gameplay Overhaul.esp,2,false
001D44:Enderal SE - Gameplay Overhaul.esp,XionMagRes35,Skeleton Ghost Abilities,,Ability,ConstantEffect,Self,0,5,5,false,0,1,-35,0,0,Enderal SE - Gameplay Overhaul.esp,1,false
001D48:Enderal SE - Gameplay Overhaul.esp,XionArmor350,Skeleton Ghost Abilities,,Ability,ConstantEffect,Self,0,14,14,false,0,1,-350,0,0,Enderal SE - Gameplay Overhaul.esp,1,false
001F0D:Enderal SE - Gameplay Overhaul.esp,XionArmor150,Skeleton Ghost Abilities,,Ability,ConstantEffect,Self,0,14,14,false,0,1,-150,0,0,Enderal SE - Gameplay Overhaul.esp,1,false
02EF57:Enderal - Forgotten Stories.esm,_50E_HSet_2Pieces,Skybreaker's Armor: Set Bonus (I),,Ability,ConstantEffect,Self,136,136,0,false,0,1,7,0,0,Enderal - Forgotten Stories.esm,1,false
02EF58:Enderal - Forgotten Stories.esm,_50E_HSet_3Pieces,Skybreaker's Armor: Set Bonus (II),,Ability,ConstantEffect,Self,258,258,0,false,0,1,25,0,0,Enderal - Forgotten Stories.esm,1,false
02EF59:Enderal - Forgotten Stories.esm,_50E_HSet_4Pieces,Skybreaker's Armor: Set Bonus (III),,Ability,ConstantEffect,Self,3,3,0,false,0.5,1,0,0,0,Enderal - Forgotten Stories.esm,1,false
0EA91C:Skyrim.esm,_00E_Vision_SlowSpell,Slow,,Ability,ConstantEffect,Self,0,0,0,false,0,1,80,0,40,Skyrim.esm,1,false
046F46:Skyrim.esm,_00E_Smoking_CrossLeggedMarkerSP,Smoking,,Ability,ConstantEffect,Self,0,0,0,false,0,1,0,0,0,Skyrim.esm,1,false
046F48:Skyrim.esm,_00E_Smoking_WallMarkerSP,Smoking,,Ability,ConstantEffect,Self,0,0,0,false,0,1,0,0,0,Skyrim.esm,1,false
0B556C:Skyrim.esm,AbBearSnow,Snow Bear abilities,,Ability,ConstantEffect,Self,0,0,0,false,0,1,50,0,0,Skyrim.esm,1,false
0F93DB:Skyrim.esm,AbSabrecatSnow,Snow Sabrecat abilities,,Ability,ConstantEffect,Self,0,0,0,false,0,1,50,0,0,Skyrim.esm,1,false
01EC67:Enderal - Forgotten Stories.esm,_00E_FS_Ab_RacialAb_Kilean,Song of the Blue Isles (Cultural Bonus),,Ability,ConstantEffect,Self,116,101,-15,false,0,4,5,0,0,Enderal SE - Gameplay Overhaul.esp,2,false
1090F7:Skyrim.esm,AbSprigganMatron,Spriggan Matron abilities,,Ability,ConstantEffect,Self,0,134,134,false,0,4,100,0,0,Enderal SE - Gameplay Overhaul.esp,2,false
09AA38:Skyrim.esm,AbSpriggan,Spriggan abilities,,Ability,ConstantEffect,Self,0,134,134,false,0,4,100,0,0,Enderal SE - Gameplay Overhaul.esp,2,false
000901:DynamicBlockHit.esp,_SD_StaggerCSpell,Stagger Dir Controller Main,,Ability,ConstantEffect,Self,0,0,0,false,0.5,1,1,0,0,DynamicBlockHit.esp,1,false
001E5D:Enderal SE - Gameplay Overhaul.esp,XionStaminaBowShieldSwimNPC,Stamina Management NPC,,Ability,ConstantEffect,Self,0,0,,true,0,4,1.35,0,1,Enderal SE - Gameplay Overhaul.esp,1,false
001E5E:Enderal SE - Gameplay Overhaul.esp,XionStaminaAttackUnarmedNPC,Stamina Management NPC,,Ability,ConstantEffect,Self,0,0,,true,0,1,0.1,0,1,Enderal SE - Gameplay Overhaul.esp,1,false
001E5F:Enderal SE - Gameplay Overhaul.esp,XionStaminaAttackNPC,Stamina Management NPC,,Ability,ConstantEffect,Self,0,0,,true,0,2,0.2,0,1,Enderal SE - Gameplay Overhaul.esp,1,false
005902:Stances - Dynamic Weapon Movesets SE.esp,stances_abil_spell,Stances - Dynamic Weapon Movesets,,Ability,ConstantEffect,Self,0,0,,true,0,1,0,0,0,Stances - Dynamic Weapon Movesets SE.esp,1,false
103AD8:Skyrim.esm,PerkSteadyHandTimeSlowdown01,Steady Hand (1),,Ability,ConstantEffect,Self,0,0,0,false,0.5,1,0.5,0,0,Skyrim.esm,1,false
02F3B7:Skyrim.esm,AbStormAtronach,Storm Atronach abilities,,Ability,ConstantEffect,Self,0,4187,4187,false,0,7,100,0,0,Enderal SE - Gameplay Overhaul.esp,2,false
02F23D:Enderal - Forgotten Stories.esm,_00E_FS_Phasmalist_AbFortifySummonsBuffSP,Strengthen Apparition,,Ability,ConstantEffect,Self,5,5,0,false,0.5,1,1,0,0,Enderal - Forgotten Stories.esm,1,false
0DABF1:Skyrim.esm,_10E_MSet_Vagabund_2Pieces,Swashbuckler: Set Bonus (I),,Ability,ConstantEffect,Self,117,117,0,false,0,2,5,0,0,Skyrim.esm,1,false
0DABF2:Skyrim.esm,_10E_MSet_Vagabund_3Pieces,Swashbuckler: Set Bonus (II),,Ability,ConstantEffect,Self,292,163,-129,false,0,2,5,0,0,Skyrim.esm,1,false
0DABF3:Skyrim.esm,_10E_MSet_Vagabund_4Pieces,Swashbuckler: Set Bonus (III),,Ability,ConstantEffect,Self,252,214,-38,false,0,2,5,0,0,Skyrim.esm,1,false
10D1B0:Skyrim.esm,_00E_Game_AbTalentCooldown,Talent Cooldown Manager,,Ability,ConstantEffect,Self,0,0,0,false,0,1,0.05,0,0,Skyrim.esm,1,false
00C094:KataPUMB_SpellPackage.esp,Kata_Ab_MasterTelekinesis,Telekinesis Ability,,Ability,ConstantEffect,Self,0,0,0,false,0,2,1,0,0,KataPUMB_SpellPackage.esp,1,false
01A4CA:Skyrim.esm,AbTelekinesis,Telekinesis Ability,,Ability,ConstantEffect,Self,0,0,0,false,0,1,1,0,0,Skyrim.esm,1,false
000806:Regional Debuffs.esp,XionThalgard,Thalgard,,Ability,ConstantEffect,Self,0,78,78,false,0,2,25,0,0,Regional Debuffs.esp,1,false
053125:Skyrim.esm,PerkMagicResistance1,Thaumaturge: Arcane Resistance,,Ability,ConstantEffect,Self,62,5,-57,false,0,1,0,0,0,Enderal SE - Gameplay Overhaul.esp,2,false
053126:Skyrim.esm,PerkMagicResistance2,Thaumaturge: Arcane Resistance,,Ability,ConstantEffect,Self,134,5,-129,false,0,1,0,0,0,Enderal SE - Gameplay Overhaul.esp,2,false
02F322:Enderal - Forgotten Stories.esm,_00E_FS_Theriantrophist_AbResist_01,Thick Fur (I),,Ability,ConstantEffect,Self,0,0,0,false,0,2,15,0,0,Enderal SE - Gameplay Overhaul.esp,2,false
02F323:Enderal - Forgotten Stories.esm,_00E_FS_Theriantrophist_AbResist_02,Thick Fur (II),,Ability,ConstantEffect,Self,0,0,0,false,0,2,30,0,0,Enderal SE - Gameplay Overhaul.esp,2,false
001DAA:Enderal SE - Gameplay Overhaul.esp,XionDiebeslehrling,Thief Apprentice,,Ability,ConstantEffect,Self,0,196,196,false,0,1,15,0,0,Enderal SE - Gameplay Overhaul.esp,1,false
00083A:BowRapidCombo.esp,Spell_Timing_Start,Timing_Start,,Ability,ConstantEffect,Self,0,0,0,false,0,1,0,0,0,BowRapidCombo.esp,1,false
02F617:Skyrim.esm,AbTroll,Troll abilities,,Ability,ConstantEffect,Self,5,5,,true,0,2,0.25,0,0,Enderal SE - Gameplay Overhaul.esp,2,false
0855CE:Skyrim.esm,_00E_PerkFuryDriven,Vandal: Fury-Driven,,Ability,ConstantEffect,Self,0,0,,true,0,1,1.3,0,0,Enderal SE - Gameplay Overhaul.esp,2,false
02EF5B:Enderal - Forgotten Stories.esm,_50E_LSet_3Pieces,Venturer's Armor: Set Bonus (II),,Ability,ConstantEffect,Self,37,37,0,false,0,1,10,0,0,Enderal - Forgotten Stories.esm,1,false
02EF5C:Enderal - Forgotten Stories.esm,_50E_LSet_4Pieces,Venturer's Armor: Set Bonus (III),,Ability,ConstantEffect,Self,3,3,0,false,0,1,0,0,0,Enderal - Forgotten Stories.esm,1,false
000813:talkToSummons.esp,summonWaitSpell,Waiting,,Ability,ConstantEffect,Self,0,0,0,false,0,1,0,0,0,talkToSummons.esp,1,false
000D65:WadeInWater.esp,WaterSlowdownLarge,WaterSlowLarge,,Ability,ConstantEffect,Self,0,0,0,false,0,1,50,0,0,WadeInWater.esp,1,false
000D64:WadeInWater.esp,WaterSlowdownSmall,WaterSlowSmall,,Ability,ConstantEffect,Self,0,0,0,false,0,1,35,0,0,WadeInWater.esp,1,false
000D67:WadeInWater.esp,WaterSlowdownSwim,WaterSlowSwim,,Ability,ConstantEffect,Self,0,0,0,false,0,1,30,0,0,WadeInWater.esp,1,false
148921:Skyrim.esm,_00E_MQ16_WeakenedAbSP,Weakened,,Ability,ConstantEffect,Self,0,0,0,false,0,1,0,0,0,Skyrim.esm,1,false
005E76:Enderal SE - Gameplay Overhaul.esp,PerkWeaponMaster,Weapon Master,,Ability,ConstantEffect,Self,0,0,0,false,0,1,0.15,0,0,Enderal SE - Gameplay Overhaul.esp,1,false
02506B:Skyrim.esm,_00E_MQP03_MagicFeverSpell,Weird Fever,,Ability,ConstantEffect,Self,0,0,0,false,0,1,5,0,0,Enderal SE - Gameplay Overhaul.esp,2,false
000804:Wendigo creature mod.esp,wendigo,Wendigo abilities,,Ability,ConstantEffect,Self,210,210,0,false,0,5,100,0,0,Wendigo creature mod.esp,1,false
0A1A3E:Skyrim.esm,AbWerewolf,Werewolf Abilities,,Ability,ConstantEffect,Self,23337,4124,-19213,false,0,6,100,0,0,Enderal SE - Gameplay Overhaul.esp,2,false
00080B:Regional Debuffs.esp,XionWhisperWoodHazard,Whisperwood,,Ability,ConstantEffect,Self,0,1,1,false,0,1,0.008334,0,0,Regional Debuffs.esp,1,false
00083B:BowRapidCombo.esp,Spell_Effect,Wind,,Ability,ConstantEffect,Self,0,0,0,false,0,1,0,0,0,BowRapidCombo.esp,1,false
105F20:Skyrim.esm,PerkWindWalkerStamina,Wind Walker,,Ability,ConstantEffect,Self,0,16,,true,0,1,30,0,0,Enderal SE - Gameplay Overhaul.esp,2,false
048035:Skyrim.esm,AbWispCombatAnimationFix,Wisp abilities,,Ability,ConstantEffect,Self,0,0,0,false,0,2,0,0,0,Skyrim.esm,1,false
08CC8C:Skyrim.esm,AbWisp,Wisp abilities,,Ability,ConstantEffect,Self,5,0,-5,false,0,2,9,0,0,Enderal SE - Gameplay Overhaul.esp,3,false
0F1184:Skyrim.esm,AbWispShade,Wisp abilities,,Ability,ConstantEffect,Self,0,0,0,false,0.5,2,9,0,0,Skyrim.esm,1,false
047FFE:Skyrim.esm,AbWispShadeBuffHealth,Wisp's Health Blessing,,Ability,ConstantEffect,Self,0,98,,true,0,2,15,0,0,Skyrim.esm,1,false
091F74:Skyrim.esm,WispBuffHealth,Wisp's Health Blessing,,Ability,ConstantEffect,Self,0,29,,true,0,2,5,0,0,Skyrim.esm,1,false
091F75:Skyrim.esm,WispBuffMagicka,Wisp's Magicka Blessing,,Ability,ConstantEffect,Self,0,29,,true,0,2,5,0,0,Skyrim.esm,1,false
091F76:Skyrim.esm,WispBuffStamina,Wisp's Stamina Blessing,,Ability,ConstantEffect,Self,0,29,,true,0,2,5,0,0,Skyrim.esm,1,false
08CDD1:Skyrim.esm,AbWitchlight,Witchlight abilities,,Ability,ConstantEffect,Self,62,62,0,false,0.5,2,10,0,0,Skyrim.esm,1,false
02E7F0:Enderal - Forgotten Stories.esm,_00E_Theriantrophist_DisplayHealthSpell,Wolf Blood,,Ability,ConstantEffect,Self,0,0,0,false,0,1,10,0,0,Enderal - Forgotten Stories.esm,1,false
02E7F1:Enderal - Forgotten Stories.esm,_00E_Theriantrophist_DisplayStaminaSpell,Wolf Breath,,Ability,ConstantEffect,Self,0,0,0,false,0,1,10,0,0,Enderal - Forgotten Stories.esm,1,false
02E7F2:Enderal - Forgotten Stories.esm,_00E_Theriantrophist_DisplayDamageSpell,Wolf Claws,,Ability,ConstantEffect,Self,0,0,0,false,0,1,10,0,0,Enderal - Forgotten Stories.esm,1,false
02E7F6:Enderal - Forgotten Stories.esm,_00E_Theriantrophist_DisplaySpeedMultSpell,Wolf Paws,,Ability,ConstantEffect,Self,0,0,0,false,0,1,10,0,0,Enderal - Forgotten Stories.esm,1,false
02E7F3:Enderal - Forgotten Stories.esm,_00E_Theriantrophist_DisplayArmorSpell,Wolf Pelt,,Ability,ConstantEffect,Self,0,0,,true,0,1,1,0,0,Enderal - Forgotten Stories.esm,1,false
001EBA:Enderal SE - Gameplay Overhaul.esp,XionPoisonResWolf,Wolf Resistance,,Ability,ConstantEffect,Self,0,0,0,false,0.5,2,30,0,0,Enderal SE - Gameplay Overhaul.esp,1,false
00182E:XPMSE.esp,XPMSEWeaponAbility,XPMSE Weapon Ability,,Ability,ConstantEffect,Self,0,0,0,false,0,1,0,0,0,XPMSE.esp,1,false
000D64:XPMSE.esp,XPMSEWeaponCloakAbility,XPMSE Weapon Cloak,,Ability,ConstantEffect,Self,0,0,0,false,0,1,320,0,0,XPMSE.esp,1,false
000820:Keytrace.esp,XSP,XSP,,Ability,ConstantEffect,Self,0,0,0,false,0,1,0,0,0,Keytrace.esp,1,false
00081F:Keytrace.esp,ZSP,ZSP,,Ability,ConstantEffect,Self,0,0,0,false,0,1,0,0,0,Keytrace.esp,1,false
0F9067:Skyrim.esm,AbMG07Dog,mg07 dog Abilities,,Ability,ConstantEffect,Self,5,5,0,false,0.5,1,0,0,0,Skyrim.esm,1,false
09354B:Stances - Dynamic Weapon Movesets SE.esp,stances_switchspell_AIO,stances_switchspell_AIO,,Ability,ConstantEffect,Self,0,0,0,false,0,4,0,0,0,Stances - Dynamic Weapon Movesets SE.esp,1,false
093543:Stances - Dynamic Weapon Movesets SE.esp,stances_switchspell_H,stances_switchspell_H,,Ability,ConstantEffect,Self,0,0,0,false,0,1,0,0,0,Stances - Dynamic Weapon Movesets SE.esp,1,false
093547:Stances - Dynamic Weapon Movesets SE.esp,stances_switchspell_L,stances_switchspell_L,,Ability,ConstantEffect,Self,0,0,0,false,0,1,0,0,0,Stances - Dynamic Weapon Movesets SE.esp,1,false
093544:Stances - Dynamic Weapon Movesets SE.esp,stances_switchspell_M,stances_switchspell_M,,Ability,ConstantEffect,Self,0,0,0,false,0,1,0,0,0,Stances - Dynamic Weapon Movesets SE.esp,1,false
093549:Stances - Dynamic Weapon Movesets SE.esp,stances_switchspell_N,stances_switchspell_N,,Ability,ConstantEffect,Self,0,0,0,false,0,1,0,0,0,Stances - Dynamic Weapon Movesets SE.esp,1,false
000805:talkToSummons.esp,summonTeammateSpell,summonTeammateSpell,,Ability,ConstantEffect,Self,0,0,0,false,0,1,0,0,0,talkToSummons.esp,1,false
000802:talkToSummons.esp,talkToSummonsSpell,talkToSummonsSpell,,Ability,ConstantEffect,Self,0,0,0,false,0,1,0,0,0,talkToSummons.esp,1,false
000801:SCSI-ACTbfco-Main.esp,bfco_Ab_2022ACTbase,ã€Ab-BFCO-BASEã€‘,,Ability,ConstantEffect,Self,0,0,0,false,0,1,0,0,0,SCSI-ACTbfco-Main.esp,1,false
00080E:SCSI-ACTbfco-Main.esp,bfco_Ab_FXdwEquip,ã€Ab-isDWequipã€‘,,Ability,ConstantEffect,Self,337,10,-327,false,0,1,0,0,0,SCSI-ACTbfco-Main.esp,1,false
0B877C:Skyrim.esm,DiseaseAtaxia,Ataxia,,Disease,ConstantEffect,Touch,0,577,,true,0,1,75,0,0,Enderal SE - Gameplay Overhaul.esp,2,false
0B877E:Skyrim.esm,DiseaseBoneBreakFever,Bone Break Fever,,Disease,ConstantEffect,Touch,0,451,,true,0,1,60,0,0,Enderal SE - Gameplay Overhaul.esp,2,false
0B877F:Skyrim.esm,DiseaseBrainRotunused,Brain Rot,,Disease,ConstantEffect,Touch,0,451,,true,0,1,60,0,0,Enderal SE - Gameplay Overhaul.esp,2,false
0B8782:Skyrim.esm,DiseaseRockjoint,Gangrene,,Disease,ConstantEffect,Touch,172,172,0,false,0,1,25,0,0,Enderal SE - Gameplay Overhaul.esp,2,false
0B8781:Skyrim.esm,DiseaseRattles,Rattle Gangrene,,Disease,ConstantEffect,Touch,13,10,-3,false,0,1,2,0,0,Enderal SE - Gameplay Overhaul.esp,2,false
0B8783:Skyrim.esm,DiseaseWitbane,Shivers,,Disease,ConstantEffect,Touch,5,5,0,false,0,1,0.5,0,0,Enderal SE - Gameplay Overhaul.esp,2,false
02F0FF:Enderal - Forgotten Stories.esm,DiseasVatyrfever,Vatyr Fever,,Disease,ConstantEffect,Touch,98,210,112,false,0,1,30,0,0,Enderal SE - Gameplay Overhaul.esp,2,false
006AEC:Enderal SE - Gameplay Overhaul.esp,XionDoubleEnchantSpell,Arcane Knowledge,,LesserPower,FireAndForget,Self,0,10,,true,0,1,0,0,10,Enderal SE - Gameplay Overhaul.esp,1,false
000891:BowRapidCombo.esp,BowRapidOnOffSP,BowRapidSwitchPower,,LesserPower,FireAndForget,Self,0,0,0,false,0,1,0,0,0,BowRapidCombo.esp,1,false
008EEA:HotKeySkill.esp,HKS_ON/OFF_SP,HKSSwitchPower,,LesserPower,FireAndForget,Self,0,0,0,false,0,1,0,0,0,HotKeySkill.esp,1,false
03C5F5:Skyrim.esm,_00E_Teleport_MarkSpell,Mark,,LesserPower,FireAndForget,Self,100,0,,true,3,1,0,0,0,Enderal SE - Gameplay Overhaul.esp,2,false
03C5F6:Skyrim.esm,_00E_Teleport_ReturnSpell,Return,,LesserPower,FireAndForget,Self,125,0,,true,3,1,0,0,0,Enderal SE - Gameplay Overhaul.esp,2,false
0083D7:Enderal SE - Gameplay Overhaul.esp,XionTransmuteSelfFire,Transmute Self: Fire,,LesserPower,FireAndForget,Self,0,183582807,,true,3,2,15,0,8640000,Enderal SE - Gameplay Overhaul.esp,1,false
0083DA:Enderal SE - Gameplay Overhaul.esp,XionTransmuteSelfFrost,Transmute Self: Ice,,LesserPower,FireAndForget,Self,0,183582807,,true,3,2,15,0,8640000,Enderal SE - Gameplay Overhaul.esp,1,false
0083DC:Enderal SE - Gameplay Overhaul.esp,XionTransmuteSelfShock,Transmute Self: Lightning,,LesserPower,FireAndForget,Self,0,183582807,,true,3,2,15,0,8640000,Enderal SE - Gameplay Overhaul.esp,1,false
2AD41E:TaberuAnimation.esp,aaz_Ale_Animation_SP,_Ale_Animation_SP,,LesserPower,FireAndForget,Self,0,0,0,false,0,1,0,0,10,TaberuAnimation.esp,1,false
2AD41F:TaberuAnimation.esp,aaz_AltoWine01_Animation_SP,_AltoWine01_Animation_SP,,LesserPower,FireAndForget,Self,0,0,0,false,0,1,0,0,10,TaberuAnimation.esp,1,false
2AD455:TaberuAnimation.esp,aaz_AltoWine02_Animation_SP,_AltoWine02_Animation_SP,,LesserPower,FireAndForget,Self,0,0,0,false,0,1,0,0,10,TaberuAnimation.esp,1,false
2AD423:TaberuAnimation.esp,aaz_AppleCabbageStew_Animation_SP,_AppleCabbageStew_Animation_SP,,LesserPower,FireAndForget,Self,0,0,0,false,0,1,0,0,10,TaberuAnimation.esp,1,false
2AD425:TaberuAnimation.esp,aaz_ArgonianBloodWine_Animation_SP,_ArgonianBloodWine_Animation_SP,,LesserPower,FireAndForget,Self,0,0,0,false,0,1,0,0,10,TaberuAnimation.esp,1,false
2AD427:TaberuAnimation.esp,aaz_AshHopperLeg_Animation_SP,_AshHopperLeg_Animation_SP,,LesserPower,FireAndForget,Self,0,0,0,false,0,1,0,0,10,TaberuAnimation.esp,1,false
2AD429:TaberuAnimation.esp,aaz_AshHopperMeat_Animation_SP,_AshHopperMeat_Animation_SP,,LesserPower,FireAndForget,Self,0,0,0,false,0,1,0,0,10,TaberuAnimation.esp,1,false
2AD42B:TaberuAnimation.esp,aaz_AshYam_Animation_SP,_AshYam_Animation_SP,,LesserPower,FireAndForget,Self,0,0,0,false,0,1,0,0,10,TaberuAnimation.esp,1,false
2AD42D:TaberuAnimation.esp,aaz_BakedPotatoes_Animation_SP,_BakedPotatoes_Animation_SP,,LesserPower,FireAndForget,Self,0,0,0,false,0,1,0,0,10,TaberuAnimation.esp,1,false
2AD42F:TaberuAnimation.esp,aaz_BeefStew_Animation_SP,_BeefStew_Animation_SP,,LesserPower,FireAndForget,Self,0,0,0,false,0,1,0,0,10,TaberuAnimation.esp,1,false
2AD433:TaberuAnimation.esp,aaz_BlackBriarMeadPrivateReserve_Animation_SP,_BlackBriarMeadPrivateReserve_Animation_SP,,LesserPower,FireAndForget,Self,0,0,0,false,0,1,0,0,10,TaberuAnimation.esp,1,false
2AD431:TaberuAnimation.esp,aaz_BlackBriarMead_Animation_SP,_BlackBriarMead_Animation_SP,,LesserPower,FireAndForget,Self,0,0,0,false,0,1,0,0,10,TaberuAnimation.esp,1,false
2AD435:TaberuAnimation.esp,aaz_BoarMeat_Animation_SP,_BoarMeat_Animation_SP,,LesserPower,FireAndForget,Self,0,0,0,false,0,1,0,0,10,TaberuAnimation.esp,1,false
2AD437:TaberuAnimation.esp,aaz_BoiledCremeTreat_Animation_SP,_BoiledCremeTreat_Animation_SP,,LesserPower,FireAndForget,Self,0,0,0,false,0,1,0,0,10,TaberuAnimation.esp,1,false
2AD439:TaberuAnimation.esp,aaz_BraidedBread_Animation_SP,_BraidedBread_Animation_SP,,LesserPower,FireAndForget,Self,0,0,0,false,0,1,0,0,10,TaberuAnimation.esp,1,false
2AD43D:TaberuAnimation.esp,aaz_BreadHalf_Animation_SP,_BreadHalf_Animation_SP,,LesserPower,FireAndForget,Self,0,0,0,false,0,1,0,0,10,TaberuAnimation.esp,1,false
2AD43B:TaberuAnimation.esp,aaz_Bread_Animation_SP,_Bread_Animation_SP,,LesserPower,FireAndForget,Self,0,0,0,false,0,1,0,0,10,TaberuAnimation.esp,1,false
2AD43F:TaberuAnimation.esp,aaz_Butter_Animation_SP,_Butter_Animation_SP,,LesserPower,FireAndForget,Self,0,0,0,false,0,1,0,0,10,TaberuAnimation.esp,1,false
2AD443:TaberuAnimation.esp,aaz_CabbagePotatoSoup_Animation_SP,_CabbagePotatoSoup_Animation_SP,,LesserPower,FireAndForget,Self,0,0,0,false,0,1,0,0,10,TaberuAnimation.esp,1,false
2AD445:TaberuAnimation.esp,aaz_CabbageSoup_Animation_SP,_CabbageSoup_Animation_SP,,LesserPower,FireAndForget,Self,0,0,0,false,0,1,0,0,10,TaberuAnimation.esp,1,false
2AD441:TaberuAnimation.esp,aaz_Cabbage_Animation_SP,_Cabbage_Animation_SP,,LesserPower,FireAndForget,Self,0,0,0,false,0,1,0,0,10,TaberuAnimation.esp,1,false
2AD447:TaberuAnimation.esp,aaz_Carrot_Animation_SP,_Carrot_Animation_SP,,LesserPower,FireAndForget,Self,0,0,0,false,0,1,0,0,10,TaberuAnimation.esp,1,false
2AD449:TaberuAnimation.esp,aaz_CharredSkeeverMeat_Animation_SP,_CharredSkeeverMeat_Animation_SP,,LesserPower,FireAndForget,Self,0,0,0,false,0,1,0,0,10,TaberuAnimation.esp,1,false
2AD44B:TaberuAnimation.esp,aaz_ChickenBreast_Animation_SP,_ChickenBreast_Animation_SP,,LesserPower,FireAndForget,Self,0,0,0,false,0,1,0,0,10,TaberuAnimation.esp,1,false
2AD44D:TaberuAnimation.esp,aaz_ClamChowder_Animation_SP,_ClamChowder_Animation_SP,,LesserPower,FireAndForget,Self,0,0,0,false,0,1,0,0,10,TaberuAnimation.esp,1,false
2AD44F:TaberuAnimation.esp,aaz_ClamMeat_Animation_SP,_ClamMeat_Animation_SP,,LesserPower,FireAndForget,Self,0,0,0,false,0,1,0,0,10,TaberuAnimation.esp,1,false
2AD451:TaberuAnimation.esp,aaz_CookedBeef_Animation_SP,_CookedBeef_Animation_SP,,LesserPower,FireAndForget,Self,0,0,0,false,0,1,0,0,10,TaberuAnimation.esp,1,false
2AD453:TaberuAnimation.esp,aaz_CookedBoarMeat_Animation_SP,_CookedBoarMeat_Animation_SP,,LesserPower,FireAndForget,Self,0,0,0,false,0,1,0,0,10,TaberuAnimation.esp,1,false
2AD457:TaberuAnimation.esp,aaz_DogMeat_Animation_SP,_DogMeat_Animation_SP,,LesserPower,FireAndForget,Self,0,0,0,false,0,1,0,0,10,TaberuAnimation.esp,1,false
2AD458:TaberuAnimation.esp,aaz_Dumpling_Animation_SP,_Dumpling_Animation_SP,,LesserPower,FireAndForget,Self,0,0,0,false,0,1,0,0,10,TaberuAnimation.esp,1,false
345406:TaberuAnimation.esp,zzz_EasDebugMessage_SP,_EasDebugMessage_SP,,LesserPower,FireAndForget,Self,0,0,0,false,0,1,0,0,10,TaberuAnimation.esp,1,false
2AD45B:TaberuAnimation.esp,aaz_EidarCheeseWedge_Animation_SP,_EidarCheeseWedge_Animation_SP,,LesserPower,FireAndForget,Self,0,0,0,false,0,1,0,0,10,TaberuAnimation.esp,1,false
2AD45D:TaberuAnimation.esp,aaz_EidarCheeseWheel_Animation_SP,_EidarCheeseWheel_Animation_SP,,LesserPower,FireAndForget,Self,0,0,0,false,0,1,0,0,10,TaberuAnimation.esp,1,false
2AD45F:TaberuAnimation.esp,aaz_ElsweyrFondue_Animation_SP,_ElsweyrFondue_Animation_SP,,LesserPower,FireAndForget,Self,0,0,0,false,0,1,0,0,10,TaberuAnimation.esp,1,false
2AD461:TaberuAnimation.esp,aaz_FirebrandWine_Animation_SP,_FirebrandWine_Animation_SP,,LesserPower,FireAndForget,Self,0,0,0,false,0,1,0,0,10,TaberuAnimation.esp,1,false
2AD463:TaberuAnimation.esp,aaz_Flin_Animation_SP,_Flin_Animation_SP,,LesserPower,FireAndForget,Self,0,0,0,false,0,1,0,0,10,TaberuAnimation.esp,1,false
2AD465:TaberuAnimation.esp,aaz_GarlicBread_Animation_SP,_GarlicBread_Animation_SP,,LesserPower,FireAndForget,Self,0,0,0,false,0,1,0,0,10,TaberuAnimation.esp,1,false
2AD467:TaberuAnimation.esp,aaz_GoatCheeseWedge_Animation_SP,_GoatCheeseWedge_Animation_SP,,LesserPower,FireAndForget,Self,0,0,0,false,0,1,0,0,10,TaberuAnimation.esp,1,false
2AD469:TaberuAnimation.esp,aaz_GoatCheeseWheel_Animation_SP,_GoatCheeseWheel_Animation_SP,,LesserPower,FireAndForget,Self,0,0,0,false,0,1,0,0,10,TaberuAnimation.esp,1,false
2AD46B:TaberuAnimation.esp,aaz_Gourd_Animation_SP,_Gourd_Animation_SP,,LesserPower,FireAndForget,Self,0,0,0,false,0,1,0,0,10,TaberuAnimation.esp,1,false
2AD46D:TaberuAnimation.esp,aaz_GreenApple_Animation_SP,_GreenApple_Animation_SP,,LesserPower,FireAndForget,Self,0,0,0,false,0,1,0,0,10,TaberuAnimation.esp,1,false
2AD46F:TaberuAnimation.esp,aaz_GrilledChickenBreast_Animation_SP,_GrilledChickenBreast_Animation_SP,,LesserPower,FireAndForget,Self,0,0,0,false,0,1,0,0,10,TaberuAnimation.esp,1,false
2AD471:TaberuAnimation.esp,aaz_GrilledLeeks_Animation_SP,_GrilledLeeks_Animation_SP,,LesserPower,FireAndForget,Self,0,0,0,false,0,1,0,0,10,TaberuAnimation.esp,1,false
2AD475:TaberuAnimation.esp,aaz_HoneyNutTreat_Animation_SP,_HoneyNutTreat_Animation_SP,,LesserPower,FireAndForget,Self,0,0,0,false,0,1,0,0,10,TaberuAnimation.esp,1,false
2AD473:TaberuAnimation.esp,aaz_Honey_Animation_SP,_Honey_Animation_SP,,LesserPower,FireAndForget,Self,0,0,0,false,0,1,0,0,10,TaberuAnimation.esp,1,false
2AD477:TaberuAnimation.esp,aaz_HonningbrewMead_Animation_SP,_HonningbrewMead_Animation_SP,,LesserPower,FireAndForget,Self,0,0,0,false,0,1,0,0,10,TaberuAnimation.esp,1,false
2AD479:TaberuAnimation.esp,aaz_HorkerAndAshYamStew_Animation_SP,_HorkerAndAshYamStew_Animation_SP,,LesserPower,FireAndForget,Self,0,0,0,false,0,1,0,0,10,TaberuAnimation.esp,1,false
2AD47B:TaberuAnimation.esp,aaz_HorkerLoaf_Animation_SP,_HorkerLoaf_Animation_SP,,LesserPower,FireAndForget,Self,0,0,0,false,0,1,0,0,10,TaberuAnimation.esp,1,false
2AD47D:TaberuAnimation.esp,aaz_HorkerMeat_Animation_SP,_HorkerMeat_Animation_SP,,LesserPower,FireAndForget,Self,0,0,0,false,0,1,0,0,10,TaberuAnimation.esp,1,false
2AD47F:TaberuAnimation.esp,aaz_HorkerStew_Animation_SP,_HorkerStew_Animation_SP,,LesserPower,FireAndForget,Self,0,0,0,false,0,1,0,0,10,TaberuAnimation.esp,1,false
2AD481:TaberuAnimation.esp,aaz_HorseHaunch_Animation_SP,_HorseHaunch_Animation_SP,,LesserPower,FireAndForget,Self,0,0,0,false,0,1,0,0,10,TaberuAnimation.esp,1,false
2AD483:TaberuAnimation.esp,aaz_HorseMeat_Animation_SP,_HorseMeat_Animation_SP,,LesserPower,FireAndForget,Self,0,0,0,false,0,1,0,0,10,TaberuAnimation.esp,1,false
2AD485:TaberuAnimation.esp,aaz_JazbayCrostata_Animation_SP,_JazbayCrostata_Animation_SP,,LesserPower,FireAndForget,Self,0,0,0,false,0,1,0,0,10,TaberuAnimation.esp,1,false
2AD487:TaberuAnimation.esp,aaz_JugOfMilk_Animation_SP,_JugOfMilk_Animation_SP,,LesserPower,FireAndForget,Self,0,0,0,false,0,1,0,0,10,TaberuAnimation.esp,1,false
2AD489:TaberuAnimation.esp,aaz_JuniperBerryCrostata_Animation_SP,_JuniperBerryCrostata_Animation_SP,,LesserPower,FireAndForget,Self,0,0,0,false,0,1,0,0,10,TaberuAnimation.esp,1,false
2AD48B:TaberuAnimation.esp,aaz_Leek_Animation_SP,_Leek_Animation_SP,,LesserPower,FireAndForget,Self,0,0,0,false,0,1,0,0,10,TaberuAnimation.esp,1,false
2AD48D:TaberuAnimation.esp,aaz_LegOfGoat_Animation_SP,_LegOfGoat_Animation_SP,,LesserPower,FireAndForget,Self,0,0,0,false,0,1,0,0,10,TaberuAnimation.esp,1,false
2AD48F:TaberuAnimation.esp,aaz_LegofGoatRoast_Animation_SP,_LegofGoatRoast_Animation_SP,,LesserPower,FireAndForget,Self,0,0,0,false,0,1,0,0,10,TaberuAnimation.esp,1,false
2AD491:TaberuAnimation.esp,aaz_LongTaffyTreat_Animation_SP,_LongTaffyTreat_Animation_SP,,LesserPower,FireAndForget,Self,0,0,0,false,0,1,0,0,10,TaberuAnimation.esp,1,false
2AD493:TaberuAnimation.esp,aaz_MammothCheeseBowl_Animation_SP,_MammothCheeseBowl_Animation_SP,,LesserPower,FireAndForget,Self,0,0,0,false,0,1,0,0,10,TaberuAnimation.esp,1,false
2AD495:TaberuAnimation.esp,aaz_MammothSnout_Animation_SP,_MammothSnout_Animation_SP,,LesserPower,FireAndForget,Self,0,0,0,false,0,1,0,0,10,TaberuAnimation.esp,1,false
2AD497:TaberuAnimation.esp,aaz_MammothSteak_Animation_SP,_MammothSteak_Animation_SP,,LesserPower,FireAndForget,Self,0,0,0,false,0,1,0,0,10,TaberuAnimation.esp,1,false
2AD499:TaberuAnimation.esp,aaz_Matze_Animation_SP,_Matze_Animation_SP,,LesserPower,FireAndForget,Self,0,0,0,false,0,1,0,0,10,TaberuAnimation.esp,1,false
2AD49B:TaberuAnimation.esp,aaz_MudcrabLegs_Animation_SP,_MudcrabLegs_Animation_SP,,LesserPower,FireAndForget,Self,0,0,0,false,0,1,0,0,10,TaberuAnimation.esp,1,false
2AD49D:TaberuAnimation.esp,aaz_PheasantBreast_Animation_SP,_PheasantBreast_Animation_SP,,LesserPower,FireAndForget,Self,0,0,0,false,0,1,0,0,10,TaberuAnimation.esp,1,false
2AD49F:TaberuAnimation.esp,aaz_PheasantRoast_Animation_SP,_PheasantRoast_Animation_SP,,LesserPower,FireAndForget,Self,0,0,0,false,0,1,0,0,10,TaberuAnimation.esp,1,false
2AD4A1:TaberuAnimation.esp,aaz_Pie_Animation_SP,_Pie_Animation_SP,,LesserPower,FireAndForget,Self,0,0,0,false,0,1,0,0,10,TaberuAnimation.esp,1,false
2AD4A5:TaberuAnimation.esp,aaz_PotatoBread_Animation_SP,_PotatoBread_Animation_SP,,LesserPower,FireAndForget,Self,0,0,0,false,0,1,0,0,10,TaberuAnimation.esp,1,false
2AD4A7:TaberuAnimation.esp,aaz_PotatoSoup_Animation_SP,_PotatoSoup_Animation_SP,,LesserPower,FireAndForget,Self,0,0,0,false,0,1,0,0,10,TaberuAnimation.esp,1,false
2AD4A3:TaberuAnimation.esp,aaz_Potato_Animation_SP,_Potato_Animation_SP,,LesserPower,FireAndForget,Self,0,0,0,false,0,1,0,0,10,TaberuAnimation.esp,1,false
2AD4A9:TaberuAnimation.esp,aaz_RabbitHaunch_Animation_SP,_RabbitHaunch_Animation_SP,,LesserPower,FireAndForget,Self,0,0,0,false,0,1,0,0,10,TaberuAnimation.esp,1,false
2AD4AB:TaberuAnimation.esp,aaz_RawBeef_Animation_SP,_RawBeef_Animation_SP,,LesserPower,FireAndForget,Self,0,0,0,false,0,1,0,0,10,TaberuAnimation.esp,1,false
2AD4AD:TaberuAnimation.esp,aaz_RawRabbitLeg_Animation_SP,_RawRabbitLeg_Animation_SP,,LesserPower,FireAndForget,Self,0,0,0,false,0,1,0,0,10,TaberuAnimation.esp,1,false
2AD4AF:TaberuAnimation.esp,aaz_RedApple_Animation_SP,_RedApple_Animation_SP,,LesserPower,FireAndForget,Self,0,0,0,false,0,1,0,0,10,TaberuAnimation.esp,1,false
2AD4B1:TaberuAnimation.esp,aaz_SackOfFlour_Animation_SP,_SackOfFlour_Animation_SP,,LesserPower,FireAndForget,Self,0,0,0,false,0,1,0,0,10,TaberuAnimation.esp,1,false
2AD4B3:TaberuAnimation.esp,aaz_SalmonMeat_Animation_SP,_SalmonMeat_Animation_SP,,LesserPower,FireAndForget,Self,0,0,0,false,0,1,0,0,10,TaberuAnimation.esp,1,false
2AD4B7:TaberuAnimation.esp,aaz_SalmonSteakHF_Animation_SP,_SalmonSteak(HF)_Animation_SP,,LesserPower,FireAndForget,Self,0,0,0,false,0,1,0,0,10,TaberuAnimation.esp,1,false
2AD4B5:TaberuAnimation.esp,aaz_SalmonSteak_Animation_SP,_SalmonSteak_Animation_SP,,LesserPower,FireAndForget,Self,0,0,0,false,0,1,0,0,10,TaberuAnimation.esp,1,false
2AD4B9:TaberuAnimation.esp,aaz_SearedSlaughterfish_Animation_SP,_SearedSlaughterfish_Animation_SP,,LesserPower,FireAndForget,Self,0,0,0,false,0,1,0,0,10,TaberuAnimation.esp,1,false
2AD4BB:TaberuAnimation.esp,aaz_Shein_Animation_SP,_Shein_Animation_SP,,LesserPower,FireAndForget,Self,0,0,0,false,0,1,0,0,10,TaberuAnimation.esp,1,false
2AD4BD:TaberuAnimation.esp,aaz_SlicedEidarCheese_Animation_SP,_SlicedEidarCheese_Animation_SP,,LesserPower,FireAndForget,Self,0,0,0,false,0,1,0,0,10,TaberuAnimation.esp,1,false
2AD4BF:TaberuAnimation.esp,aaz_SlicedGoatCheese_Animation_SP,_SlicedGoatCheese_Animation_SP,,LesserPower,FireAndForget,Self,0,0,0,false,0,1,0,0,10,TaberuAnimation.esp,1,false
2AD4C1:TaberuAnimation.esp,aaz_SnowberryCrostata_Animation_SP,_SnowberryCrostata_Animation_SP,,LesserPower,FireAndForget,Self,0,0,0,false,0,1,0,0,10,TaberuAnimation.esp,1,false
2AD4C3:TaberuAnimation.esp,aaz_SoulHusk_Animation_SP,_SoulHusk_Animation_SP,,LesserPower,FireAndForget,Self,0,0,0,false,0,1,0,0,10,TaberuAnimation.esp,1,false
2AD4C5:TaberuAnimation.esp,aaz_SpicedWine_Animation_SP,_SpicedWine_Animation_SP,,LesserPower,FireAndForget,Self,0,0,0,false,0,1,0,0,10,TaberuAnimation.esp,1,false
2AD4C7:TaberuAnimation.esp,aaz_SteamedMudcrabLegs_Animation_SP,_SteamedMudcrabLegs_Animation_SP,,LesserPower,FireAndForget,Self,0,0,0,false,0,1,0,0,10,TaberuAnimation.esp,1,false
330FFF:TaberuAnimation.esp,aaz_Suitou_Animation_SP,_Suitou_Animation_SP,,LesserPower,FireAndForget,Self,0,0,0,false,0,1,0,0,10,TaberuAnimation.esp,1,false
2AD4C9:TaberuAnimation.esp,aaz_Sujamma_Animation_SP,_Sujamma_Animation_SP,,LesserPower,FireAndForget,Self,0,0,0,false,0,1,0,0,10,TaberuAnimation.esp,1,false
2AD4CB:TaberuAnimation.esp,aaz_SurilieBrothersWine_Animation_SP,_SurilieBrothersWine_Animation_SP,,LesserPower,FireAndForget,Self,0,0,0,false,0,1,0,0,10,TaberuAnimation.esp,1,false
2AD4CD:TaberuAnimation.esp,aaz_SweetRoll_Animation_SP,_SweetRoll_Animation_SP,,LesserPower,FireAndForget,Self,0,0,0,false,0,1,0,0,10,TaberuAnimation.esp,1,false
2AD4D1:TaberuAnimation.esp,aaz_TomatoSoup_Animation_SP,_TomatoSoup_Animation_SP,,LesserPower,FireAndForget,Self,0,0,0,false,0,1,0,0,10,TaberuAnimation.esp,1,false
2AD4CF:TaberuAnimation.esp,aaz_Tomato_Animation_SP,_Tomato_Animation_SP,,LesserPower,FireAndForget,Self,0,0,0,false,0,1,0,0,10,TaberuAnimation.esp,1,false
2AD4D3:TaberuAnimation.esp,aaz_VegetableSoup_Animation_SP,_VegetableSoup_Animation_SP,,LesserPower,FireAndForget,Self,0,0,0,false,0,1,0,0,10,TaberuAnimation.esp,1,false
317AFA:TaberuAnimation.esp,aaz_VelvetLeChance_Animation_SP,_VelvetLeChance_Animation_SP,,LesserPower,FireAndForget,Self,0,0,0,false,0,1,0,0,10,TaberuAnimation.esp,1,false
2AD4D7:TaberuAnimation.esp,aaz_VenisonChop_Animation_SP,_VenisonChop_Animation_SP,,LesserPower,FireAndForget,Self,0,0,0,false,0,1,0,0,10,TaberuAnimation.esp,1,false
2AD4D9:TaberuAnimation.esp,aaz_VenisonStew_Animation_SP,_VenisonStew_Animation_SP,,LesserPower,FireAndForget,Self,0,0,0,false,0,1,0,0,10,TaberuAnimation.esp,1,false
2AD4D5:TaberuAnimation.esp,aaz_Venison_Animation_SP,_Venison_Animation_SP,,LesserPower,FireAndForget,Self,0,0,0,false,0,1,0,0,10,TaberuAnimation.esp,1,false
2AD4DB:TaberuAnimation.esp,aaz_Wine01_Animation_SP,_Wine01_Animation_SP,,LesserPower,FireAndForget,Self,0,0,0,false,0,1,0,0,10,TaberuAnimation.esp,1,false
2AD4DD:TaberuAnimation.esp,aaz_Wine02_Animation_SP,_Wine02_Animation_SP,,LesserPower,FireAndForget,Self,0,0,0,false,0,1,0,0,10,TaberuAnimation.esp,1,false
109D7E:Skyrim.esm,crFalmerPoisonedWeapon02,Arp Poison,,Poison,FireAndForget,Touch,0,1,,true,0,1,0.5,0,30,Enderal SE - Gameplay Overhaul.esp,1,false
00083E:BowRapidCombo.esp,Spell_BleedingDamage,Bleeding Damage,,Poison,FireAndForget,Touch,0,0,,true,0,1,20,0,10,BowRapidCombo.esp,1,false
001D54:Enderal SE - Gameplay Overhaul.esp,crXionFrostspiderBite1,Frost Spider Venom,,Poison,FireAndForget,Touch,0,0,,true,0,2,0.3,0,75,Enderal SE - Gameplay Overhaul.esp,1,false
001D55:Enderal SE - Gameplay Overhaul.esp,crXionFrostspiderBite2,Frost Spider Venom,,Poison,FireAndForget,Touch,0,0,,true,0,2,0.4,0,75,Enderal SE - Gameplay Overhaul.esp,1,false
000D65:Obsidian Weathers.esp,ObsidianSpell,Options: Obsidian Weathers,,Poison,FireAndForget,Self,0,0,0,false,0,1,0,0,0,Obsidian Weathers - Enderal.esp,2,false
00F4D8:KataPUMBAffinities.esp,Kata_Aux_PoisonDamage,Poison damage,,Poison,FireAndForget,Touch,0,0,,true,0,1,6,0,10,KataPUMBAffinities.esp,1,false
053474:Skyrim.esm,crChaurusPoisonBite01,Pus Beetle Poison,,Poison,FireAndForget,Touch,0,0,,true,0,1,0.25,0,150,Enderal SE - Gameplay Overhaul.esp,2,false
1093B1:Skyrim.esm,crChaurusPoisonBite02,Pus Beetle Poison,,Poison,FireAndForget,Touch,0,0,,true,0,1,0.3,0,150,Enderal SE - Gameplay Overhaul.esp,2,false
001D52:Enderal SE - Gameplay Overhaul.esp,crXionParalyzeBite,Sand Spider Venom,,Poison,FireAndForget,Touch,0,2,,true,0,2,0.4,0,50,Enderal SE - Gameplay Overhaul.esp,1,false
001D10:Enderal SE - Gameplay Overhaul.esp,crXionYoungSpiderPoison,Spider Venom,,Poison,FireAndForget,Touch,0,0,,true,0,1,0.1,0,75,Enderal SE - Gameplay Overhaul.esp,1,false
053475:Skyrim.esm,crSpider02PoisonBite,Spider Venom,,Poison,FireAndForget,Touch,0,0,,true,0,1,0.4,0,75,Enderal SE - Gameplay Overhaul.esp,2,false
053476:Skyrim.esm,crSpider03PoisonBite,Spider Venom,,Poison,FireAndForget,Touch,0,0,,true,0,1,0.55,0,75,Enderal SE - Gameplay Overhaul.esp,2,false
0638B2:Skyrim.esm,crSpider01PoisonBite,Spider Venom,,Poison,FireAndForget,Touch,0,0,,true,0,1,0.25,0,75,Enderal SE - Gameplay Overhaul.esp,2,false
109D7F:Skyrim.esm,crFalmerPoisonedWeapon03,Tomb Guardian Poison,,Poison,FireAndForget,Touch,0,1,,true,0,2,0.5,0,30,Enderal SE - Gameplay Overhaul.esp,1,false
10FC22:Skyrim.esm,dunHonningbrewSkeeverPoison,Venomfang Poison,,Poison,FireAndForget,Touch,0,0,,true,0,1,5,0,5,Skyrim.esm,1,false
006BB3:Enderal - Forgotten Stories.esm,WerewolfChange_Arveldhiin,Beast Form,,Power,FireAndForget,Self,0,0,,true,0,1,0,0,10,Enderal - Forgotten Stories.esm,1,false
092C48:Skyrim.esm,WerewolfChange,Beast Form,,Power,FireAndForget,Self,0,0,,true,0,1,0,0,10,Skyrim.esm,1,false
141D97:Skyrim.esm,_00E_SegenDerDisziplin,Blessing of the Discipline,,Power,FireAndForget,Self,40,41,,true,2,1,5,0,1,Enderal SE - Gameplay Overhaul.esp,2,false
000801:EGO SE - KataPUMB New Affinities.esp,XionBowDebuff,,,Spell,FireAndForget,Touch,0,0,0,false,0,1,0,0,20,EGO SE - KataPUMB New Affinities.esp,1,false
00080D:Sanguine Symphony.esp,SS_BloodSpray_Default_Regular_Spell,,,Spell,FireAndForget,Aimed,0,0,,true,0,2,0,0,0,Sanguine Symphony.esp,1,false
000822:Sanguine Symphony.esp,SS_BloodSpray_Default_Subtle_Spell,,,Spell,FireAndForget,Aimed,0,0,,true,0,1,0,0,0,Sanguine Symphony.esp,1,false
000830:Sanguine Symphony.esp,SS_BloodSpray_Insect_Regular_Spell,,,Spell,FireAndForget,Aimed,0,0,,true,0,2,0,0,0,Sanguine Symphony.esp,1,false
000831:Sanguine Symphony.esp,SS_BloodSpray_Insect_Subtle_Spell,,,Spell,FireAndForget,Aimed,0,0,,true,0,1,0,0,0,Sanguine Symphony.esp,1,false
000844:Sanguine Symphony.esp,SS_BloodSpray_Default_Large_Spell,,,Spell,FireAndForget,Aimed,0,0,,true,0,3,0,0,0,Sanguine Symphony.esp,1,false
000845:Sanguine Symphony.esp,SS_BloodSpray_Insect_Large_Spell,,,Spell,FireAndForget,Aimed,0,0,,true,0,3,0,0,0,Sanguine Symphony.esp,1,false
00087A:SCSI-ACTbfco-Main.esp,scsi_spell_bp1,,,Spell,FireAndForget,Self,0,4,,true,0,1,0,0,0,SCSI-ACTbfco-Main.esp,1,false
000880:SCSI-ACTbfco-Main.esp,scsi_spell_bp2,,,Spell,FireAndForget,Self,0,4,,true,0,1,0,0,0,SCSI-ACTbfco-Main.esp,1,false
000882:SCSI-ACTbfco-Main.esp,scsi_spell_bp3,,,Spell,FireAndForget,Self,0,4,,true,0,1,0,0,0,SCSI-ACTbfco-Main.esp,1,false
000883:SCSI-ACTbfco-Main.esp,scsi_spell_bp4,,,Spell,FireAndForget,Self,0,4,,true,0,1,0,0,0,SCSI-ACTbfco-Main.esp,1,false
0008B6:Sanguine Symphony.esp,SS_BloodSpray_Oil_Large_Spell,,,Spell,FireAndForget,Aimed,0,0,,true,0,3,0,0,0,Sanguine Symphony.esp,1,false
0008B7:Sanguine Symphony.esp,SS_BloodSpray_Oil_Regular_Spell,,,Spell,FireAndForget,Aimed,0,0,,true,0,2,0,0,0,Sanguine Symphony.esp,1,false
0008B8:Sanguine Symphony.esp,SS_BloodSpray_Oil_Subtle_Spell,,,Spell,FireAndForget,Aimed,0,0,,true,0,1,0,0,0,Sanguine Symphony.esp,1,false
0008C6:SCSI-ACTbfco-Main.esp,bfco_2023ACTflag_E,,,Spell,FireAndForget,Self,0,0,,true,0,1,0,0,2,SCSI-ACTbfco-Main.esp,1,false
01F222:dD - Enhanced Blood Main.esp,zBleedSpellStop,,,Spell,FireAndForget,Self,0,0,,true,0,1,0,0,0,dD - Enhanced Blood Main.esp,1,false
02E292:Enderal - Forgotten Stories.esm,_00E_FS_NQR05_TharaelSummon,,,Spell,FireAndForget,Self,0,0,0,false,3,1,1,0,1,Enderal - Forgotten Stories.esm,1,false
02ED79:Enderal - Forgotten Stories.esm,_00E_FS_Ghostblade_FakeAttackSpellSP,,,Spell,FireAndForget,Aimed,0,0,0,false,0.5,1,2,0,1,Enderal - Forgotten Stories.esm,1,false
044802:Skyrim.esm,_00E_FakeArrowSP,,,Spell,FireAndForget,Aimed,0,0,0,false,0.5,1,2,0,1,Skyrim.esm,1,false
0824B0:Skyrim.esm,_00E_MQ01_KillerArrow01,,,Spell,FireAndForget,Aimed,0,0,0,false,0,1,2,0,1,Skyrim.esm,1,false
085A46:Skyrim.esm,_00E_MQ01_KillerArrow02,,,Spell,FireAndForget,Aimed,0,0,0,false,0.5,1,2,0,1,Skyrim.esm,1,false
10A6B3:Skyrim.esm,_00E_MQ07a_KillerArrowSP,,,Spell,FireAndForget,Aimed,0,0,0,false,0.5,1,2,0,1,Skyrim.esm,1,false
13F9D4:Skyrim.esm,_00E_NQ_G_07_PoisonArrow,,,Spell,FireAndForget,Aimed,0,0,0,false,0,1,2,0,1,Skyrim.esm,1,false
02F191:Enderal - Forgotten Stories.esm,_00E_FS_Affinity_AbBrute_AlreadyDeadSP,Already Dead,,Spell,FireAndForget,Self,64,64,0,false,0,1,0,0,3600,Enderal - Forgotten Stories.esm,1,false
046FC8:Skyrim.esm,_00E_MQ12c_BallistaSpell,Ballista Spell,,Spell,FireAndForget,Aimed,17,29,,true,0.5,1,15,0,0,Skyrim.esm,1,false
000839:Keytrace.esp,BeTimedBlockedSP,BeTimedBlockedSP,,Spell,FireAndForget,Self,0,0,0,false,0,1,0,0,1,Keytrace.esp,1,false
006BB5:Enderal - Forgotten Stories.esm,WerewolfChangeFX_Arveldhiin,Beast Form,,Spell,FireAndForget,Self,0,0,,true,0,1,0,0,15,Enderal - Forgotten Stories.esm,1,false
0F8208:Skyrim.esm,WerewolfChangeFX,Beast Form,,Spell,FireAndForget,Self,0,0,,true,0,1,0,0,15,Skyrim.esm,1,false
067210:Skyrim.esm,_00E_A2_DanceOfBladesApplySP,Blade Dance - Add Spell,,Spell,Concentration,Aimed,134,134,0,false,0.5,1,20,0,0,Skyrim.esm,1,false
00149A:KataPUMBAffinities.esp,Kata_Aux_Bleed,Bleed,,Spell,FireAndForget,Touch,0,0,0,false,0,1,1,0,10,EGO SE - KataPUMB New Affinities.esp,2,false
0C5BE4:Skyrim.esm,PerkBleedingAxeOnehanded,Bleeding Damage,,Spell,FireAndForget,Touch,0,0,0,false,0,1,1.15,0,5,Enderal SE - Gameplay Overhaul.esp,2,false
0C5BF9:Skyrim.esm,PerkBleedingAxeTwohanded,Bleeding Damage,,Spell,FireAndForget,Touch,0,0,0,false,0,1,1.4,0,5,Enderal SE - Gameplay Overhaul.esp,2,false
000836:Keytrace.esp,BlockSP,BlockSP,,Spell,FireAndForget,Self,0,0,0,false,0,1,0,0,1,Keytrace.esp,1,false
0389F1:dD - Enhanced Blood Main.esp,zBloodApplyingSpell,Blood Applying Spell,,Spell,Concentration,Aimed,0,0,0,false,0,2,0,0,0,dD - Enhanced Blood Main.esp,1,false
00080C:Dismembering Framework.esm,DF_DismemberBloodSpray_Spell,Blood Spray,,Spell,FireAndForget,Aimed,0,0,,true,0,1,0,0,0,Dismembering Framework.esm,1,false
000812:Dismembering Framework.esm,DF_DismemberBloodSprayTrace_Spell,Blood Spray,,Spell,FireAndForget,Aimed,0,0,,true,0,1,0,0,0,Dismembering Framework.esm,1,false
02A3DC:Enderal - Forgotten Stories.esm,_00E_FS_BlueprintContainerSpell,Collection of the Blueprints,,Spell,FireAndForget,Self,40,0,,true,1,1,15,0,1,Enderal - Forgotten Stories.esm,1,false
04396E:Skyrim.esm,_00E_Unique_TotenschaberCritSP,Corpse Tooth (Poison),,Spell,FireAndForget,Self,21,45,,true,0.8,1,4,0,10,Enderal SE - Gameplay Overhaul.esp,2,false
01FE11:Enderal - Forgotten Stories.esm,_00E_FS_OverstrainImmunitySP,Counter (Immunity),,Spell,FireAndForget,Self,0,0,0,false,0,1,0,0,0,Enderal SE - Gameplay Overhaul.esp,2,false
005F64:KataPUMBAffinities.esp,Kata_Aux_Courage,Courage,,Spell,Concentration,Aimed,0,0,0,false,0.5,1,15,0,5,EGO SE - KataPUMB New Affinities.esp,2,false
001EEC:Enderal SE - Gameplay Overhaul.esp,crAtronachCrystalMeleeAttack,Crystal Atronach Attack,,Spell,FireAndForget,Touch,0,199,,true,0,2,100,0,25,Enderal SE - Gameplay Overhaul.esp,1,false
067211:Skyrim.esm,_00E_A2_DanceOfBladesCriticalHitSP,Deadly Hit,,Spell,FireAndForget,Self,249,249,0,false,0.5,2,35,0,0,Skyrim.esm,1,false
000876:DF - Official Humanoid Pack.esp,DF_Humanoid_Decapitate_Spell,Decapitate Effect,,Spell,FireAndForget,Self,0,0,,true,0,1,1,0,60,DF - Official Humanoid Pack.esp,1,false
01362A:KataPUMBSpellPack.esp,Kata_Aux_crShoggothBite,Demon Bite,,Spell,FireAndForget,Touch,0,0,,true,0,1,7,0,3,KataPUMBSpellPack.esp,1,false
02ED57:Enderal - Forgotten Stories.esm,_00E_Theriantrophist_Detoxification_ImmuneParalysis,Detoxification Paralyze immune,,Spell,FireAndForget,Self,0,0,0,false,0,1,0,0,30,Enderal - Forgotten Stories.esm,1,false
09648A:Skyrim.esm,_00E_NPCOorbayaUnleashHeavenTouch,Dimension Rift,,Spell,FireAndForget,Touch,16,16,0,false,0,1,18,0,8,Skyrim.esm,1,false
001494:KataPUMBAffinities.esp,Kata_Aux_Disarm,Disarm,,Spell,FireAndForget,Touch,0,0,0,false,0,1,12,0,0,EGO SE - KataPUMB New Affinities.esp,2,false
000809:Dismembering Framework.esm,DF_PlayerDismemberEffect_Spell,Dismember Slow Time Effect,,Spell,FireAndForget,Self,0,0,,true,0,1,0,0,3,Dismembering Framework.esm,1,false
000823:Keytrace.esp,DodgeSP,DodgeSP,,Spell,FireAndForget,Self,0,0,0,false,0,1,0,0,1,Keytrace.esp,1,false
0EEFB5:Skyrim.esm,_00E_A2_StarlingdummyAggroSP,Draw Enemies,,Spell,FireAndForget,Self,0,0,,true,0,1,0,75,0,Skyrim.esm,1,false
000836:BowRapidCombo.esp,Spell_Dust,Dust,,Spell,FireAndForget,Aimed,0,0,,true,0,1,1,0,1,BowRapidCombo.esp,1,false
000837:BowRapidCombo.esp,Spell_Dust2,Dust_Stand,,Spell,FireAndForget,Aimed,0,0,,true,0,1,1,0,1,BowRapidCombo.esp,1,false
000D77:ForHonorBFCO.esp,SP_EnchE_Body,EnchE_Body,,Spell,FireAndForget,Self,0,0,0,false,0,1,1,0,0,ForHonorBFCO.esp,1,true
000D76:ForHonorBFCO.esp,SP_EnchE_Weapon,EnchE_Weapon,,Spell,ConstantEffect,Self,0,0,,true,0,1,1,0,0,ForHonorBFCO.esp,1,true
143342:Skyrim.esm,_00E_Affinity_AbDarkKeeperSP,Entropic Craze,,Spell,FireAndForget,Self,156,156,0,false,0,1,0,0,15,Enderal SE - Gameplay Overhaul.esp,3,false
02B442:Enderal - Forgotten Stories.esm,_00E_FS_NQR05_SC20_FatherPsionicShockwave,Entropical Fire,,Spell,FireAndForget,Aimed,0,0,0,false,0,1,0,0,0,Enderal - Forgotten Stories.esm,1,false
0807E9:Skyrim.esm,_00E_PerkEntkraeftung,Exhaustion,,Spell,FireAndForget,Touch,129,22,-107,false,0,1,0,0,0,Enderal SE - Gameplay Overhaul.esp,2,false
0008F8:FEC.esp,FEC_BloodSpray01,FEC - Blood Spray 01,,Spell,FireAndForget,Self,0,0,0,false,0,1,1,12,15,FEC.esp,1,false
0008F9:FEC.esp,FEC_BloodSpray02,FEC - Blood Spray 02,,Spell,FireAndForget,Self,0,0,0,false,0,1,1,12,15,FEC.esp,1,false
0008FA:FEC.esp,FEC_BloodSpray03,FEC - Blood Spray 03,,Spell,FireAndForget,Self,0,0,0,false,0,1,1,12,15,FEC.esp,1,false
00080B:Deflection.esp,FL_FXSpellEngine,FL_FXSpellEngine,,Spell,FireAndForget,Touch,0,0,0,false,0,1,1,0,1,Deflection.esp,1,false
00080E:Deflection.esp,FL_FXSpellScripted,FL_FXSpellScripted,,Spell,FireAndForget,Touch,0,0,0,false,0,1,1,0,1,Deflection.esp,1,false
000D42:Deflection.esp,FL_SlowTimeSpell,FL_SlowTimeSpell,,Spell,ConstantEffect,Self,0,233,,true,0,1,0.1,0,5,Deflection.esp,1,false
00080D:Deflection.esp,FL_StaggerSpellBlock,FL_StaggerSpellBlock,,Spell,FireAndForget,Self,0,0,0,false,0,1,0.3,0,0,Deflection.esp,1,false
0008A5:Deflection.esp,FL_StaggerSpellHit,FL_StaggerSpellHit,,Spell,FireAndForget,Self,0,0,0,false,0,5,0.01,0,0,Deflection.esp,1,false
00080A:Deflection.esp,FL_Ward,FL_Ward,,Spell,Concentration,Self,0,0,,true,0,1,9999999,0,0,Deflection.esp,1,false
000D66:NPCs Take Cover.esp,Hide_InvisibleSpell,Fake Damage Spell,,Spell,FireAndForget,TargetActor,9,9,0,false,1,1,1,0,0,NPCs Take Cover.esp,1,false
067219:Skyrim.esm,_00E_A1_FireArrow_Hazard,Fire,,Spell,FireAndForget,Touch,0,0,0,false,0,1,1,0,5,Skyrim.esm,1,false
1496CE:Skyrim.esm,_00E_MQ17_SC06_FlamingArrowSP,Fire Arrow,,Spell,FireAndForget,Aimed,1,1,0,false,0.5,1,0,0,0,Skyrim.esm,1,false
000838:BowRapidCombo.esp,Spell_FlappingSound,FlappingSound,,Spell,FireAndForget,Aimed,0,0,,true,0,1,1,0,1,BowRapidCombo.esp,1,false
002E30:KataHiddenPowers.esp,Kata_P03_Aux_Stagger,HammerTheGap,,Spell,FireAndForget,Touch,0,0,0,false,0,1,12,0,3,EGO SE - KataPUMB Hidden Powers.esp,2,false
0CC93E:Skyrim.esm,_00E_MQ03_KonstantinRitualSpell,Ice Breath (Rank I),,Spell,Concentration,Aimed,0,0,0,false,3,1,1,0,4,Skyrim.esm,1,false
0F8680:Skyrim.esm,_00E_A2_IronMaidenReflectSP,Iron Maiden,,Spell,FireAndForget,Self,369,369,0,false,0.5,1,50,0,0,Skyrim.esm,1,false
00083B:Keytrace.esp,KillSP,KillSP,,Spell,FireAndForget,Self,0,0,0,false,0,1,0,0,30,Keytrace.esp,1,false
0133FD:Enderal - Forgotten Stories.esm,_00E_FS_PsychosisWeaknessSP_NoSlow,Mesmerized,,Spell,FireAndForget,Self,2,7,5,false,0,7,0,0,10,Enderal - Forgotten Stories.esm,1,false
01E8D2:Enderal - Forgotten Stories.esm,_00E_FS_PsychosisWeaknessSP,Mesmerized,,Spell,FireAndForget,Self,2,7,5,false,0,8,0,0,10,Enderal - Forgotten Stories.esm,1,false
10387F:Skyrim.esm,MQClearSkyFogSpell,Oppressive Fog,,Spell,FireAndForget,Self,0,0,,true,0,2,1,0,5,Skyrim.esm,1,false
0C1E99:Skyrim.esm,PerkGrandmaster1HParalyze,Paralyze,,Spell,FireAndForget,Touch,0,0,0,false,0,1,0,0,3,Enderal SE - Gameplay Overhaul.esp,2,false
000806:Dynamic Sprint.esp,SP_Per_Sprint_off,Per_Sprint_off,,Spell,FireAndForget,Self,0,0,0,false,0,1,0,0,0,Dynamic Sprint.esp,1,false
02EAA2:Enderal - Forgotten Stories.esm,_00E_Theriantrophist_PoisonOnWerewolfPotion,Poison,,Spell,FireAndForget,Self,1,1,0,false,3,1,5,65,10,Enderal - Forgotten Stories.esm,1,false
0F64A3:Skyrim.esm,_00E_A2_StarlingdummyPoisonSP,Poison Damage,,Spell,FireAndForget,Touch,0,0,0,false,3,1,0,65,0,Skyrim.esm,1,false
00083D:BowRapidCombo.esp,Spell_PowerShot,PowerShot,,Spell,FireAndForget,Self,405,6,-399,false,0.5,2,1,0,3,BowRapidCombo.esp,1,false
000898:BowRapidCombo.esp,Spell_PowerShot2,PowerShot2,,Spell,FireAndForget,Self,405,6,-399,false,0.5,2,1,0,3,BowRapidCombo.esp,1,false
01E8CE:Enderal - Forgotten Stories.esm,_00E_FS_PsychosisCounter_01_SP,Psychosis  (Counter I),,Spell,ConstantEffect,Self,0,0,0,false,0,1,0,0,0,Enderal - Forgotten Stories.esm,1,false
01E8CF:Enderal - Forgotten Stories.esm,_00E_FS_PsychosisCounter_02_SP,Psychosis  (Counter II),,Spell,ConstantEffect,Self,0,0,0,false,0,1,0,0,0,Enderal - Forgotten Stories.esm,1,false
008409:Enderal SE - Gameplay Overhaul.esp,crChaurusPoisonSpit00,Pus Beetle Poison,,Spell,FireAndForget,Aimed,3,0,,true,0,1,1,0,5,Enderal SE - Gameplay Overhaul.esp,1,false
06F6FE:Skyrim.esm,crChaurusPoisonSpit01,Pus Beetle Poison,,Spell,FireAndForget,Aimed,3,2,,true,0,2,0,0,0,Enderal SE - Gameplay Overhaul.esp,2,false
1093B2:Skyrim.esm,crChaurusPoisonSpit02,Pus Beetle Poison,,Spell,FireAndForget,Aimed,3,2,,true,0,1,7,0,7,Skyrim.esm,1,false
0D8C31:Skyrim.esm,PerkQuickReflexes,Quick Reflexes,,Spell,FireAndForget,Touch,39,39,0,false,0,1,0.15,0,1,Enderal SE - Gameplay Overhaul.esp,2,false
000899:BowRapidCombo.esp,Rapid Shot Damage,Rapid Shot Damage,,Spell,FireAndForget,Self,0,0,0,false,0,1,0,0,0,Bow Rapid Combo Balance.esp,2,true
003B15:KataPUMBSpellPack.esp,Kata_S_Entropy_99_RitualOfTheDamned_2,Ritual of the damned (Rank II),,Spell,FireAndForget,Self,300,0,,true,3,0,,,,KataPUMBSpellPack.esp,1,false
02A046:Enderal - Forgotten Stories.esm,_00E_FS_Affinity_AbGhostblade_OnSneakAttack,Second Attack,,Spell,FireAndForget,Touch,0,0,0,false,3,1,0,25,0,Enderal - Forgotten Stories.esm,1,false
10CAAC:Skyrim.esm,shieldChargeSpellDMG,Shield Charge,,Spell,Concentration,Aimed,6,6,0,false,0,1,4,0,1,Skyrim.esm,1,false
111E2E:Skyrim.esm,_00E_A2_SkyfallBoltSP,Shock Nova (Bolt),,Spell,FireAndForget,Aimed,167,167,0,false,0,2,65,0,0,Skyrim.esm,1,false
06A4B8:Skyrim.esm,_00E_A1_ShadowtongueOilHazardSP,Slipped,,Spell,FireAndForget,Touch,0,0,,true,0,1,0,0,0,Skyrim.esm,1,false
0F8640:Skyrim.esm,_00E_A1_ShadowtongueOilHazardSlowSP,Slow,,Spell,FireAndForget,Touch,0,0,,true,0.6,1,55,0,6,Skyrim.esm,1,false
0EEEE3:Skyrim.esm,_00E_A2_GhostwalkCloakSP,Spectral Cloak - Ghostwalk,,Spell,FireAndForget,Self,15848,0,,true,0,1,100,0,10,Skyrim.esm,1,false
0434DD:Skyrim.esm,crSpider01PoisonSpit,Spider Venom,,Spell,FireAndForget,Aimed,3,6,,true,0,1,0.15,0,100,Enderal SE - Gameplay Overhaul.esp,2,false
04CCF9:Skyrim.esm,crSpider02PoisonSpit,Spider Venom,,Spell,FireAndForget,Aimed,3,6,,true,0,1,0.25,0,100,Enderal SE - Gameplay Overhaul.esp,2,false
04CCFA:Skyrim.esm,crSpider03PoisonSpit,Spider Venom,,Spell,FireAndForget,Aimed,3,6,,true,0,1,0.35,0,100,Enderal SE - Gameplay Overhaul.esp,2,false
00C312:KataPUMBAffinities.esp,Kata_V2_Aux_SpiritCourage,Spirit Courage,,Spell,Concentration,Aimed,0,0,0,false,0.5,1,15,0,5,KataPUMBAffinities.esp,1,false
000807:Dynamic Sprint.esp,SP_Per_Sprint_3,Sprint_Start_3,,Spell,ConstantEffect,Self,0,0,0,false,0,1,0,0,0,Dynamic Sprint.esp,1,false
000808:Dynamic Sprint.esp,SP_Per_Sprint_4,Sprint_Start_4,,Spell,ConstantEffect,Self,0,0,0,false,0,1,0,0,0,Dynamic Sprint.esp,1,false
000805:Dynamic Sprint.esp,SP_Per_Sprint_Start,Sprint_Start_Start,,Spell,ConstantEffect,Self,0,0,0,false,0,1,0,0,0,Dynamic Sprint.esp,1,false
001D15:Enderal SE - Gameplay Overhaul.esp,XionStaggerDUPLICATE001,Stagger,,Spell,FireAndForget,Touch,0,0,0,false,0,1,0.1,0,0,Enderal SE - Gameplay Overhaul.esp,1,false
00080B:DynamicBlockHit.esp,_SD_BlockHit_PASpell,Stagger Dir Controller,,Spell,FireAndForget,Touch,0,0,0,false,0.5,1,1,0,0,DynamicBlockHit.esp,1,false
00084A:Enderal SE - Gameplay Overhaul.esp,XionMammutKnockback,Stagger Knockback,,Spell,FireAndForget,Touch,0,2,,true,0.5,1,0,0,0,Enderal SE - Gameplay Overhaul.esp,1,false
001DF3:Enderal SE - Gameplay Overhaul.esp,XionPlayerWerewolfStagger,Stagger Knockback,,Spell,FireAndForget,Touch,0,2,,true,0.5,1,0,0,0,Enderal SE - Gameplay Overhaul.esp,1,false
0F3F0A:Skyrim.esm,werewolfKnockbackSpell,Stagger Knockback,,Spell,FireAndForget,Touch,0,2,,true,0.5,1,0,0,0,Enderal SE - Gameplay Overhaul.esp,2,false
00083F:BowRapidCombo.esp,StaggerPush,Stagger Push,,Spell,FireAndForget,Touch,0,11,11,false,0,1,5,0,0,BowRapidCombo.esp,1,false
02F626:Enderal - Forgotten Stories.esm,werewolfKnockbackSpell_Player,StaggerFun,,Spell,FireAndForget,Touch,0,2,,true,0.5,1,0,0,0,Enderal - Forgotten Stories.esm,1,false
0E4CB7:Skyrim.esm,StormCallLightningBolt01,Storm Call Lightning Bolt,,Spell,FireAndForget,Aimed,98,98,0,false,0,1,40,0,0,Skyrim.esm,1,false
0E98A2:Skyrim.esm,StormCallLightningBolt02,Storm Call Lightning Bolt,,Spell,FireAndForget,Aimed,153,153,0,false,0,1,60,0,0,Skyrim.esm,1,false
0E98A3:Skyrim.esm,StormCallLightningBolt03,Storm Call Lightning Bolt,,Spell,FireAndForget,Aimed,210,210,0,false,0,1,80,0,0,Skyrim.esm,1,false
039D42:Skyrim.esm,crDragonTail,Tail Stagger,,Spell,FireAndForget,Touch,20,2,,true,0,2,100,50,0,Enderal SE - Gameplay Overhaul.esp,2,false
006CEE:KataHiddenPowers.esp,kata_test_hook,Test: Hook,,Spell,FireAndForget,Aimed,1,1,0,false,0.5,1,1,0,0,KataHiddenPowers.esp,1,false
000837:Keytrace.esp,TimedBlockSP,TimedBlockSP,,Spell,FireAndForget,Self,0,0,0,false,0,1,0,0,1,Keytrace.esp,1,false
000800:Bow Rapid Combo Balance.esp,Timing Shot Damage,Timing Shot Damage,,Spell,FireAndForget,Self,0,0,0,false,0,1,0,0,0,Bow Rapid Combo Balance.esp,1,true
000803:EGO SE - KataPUMB Hidden Powers.esp,XionHammer,Warmaster Knockdown,,Spell,FireAndForget,Touch,0,2,2,false,0,1,0,0,0,EGO SE - KataPUMB Hidden Powers.esp,1,false
106254:Skyrim.esm,PerkWarmasterKnockdown,Warmaster Knockdown,,Spell,FireAndForget,Touch,2,2,0,false,0,1,0,0,0,Skyrim.esm,1,false
000805:Bow Rapid Combo Balance.esp,Weak Shot Damage,Weak Shot Damage,,Spell,FireAndForget,Self,0,0,0,false,0,1,0,0,0,Bow Rapid Combo Balance.esp,1,true
024BD4:Enderal - Forgotten Stories.esm,_04E_35_FS_WintersEdgeSP,Winter's Edge (Frozen),,Spell,FireAndForget,Self,0,0,0,false,0,1,1,0,2,Enderal - Forgotten Stories.esm,1,false
001D19:Enderal SE - Gameplay Overhaul.esp,crSprigganPoisonClaw02,Wood Elemental Poison,,Spell,FireAndForget,Touch,0,0,,true,0,1,0.6,0,30,Enderal SE - Gameplay Overhaul.esp,1,false
001EA2:Enderal SE - Gameplay Overhaul.esp,crSprigganPoisonClaw03,Wood Elemental Poison,,Spell,FireAndForget,Touch,0,0,,true,0,1,0.65,0,30,Enderal SE - Gameplay Overhaul.esp,1,false
0F23D2:Skyrim.esm,crSprigganPoisonClaw,Wood Elemental Poison,,Spell,FireAndForget,Touch,0,0,,true,0,1,0.4,0,30,Enderal SE - Gameplay Overhaul.esp,2,false
13F729:Skyrim.esm,_00E_NQ_G_07Mael_WuulasSpell,Wuulas' Special Spell,,Spell,FireAndForget,Aimed,0,0,0,false,0.5,1,25,0,11,Skyrim.esm,1,false
00182B:XPMSE.esp,XPMSEWeaponApplySpell,XPMSE Weapon Apply,,Spell,Concentration,Aimed,0,0,0,false,0,1,0,0,0,XPMSE.esp,1,false
06AD28:Stances - Dynamic Weapon Movesets SE.esp,stances_high_icon_spell,stances_high_icon_spell,,Spell,FireAndForget,Self,0,0,0,false,0,2,0,0,1,Stances - Dynamic Weapon Movesets SE.esp,1,false
06AD2C:Stances - Dynamic Weapon Movesets SE.esp,stances_low_icon_spell,stances_low_icon_spell,,Spell,FireAndForget,Self,0,0,0,false,0,2,0,0,1,Stances - Dynamic Weapon Movesets SE.esp,1,false
06AD29:Stances - Dynamic Weapon Movesets SE.esp,stances_mid_icon_spell,stances_mid_icon_spell,,Spell,FireAndForget,Self,0,0,0,false,0,2,0,0,1,Stances - Dynamic Weapon Movesets SE.esp,1,false
06FE32:Stances - Dynamic Weapon Movesets SE.esp,stances_neutral_icon_spell,stances_neutral_icon_spell,,Spell,FireAndForget,Self,0,0,0,false,0,2,0,0,1,Stances - Dynamic Weapon Movesets SE.esp,1,false
05C244:Skyrim.esm,_00E_Class_OpenClassMenuSpell,,,Voice,FireAndForget,Self,2,2,0,false,0,1,0,0,0,Skyrim.esm,1,false
006CB0:KataHiddenPowers.esp,Kata_P05_SP_ArcaneExploit_I,Arcane Exploit I,,Voice,FireAndForget,Self,0,0,0,false,0,2,2,0,12,KataHiddenPowers.esp,1,false
006CB1:KataHiddenPowers.esp,Kata_P05_SP_ArcaneExploit_II,Arcane Exploit II,,Voice,FireAndForget,Self,0,0,0,false,0,2,3,0,18,KataHiddenPowers.esp,1,false
006CB3:KataHiddenPowers.esp,Kata_P05_SP_ArcaneExploit_III,Arcane Exploit III,,Voice,FireAndForget,Self,0,0,0,false,0,2,4,0,24,KataHiddenPowers.esp,1,false
013F3A:Skyrim.esm,_00E_A2_PrimalForceSP,Archaic Might,,Voice,FireAndForget,Self,112,24499,,true,0,7,5,0,0,Enderal SE - Gameplay Overhaul.esp,2,false
0F8625:Skyrim.esm,_00E_A1_FlashpowderSP,Blitzpulver,,Voice,FireAndForget,Self,23,26,,true,0,3,0,60,8,Enderal SE - Gameplay Overhaul.esp,2,false
002E33:KataHiddenPowers.esp,Kata_P03_SP_HammerTheGap_I,Brute Force,,Voice,FireAndForget,Self,0,0,0,false,0,1,1,0,5,EGO SE - KataPUMB Hidden Powers.esp,2,false
002E34:KataHiddenPowers.esp,Kata_P03_SP_HammerTheGap_II,Brute Force,,Voice,FireAndForget,Self,0,0,0,false,0,1,1,0,10,EGO SE - KataPUMB Hidden Powers.esp,2,false
002E36:KataHiddenPowers.esp,Kata_P03_SP_HammerTheGap_III,Brute Force,,Voice,FireAndForget,Self,0,0,0,false,0,1,1,0,15,EGO SE - KataPUMB Hidden Powers.esp,2,false
01EC76:Enderal - Forgotten Stories.esm,_00E_Phasmalist_A3_MoveApparationToPlayer,Call Apparition,,Voice,FireAndForget,Self,0,0,0,false,0,1,0,0,0,Enderal - Forgotten Stories.esm,1,false
02EAB2:Enderal - Forgotten Stories.esm,_00E_A3_Theriantrophist_HowlSP,Call of the Hunt,,Voice,FireAndForget,Self,15127,15127,0,false,0,4,100,0,0,Enderal - Forgotten Stories.esm,1,false
03F50B:Skyrim.esm,VoiceClearSkies1,Clear Skies 1,,Voice,FireAndForget,Aimed,0,0,0,false,0,1,10,0,0,Skyrim.esm,1,false
03F50C:Skyrim.esm,VoiceClearSkies2,Clear Skies 2,,Voice,FireAndForget,Aimed,0,0,0,false,0,1,10,0,0,Skyrim.esm,1,false
03F50D:Skyrim.esm,VoiceClearSkies3,Clear Skies 3,,Voice,FireAndForget,Aimed,0,0,0,false,0,1,10,0,0,Skyrim.esm,1,false
006CD3:KataHiddenPowers.esp,Kata_P06_SP_DarkArena_I,Dark Arena,,Voice,FireAndForget,Self,0,0,0,false,0,1,1,0,15,EGO SE - KataPUMB Hidden Powers.esp,2,false
006CD4:KataHiddenPowers.esp,Kata_P06_SP_DarkArena_II,Dark Arena,,Voice,FireAndForget,Self,0,0,0,false,0,1,1,0,25,EGO SE - KataPUMB Hidden Powers.esp,2,false
006CD6:KataHiddenPowers.esp,Kata_P06_SP_DarkArena_III,Dark Arena,,Voice,FireAndForget,Self,0,0,0,false,0,1,1,0,35,EGO SE - KataPUMB Hidden Powers.esp,2,false
03C75B:Skyrim.esm,_00E_A1_RiftSP,Dimension Rift,,Voice,FireAndForget,Aimed,541,117,-424,false,0,4,15,0,8,Enderal SE - Gameplay Overhaul.esp,2,false
08BB27:Skyrim.esm,VoiceDisarm1,Disarm,,Voice,FireAndForget,Aimed,0,0,0,false,0,1,12,0,0,Skyrim.esm,1,false
08BB28:Skyrim.esm,VoiceDisarm2,Disarm,,Voice,FireAndForget,Aimed,0,0,0,false,0,1,20,0,0,Skyrim.esm,1,false
08BB29:Skyrim.esm,VoiceDisarm3,Disarm,,Voice,FireAndForget,Aimed,0,0,0,false,0,1,30,0,0,Skyrim.esm,1,false
02C595:Skyrim.esm,_00E_A1_Frenzy_Spell01,Elemental Fury,,Voice,FireAndForget,Self,0,0,0,false,0.5,1,1.15,0,15,Skyrim.esm,1,false
09CD4E:Skyrim.esm,_00E_A1_Frenzy_Spell02,Elemental Fury,,Voice,FireAndForget,Self,0,0,0,false,0,1,1.2,0,15,Skyrim.esm,1,false
09CD4F:Skyrim.esm,_00E_A1_Frenzy_Spell03,Elemental Fury,,Voice,FireAndForget,Self,0,0,0,false,0,1,1.3,0,15,Skyrim.esm,1,false
06953A:Skyrim.esm,_00E_A2_EldritchBloodSP,Entropic Blood,,Voice,FireAndForget,Self,2042,973,-1069,false,0,7,50,0,5,Enderal SE - Gameplay Overhaul.esp,2,false
024102:Enderal - Forgotten Stories.esm,_00E_FS_TharaelFireBreathSP,Entropic Fire,,Voice,FireAndForget,Aimed,0,0,0,false,0,2,62,0,0,Enderal SE - Gameplay Overhaul.esp,2,false
03A472:Skyrim.esm,_00E_A2_EyeOfTheStormSP,Eye of the Storm,,Voice,FireAndForget,Self,0,0,0,false,0,3,0.01,0,7,Enderal SE - Gameplay Overhaul.esp,2,false
0742CE:Skyrim.esm,VoiceDragonFireBall01,Fire Ball,,Voice,FireAndForget,Aimed,0,68,,true,0,1,25,15,0,Skyrim.esm,1,false
10C4DD:Skyrim.esm,VoiceDragonFireBall05,Fire Ball,,Voice,FireAndForget,Aimed,0,387,,true,0,1,120,15,0,Enderal SE - Gameplay Overhaul.esp,2,false
001E54:Enderal SE - Gameplay Overhaul.esp,XionGulFireBreath,Fire Breath,,Voice,FireAndForget,Aimed,0,0,0,false,0,1,30,0,0,Enderal SE - Gameplay Overhaul.esp,1,false
0252C2:Skyrim.esm,VoiceDragonFire01,Fire Breath,,Voice,Concentration,Aimed,5,0,,true,0,1,20,0,1,Skyrim.esm,1,false
03F9EB:Skyrim.esm,VoiceFireBreath1,Fire Breath,,Voice,FireAndForget,Aimed,0,0,0,false,0,2,50,0,0,Skyrim.esm,1,false
03F9EC:Skyrim.esm,VoiceFireBreath2,Fire Breath,,Voice,FireAndForget,Aimed,0,0,0,false,0,2,70,0,0,Skyrim.esm,1,false
03F9ED:Skyrim.esm,VoiceFireBreath3,Fire Breath,,Voice,FireAndForget,Aimed,0,0,0,false,0,2,90,0,0,Skyrim.esm,1,false
10C4DB:Skyrim.esm,VoiceDragonFire05,Fire Breath,,Voice,Concentration,Aimed,5,0,,true,0,1,55,0,1,Enderal SE - Gameplay Overhaul.esp,2,false
0549B3:Skyrim.esm,VoiceDragonFrost02,Frost Breath,,Voice,Concentration,Aimed,5,0,,true,0,2,30,0,1,Skyrim.esm,1,false
05D172:Skyrim.esm,VoiceFrostBreath1,Frost Breath,,Voice,FireAndForget,Aimed,29,29,0,false,0,3,10,0,5,Skyrim.esm,1,false
05D173:Skyrim.esm,VoiceFrostBreath2,Frost Breath,,Voice,FireAndForget,Aimed,42,42,0,false,0,3,14,0,5,Skyrim.esm,1,false
05D174:Skyrim.esm,VoiceFrostBreath3,Frost Breath,,Voice,FireAndForget,Aimed,56,56,0,false,0,3,18,0,5,Skyrim.esm,1,false
0BE5E3:EAM SE - Enderal Apothecarii Monastery.esp,VoiceDragonFrostAncientOne,Frost Breath,,Voice,Concentration,Aimed,5,0,,true,0,2,30,0,1,EAM SE - Enderal Apothecarii Monastery.esp,1,false
02E8ED:Enderal - Forgotten Stories.esm,_00E_FS_A2_Ghostwalk_NewSP,Ghostwalk,,Voice,FireAndForget,Self,0,0,0,false,0.5,7,0,1,2,Enderal - Forgotten Stories.esm,1,false
0399DD:Skyrim.esm,_00E_A2_GhostwalkSP,Ghostwalk,,Voice,FireAndForget,Self,8981,0,-8981,false,0.5,9,15,0,0,Skyrim.esm,1,false
043A10:Skyrim.esm,_00E_FS_A3_Rogue_FrostBombSP,Glacial Bomb,,Voice,FireAndForget,Aimed,0,0,,true,0,1,1,0,1,Skyrim.esm,1,false
006CF5:KataHiddenPowers.esp,Kata_P07_SP_Hook_I,Hook,,Voice,FireAndForget,Aimed,0,41,,true,0,1,25,0,0,EGO SE - KataPUMB Hidden Powers.esp,2,false
006CF6:KataHiddenPowers.esp,Kata_P07_SP_Hook_II,Hook,,Voice,FireAndForget,Aimed,0,88,,true,0,1,50,0,0,EGO SE - KataPUMB Hidden Powers.esp,2,false
006CF8:KataHiddenPowers.esp,Kata_P07_SP_Hook_III,Hook,,Voice,FireAndForget,Aimed,0,138,,true,0,1,75,0,0,EGO SE - KataPUMB Hidden Powers.esp,2,false
06720B:Skyrim.esm,_00E_A2_IronMaidenSP,Iron Maiden,,Voice,FireAndForget,Self,9,12,3,false,0,3,0,0,5,Enderal SE - Gameplay Overhaul.esp,2,false
02EA96:Enderal - Forgotten Stories.esm,_00E_Theriantrophist_SummonLaboratorySpell,Laboratory,,Voice,FireAndForget,Self,40,1365,,true,0,3,1,0,1,Enderal - Forgotten Stories.esm,1,false
001476:KataHiddenPowers.esp,Kata_P01_SP_FireBomb_I,Lava Bomb,,Voice,FireAndForget,Aimed,0,9,,true,0,1,35,25,1,EGO SE - KataPUMB Hidden Powers.esp,2,false
00147B:KataHiddenPowers.esp,Kata_P01_SP_FireBomb_II,Lava Bomb,,Voice,FireAndForget,Aimed,0,15,,true,0,1,55,25,1,EGO SE - KataPUMB Hidden Powers.esp,2,false
00147D:KataHiddenPowers.esp,Kata_P01_SP_FireBomb_III,Lava Bomb,,Voice,FireAndForget,Aimed,0,21,,true,0,1,75,25,1,EGO SE - KataPUMB Hidden Powers.esp,2,false
149755:Skyrim.esm,_00E_VoiceMyradPoisonBall03,Poison Cloud,,Voice,FireAndForget,Aimed,0,0,,true,0,1,5,15,30,Enderal SE - Gameplay Overhaul.esp,2,false
149752:Skyrim.esm,_00E_VoiceMyradPoison03,Poisonous Breath,,Voice,Concentration,Aimed,5,0,,true,0,2,25,0,1,Enderal SE - Gameplay Overhaul.esp,2,false
067225:Skyrim.esm,_00E_A1_RocksolidSP,Rocksolid,,Voice,FireAndForget,Self,21879,16312,-5567,false,0,4,0,0,12,Enderal SE - Gameplay Overhaul.esp,2,false
0F862C:Skyrim.esm,_00E_A1_ShadowtongueOilSP,Schattenzungenöl,,Voice,FireAndForget,Aimed,0,9883,,true,0,7,1,0,1,Enderal SE - Gameplay Overhaul.esp,2,false
07FB4B:Skyrim.esm,_00E_A0_ShadowOfTheWindSP,Shadow of the Wind,,Voice,FireAndForget,Self,1513,1771,258,false,0,3,0,0,30,Enderal SE - Gameplay Overhaul.esp,2,false
111E23:Skyrim.esm,_00E_A2_ShocknovaSP,Shock Nova,,Voice,FireAndForget,Self,21693,18079,-3614,false,0,7,15,0,1,Enderal SE - Gameplay Overhaul.esp,2,false
067221:Skyrim.esm,_00E_A1_SkaraggStanceSP,Skaraggian Stance,,Voice,FireAndForget,Self,8929,11146,,true,0,10,0,0,0,Enderal SE - Gameplay Overhaul.esp,2,false
006023:KataHiddenPowers.esp,Kata_P04_SP_SmokeCurtain_I,Smoke Curtain I,,Voice,FireAndForget,Self,0,0,0,false,0,1,1,0,7,KataHiddenPowers.esp,1,false
006028:KataHiddenPowers.esp,Kata_P04_SP_SmokeCurtain_II,Smoke Curtain II,,Voice,FireAndForget,Self,0,0,0,false,0,1,1,0,10,KataHiddenPowers.esp,1,false
00602A:KataHiddenPowers.esp,Kata_P04_SP_SmokeCurtain_III,Smoke Curtain III,,Voice,FireAndForget,Self,0,0,0,false,0,1,1,0,14,KataHiddenPowers.esp,1,false
002E0B:KataHiddenPowers.esp,Kata_P02_SP_BecomeEthereal_I,Spirit Realm,,Voice,FireAndForget,Self,0,0,0,false,0,1,0,0,6,EGO SE - KataPUMB Hidden Powers.esp,2,false
002E0C:KataHiddenPowers.esp,Kata_P02_SP_BecomeEthereal_II,Spirit Realm,,Voice,FireAndForget,Self,0,0,0,false,0,1,0,0,12,EGO SE - KataPUMB Hidden Powers.esp,2,false
002E0E:KataHiddenPowers.esp,Kata_P02_SP_BecomeEthereal_III,Spirit Realm,,Voice,FireAndForget,Self,0,0,0,false,0,1,0,0,18,EGO SE - KataPUMB Hidden Powers.esp,2,false
06953B:Skyrim.esm,_00E_A2_StarlingdummySP,Starling Dummy,,Voice,FireAndForget,Self,0,56660,,true,0,6,25,0,10,Enderal SE - Gameplay Overhaul.esp,2,false
002C92:Enderal SE - Gameplay Overhaul.esp,crDwarvenCenturionSteamBreath50,Steam breath,,Voice,Concentration,Aimed,0,265,,true,0,1,37,0,1,Enderal SE - Gameplay Overhaul.esp,1,false
090355:Skyrim.esm,crDwarvenCenturionSteamBreath60,Steam breath,,Voice,Concentration,Aimed,0,329,,true,0,1,45,0,1,Enderal SE - Gameplay Overhaul.esp,2,false
10E754:Skyrim.esm,crDwarvenCenturionSteamBreath30,Steam breath,,Voice,Concentration,Aimed,0,234,,true,0,1,33,0,1,Enderal SE - Gameplay Overhaul.esp,2,false
02EFD7:Enderal - Forgotten Stories.esm,_00E_Theriantrophist_ToggleDetectLife,Switch Instinct,,Voice,FireAndForget,Self,0,0,,true,0,1,0,0,0,Enderal - Forgotten Stories.esm,1,false
02E750:Enderal - Forgotten Stories.esm,_00E_Theriantrophist_TransformBack,Transform Back,,Voice,FireAndForget,Self,0,0,,true,0,1,0,0,0,Enderal - Forgotten Stories.esm,1,false
013E09:Skyrim.esm,VoiceUnrelentingForce1,Unrelenting Force - Fus,,Voice,FireAndForget,Aimed,2,2,0,false,0,2,0.75,0,0,Skyrim.esm,1,false
0B6E54:Skyrim.esm,_00E_A2_WellOfLifeSP,Well of Life,,Voice,FireAndForget,Self,14414,7208,-7206,false,0,4,30,0,10,Enderal SE - Gameplay Overhaul.esp,2,false
029BA3:Enderal - Forgotten Stories.esm,_00E_Theriantrophist_WolfFormSP,Wolf Form,,Voice,FireAndForget,Self,0,0,,true,0,1,0,0,60,Enderal - Forgotten Stories.esm,1,false
0008E7:SCSI-ACTbfco-Main.esp,bfco_weaponhitN,[staggerN],,Voice,FireAndForget,Touch,0,4,4,false,0,1,0.25,0,0,SCSI-ACTbfco-Main.esp,1,false
